method	path	controller	authentication	tenant_scope_evidence	authorization_evidence	mapping_conditions	deprecated	version	owner	usage	eol
DELETE	/api/account/connections/native/{provider}/pairing	ooo.klae.connex.backend.controllers.NativeConnectController#cancelPairing	authenticated	MVC workspace resolution attempted for authenticated User; effective scope delegated	NativeConnectService#cancelPairing:domain authorization	params=[];headers=[];version=;consumes=[];produces=[] / params=[];headers=[];version=;consumes=[];produces=[]	false	unversioned	Backend maintainers	not measured; see API_SURFACE.md	not scheduled
DELETE	/api/account/connections/{provider}	ooo.klae.connex.backend.controllers.ProviderConnectionController#disconnect	authenticated	MVC workspace resolution attempted for authenticated User; effective scope delegated	ProviderConnectionService#disconnect:domain authorization	params=[];headers=[];version=;consumes=[];produces=[] / params=[];headers=[];version=;consumes=[];produces=[]	false	unversioned	Backend maintainers	not measured; see API_SURFACE.md	not scheduled
DELETE	/api/account/connections/{provider}/captured-data	ooo.klae.connex.backend.controllers.ProviderCaptureController#purge	authenticated	MVC workspace resolution attempted for authenticated User; effective scope delegated	ProviderCaptureErasureService#eraseCurrent:domain authorization	params=[];headers=[];version=;consumes=[];produces=[] / params=[];headers=[];version=;consumes=[];produces=[]	false	unversioned	Backend maintainers	not measured; see API_SURFACE.md	not scheduled
DELETE	/api/account/connections/{provider}/retained-data	ooo.klae.connex.backend.controllers.ProviderConnectionController#eraseAllCapturedDataAndReset	authenticated	MVC workspace resolution attempted for authenticated User; effective scope delegated	ProviderConnectionService#eraseAllCapturedDataAndReset:domain authorization	params=[];headers=[];version=;consumes=[];produces=[] / params=[];headers=[];version=;consumes=[];produces=[]	false	unversioned	Backend maintainers	not measured; see API_SURFACE.md	not scheduled
DELETE	/api/activities/{id}	ooo.klae.connex.backend.controllers.ActivityController#deleteActivity	authenticated	MVC workspace resolution attempted for authenticated User; effective scope delegated	ActivityService#delete:ACTIVITY_DELETE	params=[];headers=[];version=;consumes=[];produces=[] / params=[];headers=[];version=;consumes=[];produces=[]	false	unversioned	Backend maintainers	not measured; see API_SURFACE.md	not scheduled
DELETE	/api/ai/assistant/sessions/{id:\d+}	ooo.klae.connex.backend.controllers.AiAssistantController#archive	authenticated	MVC workspace resolution attempted for authenticated User; effective scope delegated	AiAssistantService#archive:AI_USE	params=[];headers=[];version=;consumes=[];produces=[] / params=[];headers=[];version=;consumes=[];produces=[]	false	unversioned	Backend maintainers	not measured; see API_SURFACE.md	not scheduled
DELETE	/api/ai/assistant/sessions/{id:\d+}/leave	ooo.klae.connex.backend.controllers.AiAssistantController#leave	authenticated	MVC workspace resolution attempted for authenticated User; effective scope delegated	AiAssistantService#leave:AI_USE	params=[];headers=[];version=;consumes=[];produces=[] / params=[];headers=[];version=;consumes=[];produces=[]	false	unversioned	Backend maintainers	not measured; see API_SURFACE.md	not scheduled
DELETE	/api/ai/assistant/sessions/{id:\d+}/participants/{userId:\d+}	ooo.klae.connex.backend.controllers.AiAssistantController#removeParticipant	authenticated	MVC workspace resolution attempted for authenticated User; effective scope delegated	AiAssistantService#removeParticipant:AI_SESSION_SHARE	params=[];headers=[];version=;consumes=[];produces=[] / params=[];headers=[];version=;consumes=[];produces=[]	false	unversioned	Backend maintainers	not measured; see API_SURFACE.md	not scheduled
DELETE	/api/ai/assistant/sessions/{id:\d+}/presence	ooo.klae.connex.backend.controllers.AiAssistantController#leavePresence	authenticated	MVC workspace resolution attempted for authenticated User; effective scope delegated	AiAssistantService#leavePresence:AI_USE	params=[];headers=[];version=;consumes=[];produces=[] / params=[];headers=[];version=;consumes=[];produces=[]	false	unversioned	Backend maintainers	not measured; see API_SURFACE.md	not scheduled
DELETE	/api/ai/assistant/sessions/{sessionId:\d+}/attachments/{attachmentId:\d+}	ooo.klae.connex.backend.controllers.AiAssistantController#deleteAttachment	authenticated	MVC workspace resolution attempted for authenticated User; effective scope delegated	AiChatAttachmentService#delete:AI_USE	params=[];headers=[];version=;consumes=[];produces=[] / params=[];headers=[];version=;consumes=[];produces=[]	false	unversioned	Backend maintainers	not measured; see API_SURFACE.md	not scheduled
DELETE	/api/ai/assistant/watches/{id}	ooo.klae.connex.backend.controllers.AiAssistantProactiveController#deleteWatch	authenticated	MVC workspace resolution attempted for authenticated User; effective scope delegated	AiWatchService#delete:AI_USE	params=[];headers=[];version=;consumes=[];produces=[] / params=[];headers=[];version=;consumes=[];produces=[]	false	unversioned	Backend maintainers	not measured; see API_SURFACE.md	not scheduled
DELETE	/api/ai/provider	ooo.klae.connex.backend.controllers.AiProviderConfigController#revoke	authenticated	MVC workspace resolution attempted for authenticated User; effective scope delegated	AiProviderConfigService#revoke:domain authorization; AuthService#getCurrentUser:domain authorization	params=[];headers=[];version=;consumes=[];produces=[] / params=[];headers=[];version=;consumes=[];produces=[]	false	unversioned	Backend maintainers	not measured; see API_SURFACE.md	not scheduled
DELETE	/api/api-credentials/{id:\d+}	ooo.klae.connex.backend.controllers.ApiCredentialController#revoke	authenticated	MVC workspace resolution attempted for authenticated User; effective scope delegated	API_CREDENTIAL_MANAGE; ApiCredentialService#revoke:API_CREDENTIAL_MANAGE	params=[];headers=[];version=;consumes=[];produces=[] / params=[];headers=[];version=;consumes=[];produces=[]	false	unversioned	Backend maintainers	not measured; see API_SURFACE.md	not scheduled
DELETE	/api/approval-policies/{id}	ooo.klae.connex.backend.controllers.ApprovalPolicyController#delete	authenticated	MVC workspace resolution attempted for authenticated User; effective scope delegated	ApprovalPolicyService#delete:DOCUMENT_MANAGE	params=[];headers=[];version=;consumes=[];produces=[] / params=[];headers=[];version=;consumes=[];produces=[]	false	unversioned	Backend maintainers	not measured; see API_SURFACE.md	not scheduled
DELETE	/api/attachments/{id}	ooo.klae.connex.backend.controllers.AttachmentController#deleteAttachment	authenticated	MVC workspace resolution attempted for authenticated User; effective scope delegated	AttachmentService#delete:ATTACHMENT_DELETE	params=[];headers=[];version=;consumes=[];produces=[] / params=[];headers=[];version=;consumes=[];produces=[]	false	unversioned	Backend maintainers	not measured; see API_SURFACE.md	not scheduled
DELETE	/api/attachments/{id}/quarantine	ooo.klae.connex.backend.controllers.AttachmentQuarantineController#delete	authenticated	MVC workspace resolution attempted for authenticated User; effective scope delegated	AttachmentQuarantineService#delete:ATTACHMENT_QUARANTINE_MANAGE	params=[];headers=[];version=;consumes=[];produces=[] / params=[];headers=[];version=;consumes=[];produces=[]	false	unversioned	Backend maintainers	not measured; see API_SURFACE.md	not scheduled
DELETE	/api/attachments/{id}/tags/{tagId}	ooo.klae.connex.backend.controllers.AttachmentController#removeTagFromAttachment	authenticated	MVC workspace resolution attempted for authenticated User; effective scope delegated	AttachmentService#removeTag:ATTACHMENT_CREATE	params=[];headers=[];version=;consumes=[];produces=[] / params=[];headers=[];version=;consumes=[];produces=[]	false	unversioned	Backend maintainers	not measured; see API_SURFACE.md	not scheduled
DELETE	/api/auth/webauthn/credentials/{credentialId}	ooo.klae.connex.backend.controllers.WebAuthnController#deleteCredential	authenticated	no MVC workspace resolution; domain scope if applicable	AuditService#recordFailureScoped:domain authorization; AuthService#getCurrentUser:domain authorization; SessionSecurityService#requireRecentAuthentication:domain authorization; WebAuthnService#delete:domain authorization	params=[];headers=[];version=;consumes=[];produces=[] / params=[];headers=[];version=;consumes=[];produces=[]	false	unversioned	Backend maintainers	not measured; see API_SURFACE.md	not scheduled
DELETE	/api/campaigns/{id}	ooo.klae.connex.backend.controllers.CampaignController#delete	authenticated	MVC workspace resolution attempted for authenticated User; effective scope delegated	CAMPAIGN_MANAGE; CampaignService#delete:CAMPAIGN_MANAGE	params=[];headers=[];version=;consumes=[];produces=[] / params=[];headers=[];version=;consumes=[];produces=[]	false	unversioned	Backend maintainers	not measured; see API_SURFACE.md	not scheduled
DELETE	/api/comments/{commentId}	ooo.klae.connex.backend.controllers.RecordCommentController#deleteComment	authenticated	MVC workspace resolution attempted for authenticated User; effective scope delegated	RecordCommentService#deleteComment:COMMENT_CREATE	params=[];headers=[];version=;consumes=[];produces=[] / params=[];headers=[];version=;consumes=[];produces=[]	false	unversioned	Backend maintainers	not measured; see API_SURFACE.md	not scheduled
DELETE	/api/comments/{commentId}/reactions/{reaction}	ooo.klae.connex.backend.controllers.RecordCommentController#removeReaction	authenticated	MVC workspace resolution attempted for authenticated User; effective scope delegated	COMMENT_CREATE; RecordCommentService#removeReaction:COMMENT_CREATE	params=[];headers=[];version=;consumes=[];produces=[] / params=[];headers=[];version=;consumes=[];produces=[]	false	unversioned	Backend maintainers	not measured; see API_SURFACE.md	not scheduled
DELETE	/api/companies/{id}/tags/{tagId}	ooo.klae.connex.backend.controllers.CompanyController#removeTagFromCompany	authenticated	MVC workspace resolution attempted for authenticated User; effective scope delegated	CompanyService#removeTag:COMPANY_UPDATE	params=[];headers=[];version=;consumes=[];produces=[] / params=[];headers=[];version=;consumes=[];produces=[]	false	unversioned	Backend maintainers	not measured; see API_SURFACE.md	not scheduled
DELETE	/api/custom-fields/{id}	ooo.klae.connex.backend.controllers.CustomFieldController#delete	authenticated	MVC workspace resolution attempted for authenticated User; effective scope delegated	CustomFieldDefinitionService#delete:CUSTOM_FIELD_MANAGE	params=[];headers=[];version=;consumes=[];produces=[] / params=[];headers=[];version=;consumes=[];produces=[]	false	unversioned	Backend maintainers	not measured; see API_SURFACE.md	not scheduled
DELETE	/api/dashboard-layout	ooo.klae.connex.backend.controllers.DashboardLayoutController#reset	authenticated	MVC workspace resolution attempted for authenticated User; effective scope delegated	DashboardLayoutService#resetLayout:domain authorization	params=[];headers=[];version=;consumes=[];produces=[] / params=[];headers=[];version=;consumes=[];produces=[]	false	unversioned	Backend maintainers	not measured; see API_SURFACE.md	not scheduled
DELETE	/api/deals/{dealId}/documents/{documentId}	ooo.klae.connex.backend.controllers.DealDocumentController#delete	authenticated	MVC workspace resolution attempted for authenticated User; effective scope delegated	DealDocumentService#delete:DEAL_UPDATE	params=[];headers=[];version=;consumes=[];produces=[] / params=[];headers=[];version=;consumes=[];produces=[]	false	unversioned	Backend maintainers	not measured; see API_SURFACE.md	not scheduled
DELETE	/api/deals/{dealId}/line-items/{itemId}	ooo.klae.connex.backend.controllers.DealLineItemController#delete	authenticated	MVC workspace resolution attempted for authenticated User; effective scope delegated	DealLineItemService#delete:DEAL_UPDATE	params=[];headers=[];version=;consumes=[];produces=[] / params=[];headers=[];version=;consumes=[];produces=[]	false	unversioned	Backend maintainers	not measured; see API_SURFACE.md	not scheduled
DELETE	/api/deals/{id}	ooo.klae.connex.backend.controllers.DealController#deleteDeal	authenticated	MVC workspace resolution attempted for authenticated User; effective scope delegated	DealService#delete:DEAL_DELETE	params=[];headers=[];version=;consumes=[];produces=[] / params=[];headers=[];version=;consumes=[];produces=[]	false	unversioned	Backend maintainers	not measured; see API_SURFACE.md	not scheduled
DELETE	/api/deals/{id}/people/{personId}	ooo.klae.connex.backend.controllers.DealController#removePersonFromDeal	authenticated	MVC workspace resolution attempted for authenticated User; effective scope delegated	DealService#removePerson:DEAL_UPDATE	params=[];headers=[];version=;consumes=[];produces=[] / params=[];headers=[];version=;consumes=[];produces=[]	false	unversioned	Backend maintainers	not measured; see API_SURFACE.md	not scheduled
DELETE	/api/deals/{id}/tags/{tagId}	ooo.klae.connex.backend.controllers.DealController#removeTagFromDeal	authenticated	MVC workspace resolution attempted for authenticated User; effective scope delegated	DealService#removeTag:DEAL_UPDATE	params=[];headers=[];version=;consumes=[];produces=[] / params=[];headers=[];version=;consumes=[];produces=[]	false	unversioned	Backend maintainers	not measured; see API_SURFACE.md	not scheduled
DELETE	/api/delivery/connectors/{connector}	ooo.klae.connex.backend.controllers.ConnectorConfigController#delete	authenticated	MVC workspace resolution attempted for authenticated User; effective scope delegated	ConnectorConfigService#delete:WORKSPACE_SETTINGS	params=[];headers=[];version=;consumes=[];produces=[] / params=[];headers=[];version=;consumes=[];produces=[]	false	unversioned	Backend maintainers	not measured; see API_SURFACE.md	not scheduled
DELETE	/api/delivery/providers/{channel}	ooo.klae.connex.backend.controllers.DeliveryProviderConfigController#delete	authenticated	MVC workspace resolution attempted for authenticated User; effective scope delegated	DeliveryProviderConfigService#delete:WORKSPACE_SETTINGS	params=[];headers=[];version=;consumes=[];produces=[] / params=[];headers=[];version=;consumes=[];produces=[]	false	unversioned	Backend maintainers	not measured; see API_SURFACE.md	not scheduled
DELETE	/api/disqualification-reasons/{id}	ooo.klae.connex.backend.controllers.DisqualificationReasonController#archive	authenticated	MVC workspace resolution attempted for authenticated User; effective scope delegated	DisqualificationReasonService#archive:WORKSPACE_SETTINGS	params=[];headers=[];version=;consumes=[];produces=[] / params=[];headers=[];version=;consumes=[];produces=[]	false	unversioned	Backend maintainers	not measured; see API_SURFACE.md	not scheduled
DELETE	/api/document-templates/{id}	ooo.klae.connex.backend.controllers.DocumentTemplateController#delete	authenticated	MVC workspace resolution attempted for authenticated User; effective scope delegated	DocumentTemplateService#delete:DOCUMENT_MANAGE	params=[];headers=[];version=;consumes=[];produces=[] / params=[];headers=[];version=;consumes=[];produces=[]	false	unversioned	Backend maintainers	not measured; see API_SURFACE.md	not scheduled
DELETE	/api/goals/{id}	ooo.klae.connex.backend.controllers.GoalController#delete	authenticated	MVC workspace resolution attempted for authenticated User; effective scope delegated	GOAL_MANAGE; GoalService#delete:GOAL_MANAGE	params=[];headers=[];version=;consumes=[];produces=[] / params=[];headers=[];version=;consumes=[];produces=[]	false	unversioned	Backend maintainers	not measured; see API_SURFACE.md	not scheduled
DELETE	/api/login/oauth2/code/*	OAuth2LoginAuthenticationFilter	permitAll; OAuth state/code verification	no MVC workspace resolution; handler-owned scope	framework authentication protocol	filter/handshake route; CSRF policy and protocol validation apply	false	unversioned	Backend maintainers	not measured; see API_SURFACE.md	not scheduled
DELETE	/api/login/saml2/sso/{registrationId}	Saml2WebSsoAuthenticationFilter	permitAll; SSO enabled; signed solicited response	no MVC workspace resolution; handler-owned scope	framework authentication protocol	filter/handshake route; CSRF policy and protocol validation apply	false	unversioned	Backend maintainers	not measured; see API_SURFACE.md	not scheduled
DELETE	/api/notes/{id}	ooo.klae.connex.backend.controllers.NoteController#deleteNote	authenticated	MVC workspace resolution attempted for authenticated User; effective scope delegated	NoteService#delete:NOTE_DELETE	params=[];headers=[];version=;consumes=[];produces=[] / params=[];headers=[];version=;consumes=[];produces=[]	false	unversioned	Backend maintainers	not measured; see API_SURFACE.md	not scheduled
DELETE	/api/oauth2/authorization/{registrationId}	OAuth2AuthorizationRequestRedirectFilter	permitAll; OAuth enabled	no MVC workspace resolution; handler-owned scope	framework authentication protocol	filter/handshake route; CSRF policy and protocol validation apply	false	unversioned	Backend maintainers	not measured; see API_SURFACE.md	not scheduled
DELETE	/api/orgs/{orgId}	ooo.klae.connex.backend.controllers.TenantTeardownController#teardownOrganization	authenticated	explicit lifecycle organization/workspace authorization	AuthService#getCurrentUser:domain authorization; TenantTeardownService#teardownOrganization:domain authorization	params=[];headers=[];version=;consumes=[];produces=[] / params=[];headers=[];version=;consumes=[];produces=[]	false	unversioned	Backend maintainers	not measured; see API_SURFACE.md	not scheduled
DELETE	/api/orgs/{orgId}/allowed-domains	ooo.klae.connex.backend.controllers.OrgAllowedDomainController#remove	authenticated	MVC workspace resolution attempted for authenticated User; effective scope delegated	AuthService#getCurrentUser:domain authorization; OrgAllowedDomainService#removeDomain:domain authorization	params=[];headers=[];version=;consumes=[];produces=[] / params=[];headers=[];version=;consumes=[];produces=[]	false	unversioned	Backend maintainers	not measured; see API_SURFACE.md	not scheduled
DELETE	/api/orgs/{orgId}/members/{userId}	ooo.klae.connex.backend.controllers.OrgMemberController#removeMember	authenticated	MVC workspace resolution attempted for authenticated User; effective scope delegated	AuthService#getCurrentUser:domain authorization; OrgMemberService#removeMember:domain authorization	params=[];headers=[];version=;consumes=[];produces=[] / params=[];headers=[];version=;consumes=[];produces=[]	false	unversioned	Backend maintainers	not measured; see API_SURFACE.md	not scheduled
DELETE	/api/orgs/{orgId}/workspaces/{workspaceId}	ooo.klae.connex.backend.controllers.TenantTeardownController#teardownWorkspace	authenticated	explicit lifecycle organization/workspace authorization	AuthService#getCurrentUser:domain authorization; TenantTeardownService#teardownWorkspace:domain authorization	params=[];headers=[];version=;consumes=[];produces=[] / params=[];headers=[];version=;consumes=[];produces=[]	false	unversioned	Backend maintainers	not measured; see API_SURFACE.md	not scheduled
DELETE	/api/persons/{id}/connections/{targetId}	ooo.klae.connex.backend.controllers.PersonController#removeConnection	authenticated	MVC workspace resolution attempted for authenticated User; effective scope delegated	ConnectionService#removeConnection:PERSON_UPDATE	params=[];headers=[];version=;consumes=[];produces=[] / params=[];headers=[];version=;consumes=[];produces=[]	false	unversioned	Backend maintainers	not measured; see API_SURFACE.md	not scheduled
DELETE	/api/persons/{id}/tags/{tagId}	ooo.klae.connex.backend.controllers.PersonController#removeTagFromPerson	authenticated	MVC workspace resolution attempted for authenticated User; effective scope delegated	PersonService#removeTag:PERSON_UPDATE	params=[];headers=[];version=;consumes=[];produces=[] / params=[];headers=[];version=;consumes=[];produces=[]	false	unversioned	Backend maintainers	not measured; see API_SURFACE.md	not scheduled
DELETE	/api/pipelines/stages/{id}	ooo.klae.connex.backend.controllers.PipelineController#deleteStage	authenticated	MVC workspace resolution attempted for authenticated User; effective scope delegated	PipelineService#deleteStage:PIPELINE_MANAGE	params=[];headers=[];version=;consumes=[];produces=[] / params=[];headers=[];version=;consumes=[];produces=[]	false	unversioned	Backend maintainers	not measured; see API_SURFACE.md	not scheduled
DELETE	/api/pipelines/{id}	ooo.klae.connex.backend.controllers.PipelineController#deletePipeline	authenticated	MVC workspace resolution attempted for authenticated User; effective scope delegated	PipelineService#deletePipeline:PIPELINE_MANAGE	params=[];headers=[];version=;consumes=[];produces=[] / params=[];headers=[];version=;consumes=[];produces=[]	false	unversioned	Backend maintainers	not measured; see API_SURFACE.md	not scheduled
DELETE	/api/products/{id}	ooo.klae.connex.backend.controllers.ProductController#delete	authenticated	MVC workspace resolution attempted for authenticated User; effective scope delegated	ProductService#delete:PRODUCT_MANAGE	params=[];headers=[];version=;consumes=[];produces=[] / params=[];headers=[];version=;consumes=[];produces=[]	false	unversioned	Backend maintainers	not measured; see API_SURFACE.md	not scheduled
DELETE	/api/qualification-criteria/{id}	ooo.klae.connex.backend.controllers.QualificationCriterionController#archive	authenticated	MVC workspace resolution attempted for authenticated User; effective scope delegated	QualificationCriterionService#archive:WORKSPACE_SETTINGS	params=[];headers=[];version=;consumes=[];produces=[] / params=[];headers=[];version=;consumes=[];produces=[]	false	unversioned	Backend maintainers	not measured; see API_SURFACE.md	not scheduled
DELETE	/api/reports/{id}	ooo.klae.connex.backend.controllers.ReportController#delete	authenticated	MVC workspace resolution attempted for authenticated User; effective scope delegated	REPORT_DELETE; ReportService#delete:REPORT_DELETE	params=[];headers=[];version=;consumes=[];produces=[] / params=[];headers=[];version=;consumes=[];produces=[]	false	unversioned	Backend maintainers	not measured; see API_SURFACE.md	not scheduled
DELETE	/api/reports/{id}/snapshots/{snapshotId}	ooo.klae.connex.backend.controllers.ReportController#deleteSnapshot	authenticated	MVC workspace resolution attempted for authenticated User; effective scope delegated	REPORT_DELETE; ReportService#deleteSnapshot:REPORT_DELETE	params=[];headers=[];version=;consumes=[];produces=[] / params=[];headers=[];version=;consumes=[];produces=[]	false	unversioned	Backend maintainers	not measured; see API_SURFACE.md	not scheduled
DELETE	/api/reports/{reportId}/schedule	ooo.klae.connex.backend.controllers.ScheduleController#delete	authenticated	MVC workspace resolution attempted for authenticated User; effective scope delegated	REPORT_UPDATE; ScheduleService#delete:REPORT_UPDATE	params=[];headers=[];version=;consumes=[];produces=[] / params=[];headers=[];version=;consumes=[];produces=[]	false	unversioned	Backend maintainers	not measured; see API_SURFACE.md	not scheduled
DELETE	/api/rules/{id}	ooo.klae.connex.backend.controllers.RuleController#delete	authenticated	MVC workspace resolution attempted for authenticated User; effective scope delegated	RuleService#delete:RULE_MANAGE	params=[];headers=[];version=;consumes=[];produces=[] / params=[];headers=[];version=;consumes=[];produces=[]	false	unversioned	Backend maintainers	not measured; see API_SURFACE.md	not scheduled
DELETE	/api/saved-views/defaults/{recordType}	ooo.klae.connex.backend.controllers.SavedViewController#resetDefault	authenticated	MVC workspace resolution attempted for authenticated User; effective scope delegated	SavedViewService#resetDefault:domain authorization	params=[];headers=[];version=;consumes=[];produces=[] / params=[];headers=[];version=;consumes=[];produces=[]	false	unversioned	Backend maintainers	not measured; see API_SURFACE.md	not scheduled
DELETE	/api/saved-views/{id:\d+}	ooo.klae.connex.backend.controllers.SavedViewController#delete	authenticated	MVC workspace resolution attempted for authenticated User; effective scope delegated	SavedViewService#delete:domain authorization	params=[];headers=[];version=;consumes=[];produces=[] / params=[];headers=[];version=;consumes=[];produces=[]	false	unversioned	Backend maintainers	not measured; see API_SURFACE.md	not scheduled
DELETE	/api/saved-views/{id:\d+}/pin	ooo.klae.connex.backend.controllers.SavedViewController#unpin	authenticated	MVC workspace resolution attempted for authenticated User; effective scope delegated	SavedViewService#unpin:domain authorization	params=[];headers=[];version=;consumes=[];produces=[] / params=[];headers=[];version=;consumes=[];produces=[]	false	unversioned	Backend maintainers	not measured; see API_SURFACE.md	not scheduled
DELETE	/api/sequences/{id}	ooo.klae.connex.backend.controllers.SequenceController#archive	authenticated	MVC workspace resolution attempted for authenticated User; effective scope delegated	SEQUENCE_MANAGE; SequenceService#archive:SEQUENCE_MANAGE	params=[];headers=[];version=;consumes=[];produces=[] / params=[];headers=[];version=;consumes=[];produces=[] / feature=connex.sequences:[enabled]=true;matchIfMissing=false	false	unversioned	Backend maintainers	not measured; see API_SURFACE.md	not scheduled
DELETE	/api/shares/{type}/{id}/{workspaceId}	ooo.klae.connex.backend.controllers.ShareController#unshare	authenticated	MVC workspace resolution attempted for authenticated User; effective scope delegated	ShareService#unshare:domain authorization	params=[];headers=[];version=;consumes=[];produces=[] / params=[];headers=[];version=;consumes=[];produces=[] / feature=:[connex.sharing.enabled]=true;matchIfMissing=true	false	unversioned	Backend maintainers	not measured; see API_SURFACE.md	not scheduled
DELETE	/api/suppressions/{id}	ooo.klae.connex.backend.controllers.SuppressionController#remove	authenticated	MVC workspace resolution attempted for authenticated User; effective scope delegated	CONSENT_MANAGE; SuppressionService#remove:CONSENT_MANAGE	params=[];headers=[];version=;consumes=[];produces=[] / params=[];headers=[];version=;consumes=[];produces=[]	false	unversioned	Backend maintainers	not measured; see API_SURFACE.md	not scheduled
DELETE	/api/tags/{id}	ooo.klae.connex.backend.controllers.TagController#deleteTag	authenticated	MVC workspace resolution attempted for authenticated User; effective scope delegated	TagService#delete:TAG_MANAGE	params=[];headers=[];version=;consumes=[];produces=[] / params=[];headers=[];version=;consumes=[];produces=[]	false	unversioned	Backend maintainers	not measured; see API_SURFACE.md	not scheduled
DELETE	/api/tasks/{id}	ooo.klae.connex.backend.controllers.TaskController#deleteTask	authenticated	MVC workspace resolution attempted for authenticated User; effective scope delegated	TaskService#delete:TASK_DELETE	params=[];headers=[];version=;consumes=[];produces=[] / params=[];headers=[];version=;consumes=[];produces=[]	false	unversioned	Backend maintainers	not measured; see API_SURFACE.md	not scheduled
DELETE	/api/teams/{id:\d+}/members/{userId:\d+}	ooo.klae.connex.backend.controllers.TeamController#removeMember	authenticated	MVC workspace resolution attempted for authenticated User; effective scope delegated	TEAM_MANAGE; TeamService#removeMember:TEAM_MANAGE	params=[];headers=[];version=;consumes=[];produces=[] / params=[];headers=[];version=;consumes=[];produces=[]	false	unversioned	Backend maintainers	not measured; see API_SURFACE.md	not scheduled
DELETE	/api/users/{id}	ooo.klae.connex.backend.controllers.UserController#deleteUser	authenticated	MVC workspace resolution attempted for authenticated User; effective scope delegated	UserService#delete:domain authorization	params=[];headers=[];version=;consumes=[];produces=[] / params=[];headers=[];version=;consumes=[];produces=[]	false	unversioned	Backend maintainers	not measured; see API_SURFACE.md	not scheduled
DELETE	/api/workspaces/{id}/allowed-domains	ooo.klae.connex.backend.controllers.WorkspaceController#removeAllowedDomain	authenticated	MVC workspace resolution attempted for authenticated User; effective scope delegated	AllowedDomainService#removeDomain:domain authorization; AuthService#getCurrentUser:domain authorization	params=[];headers=[];version=;consumes=[];produces=[] / params=[];headers=[];version=;consumes=[];produces=[]	false	unversioned	Backend maintainers	not measured; see API_SURFACE.md	not scheduled
DELETE	/api/workspaces/{id}/invite-links/{linkId}	ooo.klae.connex.backend.controllers.WorkspaceController#revokeInviteLink	authenticated	MVC workspace resolution attempted for authenticated User; effective scope delegated	AuthService#getCurrentUser:domain authorization; InviteLinkService#revokeLink:domain authorization	params=[];headers=[];version=;consumes=[];produces=[] / params=[];headers=[];version=;consumes=[];produces=[]	false	unversioned	Backend maintainers	not measured; see API_SURFACE.md	not scheduled
DELETE	/api/workspaces/{id}/invites/{inviteId}	ooo.klae.connex.backend.controllers.WorkspaceController#revokeInvite	authenticated	MVC workspace resolution attempted for authenticated User; effective scope delegated	AuthService#getCurrentUser:domain authorization; InviteService#revokeInvite:domain authorization	params=[];headers=[];version=;consumes=[];produces=[] / params=[];headers=[];version=;consumes=[];produces=[]	false	unversioned	Backend maintainers	not measured; see API_SURFACE.md	not scheduled
DELETE	/api/workspaces/{id}/mail-config	ooo.klae.connex.backend.controllers.WorkspaceMailConfigController#delete	authenticated	MVC workspace resolution attempted for authenticated User; effective scope delegated	AuthService#getCurrentUser:domain authorization; WorkspaceMailConfigService#deleteConfig:domain authorization	params=[];headers=[];version=;consumes=[];produces=[] / params=[];headers=[];version=;consumes=[];produces=[]	false	unversioned	Backend maintainers	not measured; see API_SURFACE.md	not scheduled
DELETE	/api/workspaces/{id}/members/{userId}	ooo.klae.connex.backend.controllers.WorkspaceController#removeMember	authenticated	MVC workspace resolution attempted for authenticated User; effective scope delegated	AuthService#getCurrentUser:domain authorization; WorkspaceService#removeMember:domain authorization	params=[];headers=[];version=;consumes=[];produces=[] / params=[];headers=[];version=;consumes=[];produces=[]	false	unversioned	Backend maintainers	not measured; see API_SURFACE.md	not scheduled
DELETE	/api/workspaces/{workspaceId}/roles/{roleId}	ooo.klae.connex.backend.controllers.RoleController#delete	authenticated	MVC workspace resolution attempted for authenticated User; effective scope delegated	AuthService#getCurrentUser:domain authorization; RoleService#deleteRole:domain authorization	params=[];headers=[];version=;consumes=[];produces=[] / params=[];headers=[];version=;consumes=[];produces=[]	false	unversioned	Backend maintainers	not measured; see API_SURFACE.md	not scheduled
DELETE	/saml2/authenticate	Saml2WebSsoAuthenticationRequestFilter	permitAll; SSO enabled	no MVC workspace resolution	SAML relying-party registration	Spring default; registrationId path variable or query parameter; CSRF policy applies	false	unversioned	Backend maintainers	not measured; see API_SURFACE.md	not scheduled
DELETE	/saml2/authenticate/{registrationId}	Saml2WebSsoAuthenticationRequestFilter	permitAll; SSO enabled	no MVC workspace resolution	SAML relying-party registration	Spring default; registrationId path variable or query parameter; CSRF policy applies	false	unversioned	Backend maintainers	not measured; see API_SURFACE.md	not scheduled
GET	/api/account/connections	ooo.klae.connex.backend.controllers.ProviderConnectionController#getConnections	authenticated	MVC workspace resolution attempted for authenticated User; effective scope delegated	ProviderConnectionService#getForCurrentUser:domain authorization	params=[];headers=[];version=;consumes=[];produces=[] / params=[];headers=[];version=;consumes=[];produces=[]	false	unversioned	Backend maintainers	not measured; see API_SURFACE.md	not scheduled
GET	/api/account/connections/callback/{provider}	ooo.klae.connex.backend.controllers.ProviderConnectionController#callback	authenticated	MVC workspace resolution attempted for authenticated User; effective scope delegated	ProviderConnectionService#completeCallback:domain authorization	params=[];headers=[];version=;consumes=[];produces=[] / params=[];headers=[];version=;consumes=[];produces=[]	false	unversioned	Backend maintainers	not measured; see API_SURFACE.md	not scheduled
GET	/api/account/connections/capture	ooo.klae.connex.backend.controllers.ProviderCaptureController#overview	authenticated	MVC workspace resolution attempted for authenticated User; effective scope delegated	ProviderCapturePolicyService#getCurrentOverview:domain authorization	params=[];headers=[];version=;consumes=[];produces=[] / params=[];headers=[];version=;consumes=[];produces=[]	false	unversioned	Backend maintainers	not measured; see API_SURFACE.md	not scheduled
GET	/api/account/connections/native/helper	ooo.klae.connex.backend.controllers.NativeConnectController#helper	authenticated	MVC workspace resolution attempted for authenticated User; effective scope delegated	NativeConnectService#helperScript:domain authorization	params=[];headers=[];version=;consumes=[];produces=[] / params=[];headers=[];version=;consumes=[];produces=[text/plain]	false	unversioned	Backend maintainers	not measured; see API_SURFACE.md	not scheduled
GET	/api/account/connections/native/{provider}/pairing	ooo.klae.connex.backend.controllers.NativeConnectController#pairingStatus	authenticated	MVC workspace resolution attempted for authenticated User; effective scope delegated	NativeConnectService#pairingStatus:domain authorization	params=[];headers=[];version=;consumes=[];produces=[] / params=[];headers=[];version=;consumes=[];produces=[]	false	unversioned	Backend maintainers	not measured; see API_SURFACE.md	not scheduled
GET	/api/account/connections/{provider}/reviews	ooo.klae.connex.backend.controllers.ProviderCaptureController#reviews	authenticated	MVC workspace resolution attempted for authenticated User; effective scope delegated	ProviderCaptureReviewService#page:domain authorization	params=[];headers=[];version=;consumes=[];produces=[] / params=[];headers=[];version=;consumes=[];produces=[]	false	unversioned	Backend maintainers	not measured; see API_SURFACE.md	not scheduled
GET	/api/activities	ooo.klae.connex.backend.controllers.ActivityController#getActivities	authenticated	MVC workspace resolution attempted for authenticated User; effective scope delegated	ActivityService#getActivitiesByCreatedById:domain authorization; ActivityService#getActivitiesByDealId:domain authorization; ActivityService#getActivitiesByPersonId:domain authorization; ActivityService#getActivitiesPage:domain authorization	params=[];headers=[];version=;consumes=[];produces=[] / params=[];headers=[];version=;consumes=[];produces=[]	false	unversioned	Backend maintainers	not measured; see API_SURFACE.md	not scheduled
GET	/api/activities/leaderboard	ooo.klae.connex.backend.controllers.ActivityController#getTeamLeaderboard	authenticated	MVC workspace resolution attempted for authenticated User; effective scope delegated	ActivityService#getTeamLeaderboard:domain authorization	params=[];headers=[];version=;consumes=[];produces=[] / params=[];headers=[];version=;consumes=[];produces=[]	false	unversioned	Backend maintainers	not measured; see API_SURFACE.md	not scheduled
GET	/api/activities/page	ooo.klae.connex.backend.controllers.ActivityController#getActivitiesPage	authenticated	MVC workspace resolution attempted for authenticated User; effective scope delegated	ActivityService#countActivities:domain authorization; ActivityService#getActivitiesPage:domain authorization	params=[];headers=[];version=;consumes=[];produces=[] / params=[];headers=[];version=;consumes=[];produces=[]	false	unversioned	Backend maintainers	not measured; see API_SURFACE.md	not scheduled
GET	/api/activities/upcoming-count	ooo.klae.connex.backend.controllers.ActivityController#getUpcomingCount	authenticated	MVC workspace resolution attempted for authenticated User; effective scope delegated	ActivityService#getUpcomingCount:domain authorization	params=[];headers=[];version=;consumes=[];produces=[] / params=[];headers=[];version=;consumes=[];produces=[]	false	unversioned	Backend maintainers	not measured; see API_SURFACE.md	not scheduled
GET	/api/activities/volume	ooo.klae.connex.backend.controllers.ActivityController#getActivityVolume	authenticated	MVC workspace resolution attempted for authenticated User; effective scope delegated	ActivityService#getActivityVolume:domain authorization	params=[];headers=[];version=;consumes=[];produces=[] / params=[];headers=[];version=;consumes=[];produces=[]	false	unversioned	Backend maintainers	not measured; see API_SURFACE.md	not scheduled
GET	/api/activities/{id}	ooo.klae.connex.backend.controllers.ActivityController#getActivityById	authenticated	MVC workspace resolution attempted for authenticated User; effective scope delegated	ActivityService#getActivityById:domain authorization	params=[];headers=[];version=;consumes=[];produces=[] / params=[];headers=[];version=;consumes=[];produces=[]	false	unversioned	Backend maintainers	not measured; see API_SURFACE.md	not scheduled
GET	/api/ai/assistant/brief-schedule	ooo.klae.connex.backend.controllers.AiAssistantProactiveController#briefSchedule	authenticated	MVC workspace resolution attempted for authenticated User; effective scope delegated	AiBriefScheduleService#get:AI_USE	params=[];headers=[];version=;consumes=[];produces=[] / params=[];headers=[];version=;consumes=[];produces=[]	false	unversioned	Backend maintainers	not measured; see API_SURFACE.md	not scheduled
GET	/api/ai/assistant/command-center	ooo.klae.connex.backend.controllers.AiAssistantProactiveController#commandCenter	authenticated	MVC workspace resolution attempted for authenticated User; effective scope delegated	AiCommandCenterService#get:AI_USE	params=[];headers=[];version=;consumes=[];produces=[] / params=[];headers=[];version=;consumes=[];produces=[]	false	unversioned	Backend maintainers	not measured; see API_SURFACE.md	not scheduled
GET	/api/ai/assistant/sessions	ooo.klae.connex.backend.controllers.AiAssistantController#page	authenticated	MVC workspace resolution attempted for authenticated User; effective scope delegated	AiAssistantService#page:AI_USE	params=[];headers=[];version=;consumes=[];produces=[] / params=[];headers=[];version=;consumes=[];produces=[]	false	unversioned	Backend maintainers	not measured; see API_SURFACE.md	not scheduled
GET	/api/ai/assistant/sessions/invitations	ooo.klae.connex.backend.controllers.AiAssistantController#invitations	authenticated	MVC workspace resolution attempted for authenticated User; effective scope delegated	AiAssistantService#pageInvitations:AI_USE	params=[];headers=[];version=;consumes=[];produces=[] / params=[];headers=[];version=;consumes=[];produces=[]	false	unversioned	Backend maintainers	not measured; see API_SURFACE.md	not scheduled
GET	/api/ai/assistant/sessions/{id:\d+}	ooo.klae.connex.backend.controllers.AiAssistantController#get	authenticated	MVC workspace resolution attempted for authenticated User; effective scope delegated	AiAssistantService#get:AI_USE	params=[];headers=[];version=;consumes=[];produces=[] / params=[];headers=[];version=;consumes=[];produces=[]	false	unversioned	Backend maintainers	not measured; see API_SURFACE.md	not scheduled
GET	/api/ai/assistant/sessions/{id:\d+}/attachments	ooo.klae.connex.backend.controllers.AiAssistantController#listAttachments	authenticated	MVC workspace resolution attempted for authenticated User; effective scope delegated	AiChatAttachmentService#list:AI_USE	params=[];headers=[];version=;consumes=[];produces=[] / params=[];headers=[];version=;consumes=[];produces=[]	false	unversioned	Backend maintainers	not measured; see API_SURFACE.md	not scheduled
GET	/api/ai/assistant/sessions/{id:\d+}/participants	ooo.klae.connex.backend.controllers.AiAssistantController#participants	authenticated	MVC workspace resolution attempted for authenticated User; effective scope delegated	AiAssistantService#participants:AI_USE	params=[];headers=[];version=;consumes=[];produces=[] / params=[];headers=[];version=;consumes=[];produces=[]	false	unversioned	Backend maintainers	not measured; see API_SURFACE.md	not scheduled
GET	/api/ai/assistant/sessions/{id:\d+}/presence	ooo.klae.connex.backend.controllers.AiAssistantController#presence	authenticated	MVC workspace resolution attempted for authenticated User; effective scope delegated	AiAssistantService#presence:AI_USE	params=[];headers=[];version=;consumes=[];produces=[] / params=[];headers=[];version=;consumes=[];produces=[]	false	unversioned	Backend maintainers	not measured; see API_SURFACE.md	not scheduled
GET	/api/ai/assistant/sessions/{sessionId:\d+}/tool-calls	ooo.klae.connex.backend.controllers.AiAssistantController#listToolCalls	authenticated	MVC workspace resolution attempted for authenticated User; effective scope delegated	AiAssistantToolCallReadService#list:domain authorization	params=[];headers=[];version=;consumes=[];produces=[] / params=[];headers=[];version=;consumes=[];produces=[]	false	unversioned	Backend maintainers	not measured; see API_SURFACE.md	not scheduled
GET	/api/ai/assistant/sessions/{sessionId:\d+}/tool-calls/{toolCallId:\d+}	ooo.klae.connex.backend.controllers.AiAssistantController#getToolCall	authenticated	MVC workspace resolution attempted for authenticated User; effective scope delegated	AiAssistantToolCallReadService#get:domain authorization	params=[];headers=[];version=;consumes=[];produces=[] / params=[];headers=[];version=;consumes=[];produces=[]	false	unversioned	Backend maintainers	not measured; see API_SURFACE.md	not scheduled
GET	/api/ai/assistant/sessions/{sessionId:\d+}/turns/{turnId:\d+}	ooo.klae.connex.backend.controllers.AiAssistantController#getTurn	authenticated	MVC workspace resolution attempted for authenticated User; effective scope delegated	AiAssistantTurnService#get:AI_USE	params=[];headers=[];version=;consumes=[];produces=[] / params=[];headers=[];version=;consumes=[];produces=[]	false	unversioned	Backend maintainers	not measured; see API_SURFACE.md	not scheduled
GET	/api/ai/assistant/skills	ooo.klae.connex.backend.controllers.AiAssistantSkillController#list	authenticated	MVC workspace resolution attempted for authenticated User; effective scope delegated	AiSkillDirectoryService#list:AI_USE	params=[];headers=[];version=;consumes=[];produces=[] / params=[];headers=[];version=;consumes=[];produces=[]	false	unversioned	Backend maintainers	not measured; see API_SURFACE.md	not scheduled
GET	/api/ai/assistant/watches	ooo.klae.connex.backend.controllers.AiAssistantProactiveController#watches	authenticated	MVC workspace resolution attempted for authenticated User; effective scope delegated	AiWatchService#list:AI_USE	params=[];headers=[];version=;consumes=[];produces=[] / params=[];headers=[];version=;consumes=[];produces=[]	false	unversioned	Backend maintainers	not measured; see API_SURFACE.md	not scheduled
GET	/api/ai/budget	ooo.klae.connex.backend.controllers.AiOrganizationBudgetController#get	authenticated	MVC workspace resolution attempted for authenticated User; effective scope delegated	AiOrganizationBudgetService#getForWorkspace:domain authorization; AuthService#getCurrentUser:domain authorization	params=[];headers=[];version=;consumes=[];produces=[] / params=[];headers=[];version=;consumes=[];produces=[]	false	unversioned	Backend maintainers	not measured; see API_SURFACE.md	not scheduled
GET	/api/ai/generations/{handle}	ooo.klae.connex.backend.controllers.AiGenerationController#status	authenticated	MVC workspace resolution attempted for authenticated User; effective scope delegated	AiGenerationService#status:domain authorization	params=[];headers=[];version=;consumes=[];produces=[] / params=[];headers=[];version=;consumes=[];produces=[]	false	unversioned	Backend maintainers	not measured; see API_SURFACE.md	not scheduled
GET	/api/ai/governance	ooo.klae.connex.backend.controllers.AiWorkspaceGovernanceController#get	authenticated	MVC workspace resolution attempted for authenticated User; effective scope delegated	AiWorkspaceGovernanceService#getForWorkspace:domain authorization; AuthService#getCurrentUser:domain authorization	params=[];headers=[];version=;consumes=[];produces=[] / params=[];headers=[];version=;consumes=[];produces=[]	false	unversioned	Backend maintainers	not measured; see API_SURFACE.md	not scheduled
GET	/api/ai/provider	ooo.klae.connex.backend.controllers.AiProviderConfigController#get	authenticated	MVC workspace resolution attempted for authenticated User; effective scope delegated	AiProviderConfigService#getForWorkspace:domain authorization; AuthService#getCurrentUser:domain authorization	params=[];headers=[];version=;consumes=[];produces=[] / params=[];headers=[];version=;consumes=[];produces=[]	false	unversioned	Backend maintainers	not measured; see API_SURFACE.md	not scheduled
GET	/api/api-credentials	ooo.klae.connex.backend.controllers.ApiCredentialController#list	authenticated	MVC workspace resolution attempted for authenticated User; effective scope delegated	API_CREDENTIAL_MANAGE; ApiCredentialService#list:API_CREDENTIAL_MANAGE	params=[];headers=[];version=;consumes=[];produces=[] / params=[];headers=[];version=;consumes=[];produces=[]	false	unversioned	Backend maintainers	not measured; see API_SURFACE.md	not scheduled
GET	/api/approval-policies	ooo.klae.connex.backend.controllers.ApprovalPolicyController#getAll	authenticated	MVC workspace resolution attempted for authenticated User; effective scope delegated	ApprovalPolicyService#getAll:domain authorization	params=[];headers=[];version=;consumes=[];produces=[] / params=[];headers=[];version=;consumes=[];produces=[]	false	unversioned	Backend maintainers	not measured; see API_SURFACE.md	not scheduled
GET	/api/approvals/inbox	ooo.klae.connex.backend.controllers.ApprovalInboxController#inbox	authenticated	MVC workspace resolution attempted for authenticated User; effective scope delegated	DOCUMENT_APPROVE; DocumentApprovalService#inbox:DOCUMENT_APPROVE	params=[];headers=[];version=;consumes=[];produces=[] / params=[];headers=[];version=;consumes=[];produces=[]	false	unversioned	Backend maintainers	not measured; see API_SURFACE.md	not scheduled
GET	/api/attachments	ooo.klae.connex.backend.controllers.AttachmentController#getAttachments	authenticated	MVC workspace resolution attempted for authenticated User; effective scope delegated	AttachmentService#getAll:domain authorization; AttachmentService#getByEntity:domain authorization	params=[];headers=[];version=;consumes=[];produces=[] / params=[];headers=[];version=;consumes=[];produces=[]	false	unversioned	Backend maintainers	not measured; see API_SURFACE.md	not scheduled
GET	/api/attachments/by-url	ooo.klae.connex.backend.controllers.AttachmentController#getAttachmentByUrl	authenticated	MVC workspace resolution attempted for authenticated User; effective scope delegated	AttachmentService#getByUrl:ATTACHMENT_DELETE	params=[];headers=[];version=;consumes=[];produces=[] / params=[];headers=[];version=;consumes=[];produces=[]	false	unversioned	Backend maintainers	not measured; see API_SURFACE.md	not scheduled
GET	/api/attachments/content/{token:.+}	ooo.klae.connex.backend.controllers.AttachmentController#getAttachmentContent	authenticated	MVC workspace resolution attempted for authenticated User; effective scope delegated	AttachmentService#getManagedContent:domain authorization	params=[];headers=[];version=;consumes=[];produces=[] / params=[];headers=[];version=;consumes=[];produces=[]	false	unversioned	Backend maintainers	not measured; see API_SURFACE.md	not scheduled
GET	/api/attachments/facets	ooo.klae.connex.backend.controllers.AttachmentController#getAttachmentFacets	authenticated	MVC workspace resolution attempted for authenticated User; effective scope delegated	AttachmentService#facets:domain authorization	params=[];headers=[];version=;consumes=[];produces=[] / params=[];headers=[];version=;consumes=[];produces=[]	false	unversioned	Backend maintainers	not measured; see API_SURFACE.md	not scheduled
GET	/api/attachments/page	ooo.klae.connex.backend.controllers.AttachmentController#getAttachmentsPage	authenticated	MVC workspace resolution attempted for authenticated User; effective scope delegated	AttachmentService#countPage:domain authorization; AttachmentService#getPage:domain authorization	params=[];headers=[];version=;consumes=[];produces=[] / params=[];headers=[];version=;consumes=[];produces=[]	false	unversioned	Backend maintainers	not measured; see API_SURFACE.md	not scheduled
GET	/api/attachments/{id:\d+}	ooo.klae.connex.backend.controllers.AttachmentController#getAttachmentById	authenticated	MVC workspace resolution attempted for authenticated User; effective scope delegated	AttachmentService#getById:domain authorization	params=[];headers=[];version=;consumes=[];produces=[] / params=[];headers=[];version=;consumes=[];produces=[]	false	unversioned	Backend maintainers	not measured; see API_SURFACE.md	not scheduled
GET	/api/attachments/{id}/tags	ooo.klae.connex.backend.controllers.AttachmentController#getTagsForAttachment	authenticated	MVC workspace resolution attempted for authenticated User; effective scope delegated	AttachmentService#getTags:domain authorization	params=[];headers=[];version=;consumes=[];produces=[] / params=[];headers=[];version=;consumes=[];produces=[]	false	unversioned	Backend maintainers	not measured; see API_SURFACE.md	not scheduled
GET	/api/audit	ooo.klae.connex.backend.controllers.AuditController#getAuditLog	authenticated	MVC workspace resolution attempted for authenticated User; effective scope delegated	AuditService#forEntity:domain authorization; AuditService#recent:domain authorization; WorkspaceService#requirePermission:domain authorization; explicit:AUDIT_READ	params=[];headers=[];version=;consumes=[];produces=[] / params=[];headers=[];version=;consumes=[];produces=[]	false	unversioned	Backend maintainers	not measured; see API_SURFACE.md	not scheduled
GET	/api/audit/export	ooo.klae.connex.backend.controllers.AuditController#exportAuditLog	authenticated	MVC workspace resolution attempted for authenticated User; effective scope delegated	AuditService#exportForEntity:domain authorization; AuditService#exportRecent:domain authorization; WorkspaceService#requirePermission:domain authorization; explicit:AUDIT_READ	params=[];headers=[];version=;consumes=[];produces=[] / params=[];headers=[];version=;consumes=[];produces=[]	false	unversioned	Backend maintainers	not measured; see API_SURFACE.md	not scheduled
GET	/api/auth/csrf	ooo.klae.connex.backend.controllers.AuthController#csrf	permitAll	no MVC workspace resolution; domain scope if applicable	OneTimeLinkFlowCookie#ensureBrowserBinding:domain authorization; OneTimeLinkFlowService#establishBrowserBinding:domain authorization; SessionSecurityService#requestIdentity:domain authorization	params=[];headers=[];version=;consumes=[];produces=[] / params=[];headers=[];version=;consumes=[];produces=[]	false	unversioned	Backend maintainers	not measured; see API_SURFACE.md	not scheduled
GET	/api/auth/email-change/validate	ooo.klae.connex.backend.controllers.EmailChangeController#validate	permitAll	no MVC workspace resolution; domain scope if applicable	EmailChangeService#validateExchangedTokenHash:domain authorization; OneTimeLinkFlowService#require:domain authorization	params=[];headers=[];version=;consumes=[];produces=[]	false	unversioned	Backend maintainers	not measured; see API_SURFACE.md	not scheduled
GET	/api/auth/me	ooo.klae.connex.backend.controllers.AuthController#me	authenticated	no MVC workspace resolution; domain scope if applicable	AuthService#getCurrentUser:domain authorization	params=[];headers=[];version=;consumes=[];produces=[] / params=[];headers=[];version=;consumes=[];produces=[]	false	unversioned	Backend maintainers	not measured; see API_SURFACE.md	not scheduled
GET	/api/auth/reset-password/validate	ooo.klae.connex.backend.controllers.AuthController#validateResetToken	permitAll	no MVC workspace resolution; domain scope if applicable	OneTimeLinkFlowService#require:domain authorization; PasswordResetService#validateExchangedTokenHash:domain authorization	params=[];headers=[];version=;consumes=[];produces=[] / params=[];headers=[];version=;consumes=[];produces=[]	false	unversioned	Backend maintainers	not measured; see API_SURFACE.md	not scheduled
GET	/api/auth/social-login/providers	ooo.klae.connex.backend.controllers.SocialLoginController#providers	permitAll	no MVC workspace resolution; domain scope if applicable	SocialLoginClientRegistrations#isGoogleEnabled:domain authorization; SocialLoginClientRegistrations#isMicrosoftEnabled:domain authorization	params=[];headers=[];version=;consumes=[];produces=[] / params=[];headers=[];version=;consumes=[];produces=[]	false	unversioned	Backend maintainers	not measured; see API_SURFACE.md	not scheduled
GET	/api/auth/sso/config	ooo.klae.connex.backend.controllers.SsoConnectionController#get	permitAll	no MVC workspace resolution; domain scope if applicable	AuthService#getCurrentUser:domain authorization; SsoConnectionService#getForWorkspace:domain authorization	params=[];headers=[];version=;consumes=[];produces=[] / params=[];headers=[];version=;consumes=[];produces=[]	false	unversioned	Backend maintainers	not measured; see API_SURFACE.md	not scheduled
GET	/api/auth/sso/discover	ooo.klae.connex.backend.controllers.SsoConnectionController#discover	permitAll	no MVC workspace resolution; domain scope if applicable	SsoConnectionService#discoverByEmail:domain authorization	params=[];headers=[];version=;consumes=[];produces=[] / params=[];headers=[];version=;consumes=[];produces=[]	false	unversioned	Backend maintainers	not measured; see API_SURFACE.md	not scheduled
GET	/api/auth/sso/enabled	ooo.klae.connex.backend.controllers.SsoConnectionController#enabled	permitAll	no MVC workspace resolution; domain scope if applicable	SsoConnectionService#isInstanceEnabled:domain authorization	params=[];headers=[];version=;consumes=[];produces=[] / params=[];headers=[];version=;consumes=[];produces=[]	false	unversioned	Backend maintainers	not measured; see API_SURFACE.md	not scheduled
GET	/api/auth/sso/link/validate	ooo.klae.connex.backend.controllers.SsoLinkController#validate	permitAll	no MVC workspace resolution; domain scope if applicable	OneTimeLinkFlowService#require:domain authorization; SsoLinkService#validateChallengeHash:domain authorization	params=[];headers=[];version=;consumes=[];produces=[] / params=[];headers=[];version=;consumes=[];produces=[]	false	unversioned	Backend maintainers	not measured; see API_SURFACE.md	not scheduled
GET	/api/auth/verify-email/validate	ooo.klae.connex.backend.controllers.RegistrationVerificationController#validate	permitAll	no MVC workspace resolution; domain scope if applicable	OneTimeLinkFlowService#require:domain authorization; RegistrationVerificationService#validateExchangedTokenHash:domain authorization	params=[];headers=[];version=;consumes=[];produces=[]	false	unversioned	Backend maintainers	not measured; see API_SURFACE.md	not scheduled
GET	/api/auth/webauthn/credentials	ooo.klae.connex.backend.controllers.WebAuthnController#listCredentials	authenticated	no MVC workspace resolution; domain scope if applicable	AuthService#getCurrentUser:domain authorization; WebAuthnService#listForUser:domain authorization	params=[];headers=[];version=;consumes=[];produces=[] / params=[];headers=[];version=;consumes=[];produces=[]	false	unversioned	Backend maintainers	not measured; see API_SURFACE.md	not scheduled
GET	/api/auth/webauthn/register/requirements	ooo.klae.connex.backend.controllers.WebAuthnController#registrationRequirements	authenticated	no MVC workspace resolution; domain scope if applicable	AuthService#getCurrentUser:domain authorization; AuthService#hasPasswordCredential:domain authorization; PasskeyBootstrapConfirmationService#isRequiredFor:domain authorization; PasskeyBootstrapConfirmationService#isSatisfiedFor:domain authorization; WebAuthnService#hasPasskey:domain authorization	params=[];headers=[];version=;consumes=[];produces=[] / params=[];headers=[];version=;consumes=[];produces=[]	false	unversioned	Backend maintainers	not measured; see API_SURFACE.md	not scheduled
GET	/api/business-cards/availability	ooo.klae.connex.backend.controllers.BusinessCardController#availability	authenticated	MVC workspace resolution attempted for authenticated User; effective scope delegated	BusinessCardService#availability:PERSON_CREATE	params=[];headers=[];version=;consumes=[];produces=[] / params=[];headers=[];version=;consumes=[];produces=[]	false	unversioned	Backend maintainers	not measured; see API_SURFACE.md	not scheduled
GET	/api/business-cards/import	ooo.klae.connex.backend.controllers.BusinessCardController#importStatus	authenticated	MVC workspace resolution attempted for authenticated User; effective scope delegated	BusinessCardService#importStatus:PERSON_CREATE	params=[];headers=[];version=;consumes=[];produces=[] / params=[];headers=[];version=;consumes=[];produces=[]	false	unversioned	Backend maintainers	not measured; see API_SURFACE.md	not scheduled
GET	/api/campaigns	ooo.klae.connex.backend.controllers.CampaignController#list	authenticated	MVC workspace resolution attempted for authenticated User; effective scope delegated	CAMPAIGN_VIEW; CampaignService#list:CAMPAIGN_VIEW	params=[];headers=[];version=;consumes=[];produces=[] / params=[];headers=[];version=;consumes=[];produces=[]	false	unversioned	Backend maintainers	not measured; see API_SURFACE.md	not scheduled
GET	/api/campaigns/{id}	ooo.klae.connex.backend.controllers.CampaignController#get	authenticated	MVC workspace resolution attempted for authenticated User; effective scope delegated	CAMPAIGN_VIEW; CampaignService#get:CAMPAIGN_VIEW	params=[];headers=[];version=;consumes=[];produces=[] / params=[];headers=[];version=;consumes=[];produces=[]	false	unversioned	Backend maintainers	not measured; see API_SURFACE.md	not scheduled
GET	/api/campaigns/{id}/audience	ooo.klae.connex.backend.controllers.CampaignController#getAudience	authenticated	MVC workspace resolution attempted for authenticated User; effective scope delegated	CAMPAIGN_VIEW; CampaignService#getAudience:CAMPAIGN_VIEW	params=[];headers=[];version=;consumes=[];produces=[] / params=[];headers=[];version=;consumes=[];produces=[]	false	unversioned	Backend maintainers	not measured; see API_SURFACE.md	not scheduled
GET	/api/campaigns/{id}/audience/snapshots	ooo.klae.connex.backend.controllers.CampaignController#listSnapshots	authenticated	MVC workspace resolution attempted for authenticated User; effective scope delegated	CAMPAIGN_VIEW; CampaignService#listSnapshots:CAMPAIGN_VIEW	params=[];headers=[];version=;consumes=[];produces=[] / params=[];headers=[];version=;consumes=[];produces=[]	false	unversioned	Backend maintainers	not measured; see API_SURFACE.md	not scheduled
GET	/api/campaigns/{id}/audience/snapshots/{version}	ooo.klae.connex.backend.controllers.CampaignController#getSnapshot	authenticated	MVC workspace resolution attempted for authenticated User; effective scope delegated	CAMPAIGN_VIEW; CampaignService#getSnapshot:CAMPAIGN_VIEW	params=[];headers=[];version=;consumes=[];produces=[] / params=[];headers=[];version=;consumes=[];produces=[]	false	unversioned	Backend maintainers	not measured; see API_SURFACE.md	not scheduled
GET	/api/campaigns/{id}/engagement	ooo.klae.connex.backend.controllers.CampaignEngagementController#engagement	authenticated	MVC workspace resolution attempted for authenticated User; effective scope delegated	CAMPAIGN_VIEW; CampaignEngagementService#getCampaignEngagement:CAMPAIGN_VIEW	params=[];headers=[];version=;consumes=[];produces=[] / params=[];headers=[];version=;consumes=[];produces=[]	false	unversioned	Backend maintainers	not measured; see API_SURFACE.md	not scheduled
GET	/api/campaigns/{id}/exports	ooo.klae.connex.backend.controllers.CampaignExportController#list	authenticated	MVC workspace resolution attempted for authenticated User; effective scope delegated	AudienceExportService#listExports:CAMPAIGN_VIEW; CAMPAIGN_VIEW	params=[];headers=[];version=;consumes=[];produces=[] / params=[];headers=[];version=;consumes=[];produces=[]	false	unversioned	Backend maintainers	not measured; see API_SURFACE.md	not scheduled
GET	/api/campaigns/{id}/exports/{exportId}	ooo.klae.connex.backend.controllers.CampaignExportController#get	authenticated	MVC workspace resolution attempted for authenticated User; effective scope delegated	AudienceExportService#getExport:CAMPAIGN_VIEW; CAMPAIGN_VIEW	params=[];headers=[];version=;consumes=[];produces=[] / params=[];headers=[];version=;consumes=[];produces=[]	false	unversioned	Backend maintainers	not measured; see API_SURFACE.md	not scheduled
GET	/api/campaigns/{id}/messages	ooo.klae.connex.backend.controllers.CampaignMessageController#list	authenticated	MVC workspace resolution attempted for authenticated User; effective scope delegated	CAMPAIGN_VIEW; CampaignSendService#listMessages:CAMPAIGN_VIEW	params=[];headers=[];version=;consumes=[];produces=[] / params=[];headers=[];version=;consumes=[];produces=[]	false	unversioned	Backend maintainers	not measured; see API_SURFACE.md	not scheduled
GET	/api/campaigns/{id}/messages/{messageId}	ooo.klae.connex.backend.controllers.CampaignMessageController#get	authenticated	MVC workspace resolution attempted for authenticated User; effective scope delegated	CAMPAIGN_VIEW; CampaignSendService#getMessage:CAMPAIGN_VIEW	params=[];headers=[];version=;consumes=[];produces=[] / params=[];headers=[];version=;consumes=[];produces=[]	false	unversioned	Backend maintainers	not measured; see API_SURFACE.md	not scheduled
GET	/api/campaigns/{id}/recipients	ooo.klae.connex.backend.controllers.CampaignEngagementController#recipients	authenticated	MVC workspace resolution attempted for authenticated User; effective scope delegated	CAMPAIGN_VIEW; CampaignRecipientService#getRecipients:CAMPAIGN_VIEW	params=[];headers=[];version=;consumes=[];produces=[] / params=[];headers=[];version=;consumes=[];produces=[]	false	unversioned	Backend maintainers	not measured; see API_SURFACE.md	not scheduled
GET	/api/campaigns/{id}/sends	ooo.klae.connex.backend.controllers.CampaignSendController#list	authenticated	MVC workspace resolution attempted for authenticated User; effective scope delegated	CAMPAIGN_VIEW; CampaignSendService#listSends:CAMPAIGN_VIEW	params=[];headers=[];version=;consumes=[];produces=[] / params=[];headers=[];version=;consumes=[];produces=[]	false	unversioned	Backend maintainers	not measured; see API_SURFACE.md	not scheduled
GET	/api/campaigns/{id}/sends/{sendId}	ooo.klae.connex.backend.controllers.CampaignSendController#get	authenticated	MVC workspace resolution attempted for authenticated User; effective scope delegated	CAMPAIGN_VIEW; CampaignSendService#getSend:CAMPAIGN_VIEW	params=[];headers=[];version=;consumes=[];produces=[] / params=[];headers=[];version=;consumes=[];produces=[]	false	unversioned	Backend maintainers	not measured; see API_SURFACE.md	not scheduled
GET	/api/campaigns/{id}/sends/{sendId}/engagement	ooo.klae.connex.backend.controllers.CampaignEngagementController#sendEngagement	authenticated	MVC workspace resolution attempted for authenticated User; effective scope delegated	CAMPAIGN_VIEW; CampaignEngagementService#getSendEngagement:CAMPAIGN_VIEW	params=[];headers=[];version=;consumes=[];produces=[] / params=[];headers=[];version=;consumes=[];produces=[]	false	unversioned	Backend maintainers	not measured; see API_SURFACE.md	not scheduled
GET	/api/capabilities	ooo.klae.connex.backend.controllers.CapabilitiesController#capabilities	permitAll	no MVC workspace resolution; domain scope if applicable	CapabilityRegistry#isAvailable:domain authorization; PrivilegedMfaProperties#isEnforced:domain authorization; WorkflowTriggeredSendGate#enabled:domain authorization	params=[];headers=[];version=;consumes=[];produces=[] / params=[];headers=[];version=;consumes=[];produces=[]	false	unversioned	Backend maintainers	not measured; see API_SURFACE.md	not scheduled
GET	/api/comment-threads	ooo.klae.connex.backend.controllers.RecordCommentController#listThreads	authenticated	MVC workspace resolution attempted for authenticated User; effective scope delegated	RecordCommentService#listThreads:domain authorization	params=[];headers=[];version=;consumes=[];produces=[] / params=[];headers=[];version=;consumes=[];produces=[]	false	unversioned	Backend maintainers	not measured; see API_SURFACE.md	not scheduled
GET	/api/comment-threads/count	ooo.klae.connex.backend.controllers.RecordCommentController#countThreads	authenticated	MVC workspace resolution attempted for authenticated User; effective scope delegated	RecordCommentService#countThreads:domain authorization	params=[];headers=[];version=;consumes=[];produces=[] / params=[];headers=[];version=;consumes=[];produces=[]	false	unversioned	Backend maintainers	not measured; see API_SURFACE.md	not scheduled
GET	/api/comment-threads/indicators	ooo.klae.connex.backend.controllers.RecordCommentController#getIndicators	authenticated	MVC workspace resolution attempted for authenticated User; effective scope delegated	RecordCommentService#getIndicators:domain authorization	params=[];headers=[];version=;consumes=[];produces=[] / params=[];headers=[];version=;consumes=[];produces=[]	false	unversioned	Backend maintainers	not measured; see API_SURFACE.md	not scheduled
GET	/api/comment-threads/{threadId}	ooo.klae.connex.backend.controllers.RecordCommentController#getThread	authenticated	MVC workspace resolution attempted for authenticated User; effective scope delegated	RecordCommentService#getThread:domain authorization	params=[];headers=[];version=;consumes=[];produces=[] / params=[];headers=[];version=;consumes=[];produces=[]	false	unversioned	Backend maintainers	not measured; see API_SURFACE.md	not scheduled
GET	/api/companies	ooo.klae.connex.backend.controllers.CompanyController#getAllCompanies	authenticated	MVC workspace resolution attempted for authenticated User; effective scope delegated	CompanyService#getCompaniesByTagId:domain authorization	params=[];headers=[];version=;consumes=[];produces=[] / params=[];headers=[];version=;consumes=[];produces=[]	false	unversioned	Backend maintainers	not measured; see API_SURFACE.md	not scheduled
GET	/api/companies/custom-field-values	ooo.klae.connex.backend.controllers.CompanyController#getCustomFieldValuesForCompanies	authenticated	MVC workspace resolution attempted for authenticated User; effective scope delegated	CompanyService#getCustomFieldValues:domain authorization	params=[];headers=[];version=;consumes=[];produces=[] / params=[];headers=[];version=;consumes=[];produces=[]	false	unversioned	Backend maintainers	not measured; see API_SURFACE.md	not scheduled
GET	/api/companies/facets	ooo.klae.connex.backend.controllers.CompanyController#getCompanyFacets	authenticated	MVC workspace resolution attempted for authenticated User; effective scope delegated	CompanyService#countArchivedCompanies:domain authorization; CompanyService#countsByOwner:domain authorization; CompanyService#countsByWarmthBand:domain authorization; CompanyService#distinctIndustries:domain authorization; CompanyService#hasCompanyWithoutIndustry:domain authorization; WarmthFilterResolver#forFacets:domain authorization	params=[];headers=[];version=;consumes=[];produces=[] / params=[];headers=[];version=;consumes=[];produces=[]	false	unversioned	Backend maintainers	not measured; see API_SURFACE.md	not scheduled
GET	/api/companies/ids	ooo.klae.connex.backend.controllers.CompanyController#getCompanyIds	authenticated	MVC workspace resolution attempted for authenticated User; effective scope delegated	CompanyService#getMatchingCompanyIds:domain authorization; WarmthFilterResolver#resolve:domain authorization	params=[];headers=[];version=;consumes=[];produces=[] / params=[];headers=[];version=;consumes=[];produces=[]	false	unversioned	Backend maintainers	not measured; see API_SURFACE.md	not scheduled
GET	/api/companies/page	ooo.klae.connex.backend.controllers.CompanyController#getCompaniesPage	authenticated	MVC workspace resolution attempted for authenticated User; effective scope delegated	CompanyService#countCompanies:domain authorization; CompanyService#getCompaniesPage:domain authorization; WarmthFilterResolver#resolve:domain authorization	params=[];headers=[];version=;consumes=[];produces=[] / params=[];headers=[];version=;consumes=[];produces=[]	false	unversioned	Backend maintainers	not measured; see API_SURFACE.md	not scheduled
GET	/api/companies/{id}	ooo.klae.connex.backend.controllers.CompanyController#oneCompany	authenticated	MVC workspace resolution attempted for authenticated User; effective scope delegated	CompanyService#getCompanyById:domain authorization	params=[];headers=[];version=;consumes=[];produces=[] / params=[];headers=[];version=;consumes=[];produces=[]	false	unversioned	Backend maintainers	not measured; see API_SURFACE.md	not scheduled
GET	/api/companies/{id}/custom-fields	ooo.klae.connex.backend.controllers.CompanyController#getCustomFieldsForCompany	authenticated	MVC workspace resolution attempted for authenticated User; effective scope delegated	CompanyService#getCustomFields:domain authorization	params=[];headers=[];version=;consumes=[];produces=[] / params=[];headers=[];version=;consumes=[];produces=[]	false	unversioned	Backend maintainers	not measured; see API_SURFACE.md	not scheduled
GET	/api/companies/{id}/deals	ooo.klae.connex.backend.controllers.CompanyController#getDealsForCompany	authenticated	MVC workspace resolution attempted for authenticated User; effective scope delegated	CompanyService#getDealsByCompanyId:domain authorization	params=[];headers=[];version=;consumes=[];produces=[] / params=[];headers=[];version=;consumes=[];produces=[]	false	unversioned	Backend maintainers	not measured; see API_SURFACE.md	not scheduled
GET	/api/companies/{id}/engagement	ooo.klae.connex.backend.controllers.CompanyController#getCompanyEngagement	authenticated	MVC workspace resolution attempted for authenticated User; effective scope delegated	CompanyService#getCompanyEngagement:domain authorization	params=[];headers=[];version=;consumes=[];produces=[] / params=[];headers=[];version=;consumes=[];produces=[]	false	unversioned	Backend maintainers	not measured; see API_SURFACE.md	not scheduled
GET	/api/companies/{id}/logo/{token:.+}	ooo.klae.connex.backend.controllers.CompanyController#getLogo	authenticated	MVC workspace resolution attempted for authenticated User; effective scope delegated	CompanyService#getLogoContent:domain authorization	params=[];headers=[];version=;consumes=[];produces=[] / params=[];headers=[];version=;consumes=[];produces=[]	false	unversioned	Backend maintainers	not measured; see API_SURFACE.md	not scheduled
GET	/api/companies/{id}/people	ooo.klae.connex.backend.controllers.CompanyController#getPeopleForCompany	authenticated	MVC workspace resolution attempted for authenticated User; effective scope delegated	CompanyService#getPersonsByCompanyId:domain authorization	params=[];headers=[];version=;consumes=[];produces=[] / params=[];headers=[];version=;consumes=[];produces=[]	false	unversioned	Backend maintainers	not measured; see API_SURFACE.md	not scheduled
GET	/api/companies/{id}/tags	ooo.klae.connex.backend.controllers.CompanyController#getTagsForCompany	authenticated	MVC workspace resolution attempted for authenticated User; effective scope delegated	CompanyService#getTagsByCompanyId:domain authorization	params=[];headers=[];version=;consumes=[];produces=[] / params=[];headers=[];version=;consumes=[];produces=[]	false	unversioned	Backend maintainers	not measured; see API_SURFACE.md	not scheduled
GET	/api/companies/{id}/timeline	ooo.klae.connex.backend.controllers.CompanyController#getCompanyTimeline	authenticated	MVC workspace resolution attempted for authenticated User; effective scope delegated	CompanyService#getCompanyTimeline:domain authorization	params=[];headers=[];version=;consumes=[];produces=[] / params=[];headers=[];version=;consumes=[];produces=[]	false	unversioned	Backend maintainers	not measured; see API_SURFACE.md	not scheduled
GET	/api/custom-fields	ooo.klae.connex.backend.controllers.CustomFieldController#list	authenticated	MVC workspace resolution attempted for authenticated User; effective scope delegated	CustomFieldDefinitionService#getAll:CUSTOM_FIELD_MANAGE; CustomFieldDefinitionService#getByEntityType:CUSTOM_FIELD_MANAGE	params=[];headers=[];version=;consumes=[];produces=[] / params=[];headers=[];version=;consumes=[];produces=[]	false	unversioned	Backend maintainers	not measured; see API_SURFACE.md	not scheduled
GET	/api/custom-fields/schema	ooo.klae.connex.backend.controllers.CustomFieldController#schema	authenticated	MVC workspace resolution attempted for authenticated User; effective scope delegated	CustomFieldDefinitionService#getVisibleSchema:domain authorization	params=[];headers=[];version=;consumes=[];produces=[] / params=[];headers=[];version=;consumes=[];produces=[]	false	unversioned	Backend maintainers	not measured; see API_SURFACE.md	not scheduled
GET	/api/custom-fields/{id}	ooo.klae.connex.backend.controllers.CustomFieldController#getById	authenticated	MVC workspace resolution attempted for authenticated User; effective scope delegated	CustomFieldDefinitionService#getById:CUSTOM_FIELD_MANAGE	params=[];headers=[];version=;consumes=[];produces=[] / params=[];headers=[];version=;consumes=[];produces=[]	false	unversioned	Backend maintainers	not measured; see API_SURFACE.md	not scheduled
GET	/api/dashboard-layout	ooo.klae.connex.backend.controllers.DashboardLayoutController#get	authenticated	MVC workspace resolution attempted for authenticated User; effective scope delegated	DashboardLayoutService#getLayout:domain authorization	params=[];headers=[];version=;consumes=[];produces=[] / params=[];headers=[];version=;consumes=[];produces=[]	false	unversioned	Backend maintainers	not measured; see API_SURFACE.md	not scheduled
GET	/api/deals	ooo.klae.connex.backend.controllers.DealController#getDeals	authenticated	MVC workspace resolution attempted for authenticated User; effective scope delegated	DealService#getDealsByCompanyId:domain authorization; DealService#getDealsByPersonId:domain authorization; DealService#getDealsByPipelineId:domain authorization; DealService#getDealsByStageId:domain authorization; DealService#getDealsByTagId:domain authorization	params=[];headers=[];version=;consumes=[];produces=[] / params=[];headers=[];version=;consumes=[];produces=[]	false	unversioned	Backend maintainers	not measured; see API_SURFACE.md	not scheduled
GET	/api/deals/aging	ooo.klae.connex.backend.controllers.DealController#getDealAging	authenticated	MVC workspace resolution attempted for authenticated User; effective scope delegated	DealService#getDealAging:domain authorization	params=[];headers=[];version=;consumes=[];produces=[] / params=[];headers=[];version=;consumes=[];produces=[]	false	unversioned	Backend maintainers	not measured; see API_SURFACE.md	not scheduled
GET	/api/deals/board	ooo.klae.connex.backend.controllers.DealController#getDealBoard	authenticated	MVC workspace resolution attempted for authenticated User; effective scope delegated	DealService#getDealBoard:domain authorization	params=[];headers=[];version=;consumes=[];produces=[] / params=[];headers=[];version=;consumes=[];produces=[]	false	unversioned	Backend maintainers	not measured; see API_SURFACE.md	not scheduled
GET	/api/deals/closing-soon	ooo.klae.connex.backend.controllers.DealController#getClosingSoonDeals	authenticated	MVC workspace resolution attempted for authenticated User; effective scope delegated	DealService#getClosingSoonDeals:domain authorization	params=[];headers=[];version=;consumes=[];produces=[] / params=[];headers=[];version=;consumes=[];produces=[]	false	unversioned	Backend maintainers	not measured; see API_SURFACE.md	not scheduled
GET	/api/deals/closing-soon-count	ooo.klae.connex.backend.controllers.DealController#getClosingSoonCount	authenticated	MVC workspace resolution attempted for authenticated User; effective scope delegated	DealService#getClosingSoonCount:domain authorization	params=[];headers=[];version=;consumes=[];produces=[] / params=[];headers=[];version=;consumes=[];produces=[]	false	unversioned	Backend maintainers	not measured; see API_SURFACE.md	not scheduled
GET	/api/deals/custom-field-values	ooo.klae.connex.backend.controllers.DealController#getCustomFieldValuesForDeals	authenticated	MVC workspace resolution attempted for authenticated User; effective scope delegated	DealService#getCustomFieldValues:domain authorization	params=[];headers=[];version=;consumes=[];produces=[] / params=[];headers=[];version=;consumes=[];produces=[]	false	unversioned	Backend maintainers	not measured; see API_SURFACE.md	not scheduled
GET	/api/deals/facets	ooo.klae.connex.backend.controllers.DealController#getDealFacets	authenticated	MVC workspace resolution attempted for authenticated User; effective scope delegated	DealService#getDealFacets:domain authorization	params=[];headers=[];version=;consumes=[];produces=[] / params=[];headers=[];version=;consumes=[];produces=[]	false	unversioned	Backend maintainers	not measured; see API_SURFACE.md	not scheduled
GET	/api/deals/ids	ooo.klae.connex.backend.controllers.DealController#getDealIds	authenticated	MVC workspace resolution attempted for authenticated User; effective scope delegated	DealService#getMatchingDealIds:domain authorization	params=[];headers=[];version=;consumes=[];produces=[] / params=[];headers=[];version=;consumes=[];produces=[]	false	unversioned	Backend maintainers	not measured; see API_SURFACE.md	not scheduled
GET	/api/deals/kpis	ooo.klae.connex.backend.controllers.DealController#getDealKpis	authenticated	MVC workspace resolution attempted for authenticated User; effective scope delegated	DealService#getDealKpis:domain authorization	params=[];headers=[];version=;consumes=[];produces=[] / params=[];headers=[];version=;consumes=[];produces=[]	false	unversioned	Backend maintainers	not measured; see API_SURFACE.md	not scheduled
GET	/api/deals/metrics	ooo.klae.connex.backend.controllers.DealController#getDealMetrics	authenticated	MVC workspace resolution attempted for authenticated User; effective scope delegated	DealService#queryDealMetrics:domain authorization	params=[];headers=[];version=;consumes=[];produces=[] / params=[];headers=[];version=;consumes=[];produces=[]	false	unversioned	Backend maintainers	not measured; see API_SURFACE.md	not scheduled
GET	/api/deals/page	ooo.klae.connex.backend.controllers.DealController#getDealsPage	authenticated	MVC workspace resolution attempted for authenticated User; effective scope delegated	DealService#queryDealsPage:domain authorization	params=[];headers=[];version=;consumes=[];produces=[] / params=[];headers=[];version=;consumes=[];produces=[]	false	unversioned	Backend maintainers	not measured; see API_SURFACE.md	not scheduled
GET	/api/deals/people/primary	ooo.klae.connex.backend.controllers.DealController#getPrimaryContacts	authenticated	MVC workspace resolution attempted for authenticated User; effective scope delegated	DealService#getPrimaryContacts:domain authorization	params=[];headers=[];version=;consumes=[];produces=[] / params=[];headers=[];version=;consumes=[];produces=[]	false	unversioned	Backend maintainers	not measured; see API_SURFACE.md	not scheduled
GET	/api/deals/pipeline-value	ooo.klae.connex.backend.controllers.DealController#getDealPipelineValue	authenticated	MVC workspace resolution attempted for authenticated User; effective scope delegated	DealService#getDealPipelineValue:domain authorization	params=[];headers=[];version=;consumes=[];produces=[] / params=[];headers=[];version=;consumes=[];produces=[]	false	unversioned	Backend maintainers	not measured; see API_SURFACE.md	not scheduled
GET	/api/deals/revenue-series	ooo.klae.connex.backend.controllers.DealController#getRevenueSeries	authenticated	MVC workspace resolution attempted for authenticated User; effective scope delegated	DealService#getRevenueSeries:domain authorization; WorkspaceService#getCurrentAnalyticsTimezone:domain authorization	params=[];headers=[];version=;consumes=[];produces=[] / params=[];headers=[];version=;consumes=[];produces=[]	false	unversioned	Backend maintainers	not measured; see API_SURFACE.md	not scheduled
GET	/api/deals/revenue-timeseries	ooo.klae.connex.backend.controllers.DealController#getRevenueTimeseries	authenticated	MVC workspace resolution attempted for authenticated User; effective scope delegated	DealService#getRevenueTimeseries:domain authorization; WorkspaceService#getCurrentAnalyticsTimezone:domain authorization	params=[];headers=[];version=;consumes=[];produces=[] / params=[];headers=[];version=;consumes=[];produces=[]	false	unversioned	Backend maintainers	not measured; see API_SURFACE.md	not scheduled
GET	/api/deals/risk	ooo.klae.connex.backend.controllers.DealController#getDealRisks	authenticated	MVC workspace resolution attempted for authenticated User; effective scope delegated	DealRiskService#assessDeals:domain authorization; WorkspaceService#getCurrentWorkspaceId:domain authorization	params=[];headers=[];version=;consumes=[];produces=[] / params=[];headers=[];version=;consumes=[];produces=[]	false	unversioned	Backend maintainers	not measured; see API_SURFACE.md	not scheduled
GET	/api/deals/risk/analytics	ooo.klae.connex.backend.controllers.DealController#getDealRiskAnalytics	authenticated	MVC workspace resolution attempted for authenticated User; effective scope delegated	DealRiskService#analytics:domain authorization; WorkspaceService#getCurrentWorkspaceId:domain authorization	params=[];headers=[];version=;consumes=[];produces=[] / params=[];headers=[];version=;consumes=[];produces=[]	false	unversioned	Backend maintainers	not measured; see API_SURFACE.md	not scheduled
GET	/api/deals/stage-distribution	ooo.klae.connex.backend.controllers.DealController#getStageDistribution	authenticated	MVC workspace resolution attempted for authenticated User; effective scope delegated	DealService#getStageDistribution:domain authorization	params=[];headers=[];version=;consumes=[];produces=[] / params=[];headers=[];version=;consumes=[];produces=[]	false	unversioned	Backend maintainers	not measured; see API_SURFACE.md	not scheduled
GET	/api/deals/top	ooo.klae.connex.backend.controllers.DealController#getTopDeals	authenticated	MVC workspace resolution attempted for authenticated User; effective scope delegated	DealService#getTopDeals:domain authorization	params=[];headers=[];version=;consumes=[];produces=[] / params=[];headers=[];version=;consumes=[];produces=[]	false	unversioned	Backend maintainers	not measured; see API_SURFACE.md	not scheduled
GET	/api/deals/{dealId}/documents	ooo.klae.connex.backend.controllers.DealDocumentController#getForDeal	authenticated	MVC workspace resolution attempted for authenticated User; effective scope delegated	DealDocumentService#getForDeal:domain authorization	params=[];headers=[];version=;consumes=[];produces=[] / params=[];headers=[];version=;consumes=[];produces=[]	false	unversioned	Backend maintainers	not measured; see API_SURFACE.md	not scheduled
GET	/api/deals/{dealId}/documents/{documentId}	ooo.klae.connex.backend.controllers.DealDocumentController#getOne	authenticated	MVC workspace resolution attempted for authenticated User; effective scope delegated	DealDocumentService#getOne:domain authorization	params=[];headers=[];version=;consumes=[];produces=[] / params=[];headers=[];version=;consumes=[];produces=[]	false	unversioned	Backend maintainers	not measured; see API_SURFACE.md	not scheduled
GET	/api/deals/{dealId}/documents/{documentId}/approval	ooo.klae.connex.backend.controllers.DocumentApprovalController#getForDocument	authenticated	MVC workspace resolution attempted for authenticated User; effective scope delegated	DocumentApprovalService#getForDocument:domain authorization	params=[];headers=[];version=;consumes=[];produces=[] / params=[];headers=[];version=;consumes=[];produces=[]	false	unversioned	Backend maintainers	not measured; see API_SURFACE.md	not scheduled
GET	/api/deals/{dealId}/documents/{documentId}/approval/steps/{stepId}/delegate-candidates	ooo.klae.connex.backend.controllers.DocumentApprovalController#delegateCandidates	authenticated	MVC workspace resolution attempted for authenticated User; effective scope delegated	DOCUMENT_APPROVE; DocumentApprovalService#eligibleDelegates:DOCUMENT_APPROVE	params=[];headers=[];version=;consumes=[];produces=[] / params=[];headers=[];version=;consumes=[];produces=[]	false	unversioned	Backend maintainers	not measured; see API_SURFACE.md	not scheduled
GET	/api/deals/{dealId}/documents/{documentId}/delivery	ooo.klae.connex.backend.controllers.DocumentDeliveryController#getForDocument	authenticated	MVC workspace resolution attempted for authenticated User; effective scope delegated	DocumentDeliveryService#getForDocument:DOCUMENT_SEND	params=[];headers=[];version=;consumes=[];produces=[] / params=[];headers=[];version=;consumes=[];produces=[]	false	unversioned	Backend maintainers	not measured; see API_SURFACE.md	not scheduled
GET	/api/deals/{dealId}/documents/{documentId}/delivery/{deliveryId}/artifacts/{artifactId}	ooo.klae.connex.backend.controllers.DocumentDeliveryController#downloadArtifact	authenticated	MVC workspace resolution attempted for authenticated User; effective scope delegated	DocumentDeliveryService#downloadArtifact:DOCUMENT_SEND	params=[];headers=[];version=;consumes=[];produces=[] / params=[];headers=[];version=;consumes=[];produces=[]	false	unversioned	Backend maintainers	not measured; see API_SURFACE.md	not scheduled
GET	/api/deals/{dealId}/line-items	ooo.klae.connex.backend.controllers.DealLineItemController#getForDeal	authenticated	MVC workspace resolution attempted for authenticated User; effective scope delegated	DealLineItemService#getForDeal:domain authorization	params=[];headers=[];version=;consumes=[];produces=[] / params=[];headers=[];version=;consumes=[];produces=[]	false	unversioned	Backend maintainers	not measured; see API_SURFACE.md	not scheduled
GET	/api/deals/{id}	ooo.klae.connex.backend.controllers.DealController#getDealById	authenticated	MVC workspace resolution attempted for authenticated User; effective scope delegated	DealService#getDealById:domain authorization	params=[];headers=[];version=;consumes=[];produces=[] / params=[];headers=[];version=;consumes=[];produces=[]	false	unversioned	Backend maintainers	not measured; see API_SURFACE.md	not scheduled
GET	/api/deals/{id}/activities	ooo.klae.connex.backend.controllers.DealController#getActivitiesForDeal	authenticated	MVC workspace resolution attempted for authenticated User; effective scope delegated	DealService#getActivitiesByDealId:domain authorization	params=[];headers=[];version=;consumes=[];produces=[] / params=[];headers=[];version=;consumes=[];produces=[]	false	unversioned	Backend maintainers	not measured; see API_SURFACE.md	not scheduled
GET	/api/deals/{id}/collaborators	ooo.klae.connex.backend.controllers.DealController#getCollaborators	authenticated	MVC workspace resolution attempted for authenticated User; effective scope delegated	DealService#getCollaborators:domain authorization	params=[];headers=[];version=;consumes=[];produces=[] / params=[];headers=[];version=;consumes=[];produces=[]	false	unversioned	Backend maintainers	not measured; see API_SURFACE.md	not scheduled
GET	/api/deals/{id}/custom-fields	ooo.klae.connex.backend.controllers.DealController#getCustomFieldsForDeal	authenticated	MVC workspace resolution attempted for authenticated User; effective scope delegated	DealService#getCustomFields:domain authorization	params=[];headers=[];version=;consumes=[];produces=[] / params=[];headers=[];version=;consumes=[];produces=[]	false	unversioned	Backend maintainers	not measured; see API_SURFACE.md	not scheduled
GET	/api/deals/{id}/notes	ooo.klae.connex.backend.controllers.DealController#getNotesForDeal	authenticated	MVC workspace resolution attempted for authenticated User; effective scope delegated	DealService#getNotesByDealId:domain authorization	params=[];headers=[];version=;consumes=[];produces=[] / params=[];headers=[];version=;consumes=[];produces=[]	false	unversioned	Backend maintainers	not measured; see API_SURFACE.md	not scheduled
GET	/api/deals/{id}/people	ooo.klae.connex.backend.controllers.DealController#getPeopleForDeal	authenticated	MVC workspace resolution attempted for authenticated User; effective scope delegated	DealService#getPeopleByDealId:domain authorization	params=[];headers=[];version=;consumes=[];produces=[] / params=[];headers=[];version=;consumes=[];produces=[]	false	unversioned	Backend maintainers	not measured; see API_SURFACE.md	not scheduled
GET	/api/deals/{id}/risk	ooo.klae.connex.backend.controllers.DealController#getDealRisk	authenticated	MVC workspace resolution attempted for authenticated User; effective scope delegated	DealRiskService#assessDeal:domain authorization; WorkspaceService#getCurrentWorkspaceId:domain authorization	params=[];headers=[];version=;consumes=[];produces=[] / params=[];headers=[];version=;consumes=[];produces=[]	false	unversioned	Backend maintainers	not measured; see API_SURFACE.md	not scheduled
GET	/api/deals/{id}/stage-history	ooo.klae.connex.backend.controllers.DealController#getStageHistory	authenticated	MVC workspace resolution attempted for authenticated User; effective scope delegated	DealService#getStageHistory:domain authorization	params=[];headers=[];version=;consumes=[];produces=[] / params=[];headers=[];version=;consumes=[];produces=[]	false	unversioned	Backend maintainers	not measured; see API_SURFACE.md	not scheduled
GET	/api/deals/{id}/summary	ooo.klae.connex.backend.controllers.DealController#getDealSummary	authenticated	MVC workspace resolution attempted for authenticated User; effective scope delegated	DealService#getDealSummary:domain authorization	params=[];headers=[];version=;consumes=[];produces=[] / params=[];headers=[];version=;consumes=[];produces=[]	false	unversioned	Backend maintainers	not measured; see API_SURFACE.md	not scheduled
GET	/api/deals/{id}/tags	ooo.klae.connex.backend.controllers.DealController#getTagsForDeal	authenticated	MVC workspace resolution attempted for authenticated User; effective scope delegated	DealService#getTagsByDealId:domain authorization	params=[];headers=[];version=;consumes=[];produces=[] / params=[];headers=[];version=;consumes=[];produces=[]	false	unversioned	Backend maintainers	not measured; see API_SURFACE.md	not scheduled
GET	/api/deals/{id}/tasks	ooo.klae.connex.backend.controllers.DealController#getTasksForDeal	authenticated	MVC workspace resolution attempted for authenticated User; effective scope delegated	DealService#getTasksByDealId:domain authorization	params=[];headers=[];version=;consumes=[];produces=[] / params=[];headers=[];version=;consumes=[];produces=[]	false	unversioned	Backend maintainers	not measured; see API_SURFACE.md	not scheduled
GET	/api/delivery/connectors	ooo.klae.connex.backend.controllers.ConnectorConfigController#list	authenticated	MVC workspace resolution attempted for authenticated User; effective scope delegated	ConnectorConfigService#list:WORKSPACE_SETTINGS	params=[];headers=[];version=;consumes=[];produces=[] / params=[];headers=[];version=;consumes=[];produces=[]	false	unversioned	Backend maintainers	not measured; see API_SURFACE.md	not scheduled
GET	/api/delivery/providers	ooo.klae.connex.backend.controllers.DeliveryProviderConfigController#list	authenticated	MVC workspace resolution attempted for authenticated User; effective scope delegated	DeliveryProviderConfigService#list:WORKSPACE_SETTINGS	params=[];headers=[];version=;consumes=[];produces=[] / params=[];headers=[];version=;consumes=[];produces=[]	false	unversioned	Backend maintainers	not measured; see API_SURFACE.md	not scheduled
GET	/api/delivery/unsubscribe	ooo.klae.connex.backend.controllers.DeliveryUnsubscribeController#preview	permitAll	MVC workspace resolution attempted for authenticated User; effective scope delegated	DeliveryUnsubscribeService#preview:domain authorization; OneTimeLinkFlowService#requireFlow:domain authorization	params=[];headers=[];version=;consumes=[];produces=[] / params=[];headers=[];version=;consumes=[];produces=[]	false	unversioned	Backend maintainers	not measured; see API_SURFACE.md	not scheduled
GET	/api/disqualification-reasons	ooo.klae.connex.backend.controllers.DisqualificationReasonController#getReasons	authenticated	MVC workspace resolution attempted for authenticated User; effective scope delegated	DisqualificationReasonService#getActive:domain authorization; DisqualificationReasonService#getAll:domain authorization	params=[];headers=[];version=;consumes=[];produces=[] / params=[];headers=[];version=;consumes=[];produces=[]	false	unversioned	Backend maintainers	not measured; see API_SURFACE.md	not scheduled
GET	/api/document-acceptance	ooo.klae.connex.backend.controllers.DocumentAcceptanceController#preview	permitAll	MVC workspace resolution attempted for authenticated User; effective scope delegated	ClientIpResolver#resolve:domain authorization; DocumentAcceptanceService#admitGrant:domain authorization; DocumentAcceptanceService#preview:domain authorization	params=[];headers=[];version=;consumes=[];produces=[] / params=[];headers=[];version=;consumes=[];produces=[]	false	unversioned	Backend maintainers	not measured; see API_SURFACE.md	not scheduled
GET	/api/document-templates	ooo.klae.connex.backend.controllers.DocumentTemplateController#getAll	authenticated	MVC workspace resolution attempted for authenticated User; effective scope delegated	DocumentTemplateService#getAll:domain authorization	params=[];headers=[];version=;consumes=[];produces=[] / params=[];headers=[];version=;consumes=[];produces=[]	false	unversioned	Backend maintainers	not measured; see API_SURFACE.md	not scheduled
GET	/api/document-templates/{id}	ooo.klae.connex.backend.controllers.DocumentTemplateController#getById	authenticated	MVC workspace resolution attempted for authenticated User; effective scope delegated	DocumentTemplateService#getById:domain authorization	params=[];headers=[];version=;consumes=[];produces=[] / params=[];headers=[];version=;consumes=[];produces=[]	false	unversioned	Backend maintainers	not measured; see API_SURFACE.md	not scheduled
GET	/api/documents	ooo.klae.connex.backend.controllers.GeneratedDocumentController#getDocumentsPage	authenticated	MVC workspace resolution attempted for authenticated User; effective scope delegated	DealDocumentService#getWorkspacePage:domain authorization; MemberScopeResolver#resolve:domain authorization; WorkspaceService#getCurrentUserId:domain authorization	params=[];headers=[];version=;consumes=[];produces=[] / params=[];headers=[];version=;consumes=[];produces=[]	false	unversioned	Backend maintainers	not measured; see API_SURFACE.md	not scheduled
GET	/api/duplicate-reviews	ooo.klae.connex.backend.controllers.DuplicateReviewController#list	authenticated	MVC workspace resolution attempted for authenticated User; effective scope delegated	DuplicateReviewService#list:REPORT_READ; REPORT_READ	params=[];headers=[];version=;consumes=[];produces=[] / params=[];headers=[];version=;consumes=[];produces=[]	false	unversioned	Backend maintainers	not measured; see API_SURFACE.md	not scheduled
GET	/api/duplicate-reviews/summary	ooo.klae.connex.backend.controllers.DuplicateReviewController#summary	authenticated	MVC workspace resolution attempted for authenticated User; effective scope delegated	DuplicateReviewService#summary:REPORT_READ; REPORT_READ	params=[];headers=[];version=;consumes=[];produces=[] / params=[];headers=[];version=;consumes=[];produces=[]	false	unversioned	Backend maintainers	not measured; see API_SURFACE.md	not scheduled
GET	/api/exports/companies	ooo.klae.connex.backend.controllers.ExportController#exportCompanies	authenticated	MVC workspace resolution attempted for authenticated User; effective scope delegated	ExportService#exportCompanies:domain authorization; WarmthFilterResolver#resolve:domain authorization	params=[];headers=[];version=;consumes=[];produces=[] / params=[];headers=[];version=;consumes=[];produces=[]	false	unversioned	Backend maintainers	not measured; see API_SURFACE.md	not scheduled
GET	/api/exports/deals	ooo.klae.connex.backend.controllers.ExportController#exportDeals	authenticated	MVC workspace resolution attempted for authenticated User; effective scope delegated	ExportService#exportDeals:domain authorization	params=[];headers=[];version=;consumes=[];produces=[] / params=[];headers=[];version=;consumes=[];produces=[]	false	unversioned	Backend maintainers	not measured; see API_SURFACE.md	not scheduled
GET	/api/exports/persons	ooo.klae.connex.backend.controllers.ExportController#exportPersons	authenticated	MVC workspace resolution attempted for authenticated User; effective scope delegated	ExportService#exportPersons:domain authorization; WarmthFilterResolver#resolve:domain authorization	params=[];headers=[];version=;consumes=[];produces=[] / params=[];headers=[];version=;consumes=[];produces=[]	false	unversioned	Backend maintainers	not measured; see API_SURFACE.md	not scheduled
GET	/api/exports/products	ooo.klae.connex.backend.controllers.ExportController#exportProducts	authenticated	MVC workspace resolution attempted for authenticated User; effective scope delegated	ExportService#exportProducts:domain authorization	params=[];headers=[];version=;consumes=[];produces=[] / params=[];headers=[];version=;consumes=[];produces=[]	false	unversioned	Backend maintainers	not measured; see API_SURFACE.md	not scheduled
GET	/api/goals	ooo.klae.connex.backend.controllers.GoalController#list	authenticated	MVC workspace resolution attempted for authenticated User; effective scope delegated	GOAL_READ; GoalService#list:GOAL_READ	params=[];headers=[];version=;consumes=[];produces=[] / params=[];headers=[];version=;consumes=[];produces=[]	false	unversioned	Backend maintainers	not measured; see API_SURFACE.md	not scheduled
GET	/api/goals/{id}	ooo.klae.connex.backend.controllers.GoalController#get	authenticated	MVC workspace resolution attempted for authenticated User; effective scope delegated	GOAL_READ; GoalService#get:GOAL_READ	params=[];headers=[];version=;consumes=[];produces=[] / params=[];headers=[];version=;consumes=[];produces=[]	false	unversioned	Backend maintainers	not measured; see API_SURFACE.md	not scheduled
GET	/api/health	ooo.klae.connex.backend.controllers.HealthController#health	permitAll	no MVC workspace resolution; domain scope if applicable	controller/filter boundary; no direct annotated service call	params=[];headers=[];version=;consumes=[];produces=[] / params=[];headers=[];version=;consumes=[];produces=[]	false	unversioned	Backend maintainers	not measured; see API_SURFACE.md	not scheduled
GET	/api/health/ready	ooo.klae.connex.backend.controllers.HealthController#ready	permitAll	no MVC workspace resolution; domain scope if applicable	HealthService#readiness:domain authorization	params=[];headers=[];version=;consumes=[];produces=[] / params=[];headers=[];version=;consumes=[];produces=[]	false	unversioned	Backend maintainers	not measured; see API_SURFACE.md	not scheduled
GET	/api/identity-collisions	ooo.klae.connex.backend.controllers.IdentityCollisionController#list	authenticated	MVC workspace resolution attempted for authenticated User; effective scope delegated	IdentityCollisionService#list:REPORT_READ; REPORT_READ	params=[];headers=[];version=;consumes=[];produces=[] / params=[];headers=[];version=;consumes=[];produces=[]	false	unversioned	Backend maintainers	not measured; see API_SURFACE.md	not scheduled
GET	/api/introductions	ooo.klae.connex.backend.controllers.IntroductionController#getLineage	authenticated	MVC workspace resolution attempted for authenticated User; effective scope delegated	IntroductionService#getLineage:domain authorization	params=[];headers=[];version=;consumes=[];produces=[] / params=[];headers=[];version=;consumes=[];produces=[]	false	unversioned	Backend maintainers	not measured; see API_SURFACE.md	not scheduled
GET	/api/introductions/overview	ooo.klae.connex.backend.controllers.IntroductionController#getOverview	authenticated	MVC workspace resolution attempted for authenticated User; effective scope delegated	IntroductionService#getOverview:domain authorization	params=[];headers=[];version=;consumes=[];produces=[] / params=[];headers=[];version=;consumes=[];produces=[]	false	unversioned	Backend maintainers	not measured; see API_SURFACE.md	not scheduled
GET	/api/introductions/paths	ooo.klae.connex.backend.controllers.IntroductionController#getPaths	authenticated	MVC workspace resolution attempted for authenticated User; effective scope delegated	WarmPathService#getPaths:domain authorization	params=[];headers=[];version=;consumes=[];produces=[] / params=[];headers=[];version=;consumes=[];produces=[]	false	unversioned	Backend maintainers	not measured; see API_SURFACE.md	not scheduled
GET	/api/introductions/suggestions	ooo.klae.connex.backend.controllers.IntroductionController#getSuggestions	authenticated	MVC workspace resolution attempted for authenticated User; effective scope delegated	IntroductionService#getSuggestions:domain authorization	params=[];headers=[];version=;consumes=[];produces=[] / params=[];headers=[];version=;consumes=[];produces=[]	false	unversioned	Backend maintainers	not measured; see API_SURFACE.md	not scheduled
GET	/api/invite-links	ooo.klae.connex.backend.controllers.InviteLinkController#preview	authenticated	MVC workspace resolution attempted for authenticated User; effective scope delegated	InviteLinkService#previewLinkByHash:domain authorization; OneTimeLinkFlowService#requireFlow:domain authorization	params=[];headers=[];version=;consumes=[];produces=[] / params=[];headers=[];version=;consumes=[];produces=[]	false	unversioned	Backend maintainers	not measured; see API_SURFACE.md	not scheduled
GET	/api/invites	ooo.klae.connex.backend.controllers.InviteController#preview	authenticated	MVC workspace resolution attempted for authenticated User; effective scope delegated	InviteService#previewInviteByHash:domain authorization; OneTimeLinkFlowService#requireFlow:domain authorization	params=[];headers=[];version=;consumes=[];produces=[] / params=[];headers=[];version=;consumes=[];produces=[]	false	unversioned	Backend maintainers	not measured; see API_SURFACE.md	not scheduled
GET	/api/login/oauth2/code/*	OAuth2LoginAuthenticationFilter	permitAll; OAuth state/code verification	no MVC workspace resolution; handler-owned scope	framework authentication protocol	filter/handshake route; CSRF policy and protocol validation apply	false	unversioned	Backend maintainers	not measured; see API_SURFACE.md	not scheduled
GET	/api/login/saml2/sso/{registrationId}	Saml2WebSsoAuthenticationFilter	permitAll; SSO enabled; signed solicited response	no MVC workspace resolution; handler-owned scope	framework authentication protocol	filter/handshake route; CSRF policy and protocol validation apply	false	unversioned	Backend maintainers	not measured; see API_SURFACE.md	not scheduled
GET	/api/mail/managed	ooo.klae.connex.backend.controllers.MailManagedController#managed	permitAll	no MVC workspace resolution; domain scope if applicable	MailProperties#isManaged:domain authorization	params=[];headers=[];version=;consumes=[];produces=[] / params=[];headers=[];version=;consumes=[];produces=[]	false	unversioned	Backend maintainers	not measured; see API_SURFACE.md	not scheduled
GET	/api/map/replay	ooo.klae.connex.backend.controllers.MapReplayController#replay	authenticated	MVC workspace resolution attempted for authenticated User; effective scope delegated	MapReplayService#buildReplay:domain authorization; WorkspaceService#getCurrentWorkspaceId:domain authorization	params=[];headers=[];version=;consumes=[];produces=[] / params=[];headers=[];version=;consumes=[];produces=[]	false	unversioned	Backend maintainers	not measured; see API_SURFACE.md	not scheduled
GET	/api/metrics	ooo.klae.connex.backend.controllers.MetricsController#metrics	hasAuthority:MetricsScrapeTokenFilter.SCRAPE_AUTHORITY	no MVC workspace resolution; domain scope if applicable	controller/filter boundary; no direct annotated service call	params=[];headers=[];version=;consumes=[];produces=[] / params=[];headers=[];version=;consumes=[];produces=[text/plain; version=0.0.4; charset=utf-8]	false	unversioned	Backend maintainers	not measured; see API_SURFACE.md	not scheduled
GET	/api/my-work	ooo.klae.connex.backend.controllers.MyWorkController#get	authenticated	MVC workspace resolution attempted for authenticated User; effective scope delegated	WorkItemService#getPage:domain authorization	params=[];headers=[];version=;consumes=[];produces=[] / params=[];headers=[];version=;consumes=[];produces=[]	false	unversioned	Backend maintainers	not measured; see API_SURFACE.md	not scheduled
GET	/api/my-work/summary	ooo.klae.connex.backend.controllers.MyWorkController#summary	authenticated	MVC workspace resolution attempted for authenticated User; effective scope delegated	WorkItemService#summary:domain authorization	params=[];headers=[];version=;consumes=[];produces=[] / params=[];headers=[];version=;consumes=[];produces=[]	false	unversioned	Backend maintainers	not measured; see API_SURFACE.md	not scheduled
GET	/api/notes	ooo.klae.connex.backend.controllers.NoteController#getNotes	authenticated	MVC workspace resolution attempted for authenticated User; effective scope delegated	NoteService#getNotesByAuthorId:domain authorization; NoteService#getNotesByDealId:domain authorization; NoteService#getNotesByPersonId:domain authorization	params=[];headers=[];version=;consumes=[];produces=[] / params=[];headers=[];version=;consumes=[];produces=[]	false	unversioned	Backend maintainers	not measured; see API_SURFACE.md	not scheduled
GET	/api/notes/page	ooo.klae.connex.backend.controllers.NoteController#getNotesPage	authenticated	MVC workspace resolution attempted for authenticated User; effective scope delegated	NoteService#countNotes:domain authorization; NoteService#getNotesPage:domain authorization	params=[];headers=[];version=;consumes=[];produces=[] / params=[];headers=[];version=;consumes=[];produces=[]	false	unversioned	Backend maintainers	not measured; see API_SURFACE.md	not scheduled
GET	/api/notes/referencing	ooo.klae.connex.backend.controllers.NoteController#getNotesReferencing	authenticated	MVC workspace resolution attempted for authenticated User; effective scope delegated	NoteService#getNotesReferencing:domain authorization	params=[];headers=[];version=;consumes=[];produces=[] / params=[];headers=[];version=;consumes=[];produces=[]	false	unversioned	Backend maintainers	not measured; see API_SURFACE.md	not scheduled
GET	/api/notes/{id}	ooo.klae.connex.backend.controllers.NoteController#getNoteById	authenticated	MVC workspace resolution attempted for authenticated User; effective scope delegated	NoteService#getNoteById:domain authorization	params=[];headers=[];version=;consumes=[];produces=[] / params=[];headers=[];version=;consumes=[];produces=[]	false	unversioned	Backend maintainers	not measured; see API_SURFACE.md	not scheduled
GET	/api/notification-preferences	ooo.klae.connex.backend.controllers.NotificationController#getPreferences	authenticated	MVC workspace resolution attempted for authenticated User; effective scope delegated	NotificationPreferenceService#getCurrentPreferences:domain authorization	params=[];headers=[];version=;consumes=[];produces=[]	false	unversioned	Backend maintainers	not measured; see API_SURFACE.md	not scheduled
GET	/api/notification-preferences/quiet-hours	ooo.klae.connex.backend.controllers.NotificationController#getQuietHours	authenticated	MVC workspace resolution attempted for authenticated User; effective scope delegated	NotificationQuietHoursService#getCurrent:domain authorization	params=[];headers=[];version=;consumes=[];produces=[]	false	unversioned	Backend maintainers	not measured; see API_SURFACE.md	not scheduled
GET	/api/notifications	ooo.klae.connex.backend.controllers.NotificationController#getNotifications	authenticated	MVC workspace resolution attempted for authenticated User; effective scope delegated	NotificationService#getPage:domain authorization	params=[];headers=[];version=;consumes=[];produces=[]	false	unversioned	Backend maintainers	not measured; see API_SURFACE.md	not scheduled
GET	/api/notifications/counts	ooo.klae.connex.backend.controllers.NotificationController#getCounts	authenticated	MVC workspace resolution attempted for authenticated User; effective scope delegated	NotificationService#getUnreadCounts:domain authorization	params=[];headers=[];version=;consumes=[];produces=[]	false	unversioned	Backend maintainers	not measured; see API_SURFACE.md	not scheduled
GET	/api/notifications/facets	ooo.klae.connex.backend.controllers.NotificationController#getFacets	authenticated	MVC workspace resolution attempted for authenticated User; effective scope delegated	NotificationService#getFacets:domain authorization	params=[];headers=[];version=;consumes=[];produces=[]	false	unversioned	Backend maintainers	not measured; see API_SURFACE.md	not scheduled
GET	/api/oauth2/authorization/{registrationId}	OAuth2AuthorizationRequestRedirectFilter	permitAll; OAuth enabled	no MVC workspace resolution; handler-owned scope	framework authentication protocol	filter/handshake route; CSRF policy and protocol validation apply	false	unversioned	Backend maintainers	not measured; see API_SURFACE.md	not scheduled
GET	/api/orgs	ooo.klae.connex.backend.controllers.OrgMemberController#myOrganizations	authenticated	MVC workspace resolution attempted for authenticated User; effective scope delegated	AuthService#getCurrentUser:domain authorization; OrgMemberService#membershipsForUser:domain authorization	params=[];headers=[];version=;consumes=[];produces=[] / params=[];headers=[];version=;consumes=[];produces=[]	false	unversioned	Backend maintainers	not measured; see API_SURFACE.md	not scheduled
GET	/api/orgs/{id}/diagnostics	ooo.klae.connex.backend.controllers.TenantDiagnosticsController#organizationDiagnostics	authenticated	MVC workspace resolution attempted for authenticated User; effective scope delegated	AuthService#getCurrentUser:domain authorization; OrgMemberService#requireOrgAdmin:domain authorization; TenantDiagnosticsService#forOrganization:domain authorization	params=[];headers=[];version=;consumes=[];produces=[]	false	unversioned	Backend maintainers	not measured; see API_SURFACE.md	not scheduled
GET	/api/orgs/{orgId}/allowed-domains	ooo.klae.connex.backend.controllers.OrgAllowedDomainController#list	authenticated	MVC workspace resolution attempted for authenticated User; effective scope delegated	AuthService#getCurrentUser:domain authorization; OrgAllowedDomainService#listDomains:domain authorization	params=[];headers=[];version=;consumes=[];produces=[] / params=[];headers=[];version=;consumes=[];produces=[]	false	unversioned	Backend maintainers	not measured; see API_SURFACE.md	not scheduled
GET	/api/orgs/{orgId}/appi-incidents	ooo.klae.connex.backend.controllers.AppiIncidentController#list	authenticated	MVC workspace resolution attempted for authenticated User; effective scope delegated	AppiIncidentService#list:domain authorization; AuthService#getCurrentUser:domain authorization	params=[];headers=[];version=;consumes=[];produces=[] / params=[];headers=[];version=;consumes=[];produces=[]	false	unversioned	Backend maintainers	not measured; see API_SURFACE.md	not scheduled
GET	/api/orgs/{orgId}/appi-incidents/{incidentId}	ooo.klae.connex.backend.controllers.AppiIncidentController#get	authenticated	MVC workspace resolution attempted for authenticated User; effective scope delegated	AppiIncidentService#get:domain authorization; AuthService#getCurrentUser:domain authorization	params=[];headers=[];version=;consumes=[];produces=[] / params=[];headers=[];version=;consumes=[];produces=[]	false	unversioned	Backend maintainers	not measured; see API_SURFACE.md	not scheduled
GET	/api/orgs/{orgId}/appi-incidents/{incidentId}/scope	ooo.klae.connex.backend.controllers.AppiIncidentController#scope	authenticated	MVC workspace resolution attempted for authenticated User; effective scope delegated	AppiIncidentService#scope:domain authorization; AuthService#getCurrentUser:domain authorization	params=[];headers=[];version=;consumes=[];produces=[] / params=[];headers=[];version=;consumes=[];produces=[]	false	unversioned	Backend maintainers	not measured; see API_SURFACE.md	not scheduled
GET	/api/orgs/{orgId}/audit	ooo.klae.connex.backend.controllers.OrgAuditController#orgAudit	authenticated	MVC workspace resolution attempted for authenticated User; effective scope delegated	AuditService#recentForOrg:domain authorization; AuthService#getCurrentUser:domain authorization; OrgMemberService#requireOrgAdmin:domain authorization	params=[];headers=[];version=;consumes=[];produces=[] / params=[];headers=[];version=;consumes=[];produces=[]	false	unversioned	Backend maintainers	not measured; see API_SURFACE.md	not scheduled
GET	/api/orgs/{orgId}/audit/export	ooo.klae.connex.backend.controllers.OrgAuditController#exportOrgAudit	authenticated	MVC workspace resolution attempted for authenticated User; effective scope delegated	AuditService#exportRecentForOrg:domain authorization; AuthService#getCurrentUser:domain authorization; OrgMemberService#requireOrgAdmin:domain authorization	params=[];headers=[];version=;consumes=[];produces=[] / params=[];headers=[];version=;consumes=[];produces=[]	false	unversioned	Backend maintainers	not measured; see API_SURFACE.md	not scheduled
GET	/api/orgs/{orgId}/data-subject-requests	ooo.klae.connex.backend.controllers.DataSubjectRequestController#list	authenticated	MVC workspace resolution attempted for authenticated User; effective scope delegated	AuthService#getCurrentUser:domain authorization; DataSubjectRequestService#list:domain authorization	params=[];headers=[];version=;consumes=[];produces=[] / params=[];headers=[];version=;consumes=[];produces=[]	false	unversioned	Backend maintainers	not measured; see API_SURFACE.md	not scheduled
GET	/api/orgs/{orgId}/data-subject-requests/{requestId}	ooo.klae.connex.backend.controllers.DataSubjectRequestController#get	authenticated	MVC workspace resolution attempted for authenticated User; effective scope delegated	AuthService#getCurrentUser:domain authorization; DataSubjectRequestService#get:domain authorization	params=[];headers=[];version=;consumes=[];produces=[] / params=[];headers=[];version=;consumes=[];produces=[]	false	unversioned	Backend maintainers	not measured; see API_SURFACE.md	not scheduled
GET	/api/orgs/{orgId}/data-subject-requests/{requestId}/disclosure	ooo.klae.connex.backend.controllers.DataSubjectRequestController#disclosure	authenticated	MVC workspace resolution attempted for authenticated User; effective scope delegated	AuthService#getCurrentUser:domain authorization; DataSubjectRequestService#disclosure:domain authorization	params=[];headers=[];version=;consumes=[];produces=[] / params=[];headers=[];version=;consumes=[];produces=[]	false	unversioned	Backend maintainers	not measured; see API_SURFACE.md	not scheduled
GET	/api/orgs/{orgId}/layout	ooo.klae.connex.backend.controllers.OrganizationController#layout	authenticated	MVC workspace resolution attempted for authenticated User; effective scope delegated	AuthService#getCurrentUser:domain authorization; OrganizationService#getLayout:domain authorization	params=[];headers=[];version=;consumes=[];produces=[] / params=[];headers=[];version=;consumes=[];produces=[]	false	unversioned	Backend maintainers	not measured; see API_SURFACE.md	not scheduled
GET	/api/orgs/{orgId}/members	ooo.klae.connex.backend.controllers.OrgMemberController#members	authenticated	MVC workspace resolution attempted for authenticated User; effective scope delegated	AuthService#getCurrentUser:domain authorization; OrgMemberService#listMembers:domain authorization	params=[];headers=[];version=;consumes=[];produces=[] / params=[];headers=[];version=;consumes=[];produces=[]	false	unversioned	Backend maintainers	not measured; see API_SURFACE.md	not scheduled
GET	/api/orgs/{orgId}/secret-store/diagnostics	ooo.klae.connex.backend.controllers.SecretStoreDiagnosticsController#orgDiagnostics	authenticated	MVC workspace resolution attempted for authenticated User; effective scope delegated	AuthService#getCurrentUser:domain authorization; OrgMemberService#requireOrgAdmin:domain authorization; SecretStoreLifecycleService#diagnosticsForOrg:domain authorization	params=[];headers=[];version=;consumes=[];produces=[]	false	unversioned	Backend maintainers	not measured; see API_SURFACE.md	not scheduled
GET	/api/orgs/{orgId}/workspaces/{workspaceId}/export	ooo.klae.connex.backend.controllers.TenantLifecycleController#export	authenticated	explicit lifecycle organization/workspace authorization	AuthService#getCurrentUser:domain authorization; TenantExportGrantCookie#clear:domain authorization; TenantExportGrantService#redeem:domain authorization	params=[];headers=[];version=;consumes=[];produces=[] / params=[];headers=[];version=;consumes=[];produces=[]	false	unversioned	Backend maintainers	not measured; see API_SURFACE.md	not scheduled
GET	/api/permissions	ooo.klae.connex.backend.controllers.PermissionController#catalog	authenticated	MVC workspace resolution attempted for authenticated User; effective scope delegated	explicit:grantableNames	params=[];headers=[];version=;consumes=[];produces=[] / params=[];headers=[];version=;consumes=[];produces=[]	false	unversioned	Backend maintainers	not measured; see API_SURFACE.md	not scheduled
GET	/api/permissions/effective	ooo.klae.connex.backend.controllers.PermissionController#effective	authenticated	MVC workspace resolution attempted for authenticated User; effective scope delegated	WorkspaceService#getCurrentPermissions:domain authorization	params=[];headers=[];version=;consumes=[];produces=[] / params=[];headers=[];version=;consumes=[];produces=[]	false	unversioned	Backend maintainers	not measured; see API_SURFACE.md	not scheduled
GET	/api/persons	ooo.klae.connex.backend.controllers.PersonController#getPersons	authenticated	MVC workspace resolution attempted for authenticated User; effective scope delegated	PersonService#getPersonsByCompanyId:domain authorization; PersonService#getPersonsByDealId:domain authorization; PersonService#getPersonsByTagId:domain authorization	params=[];headers=[];version=;consumes=[];produces=[] / params=[];headers=[];version=;consumes=[];produces=[]	false	unversioned	Backend maintainers	not measured; see API_SURFACE.md	not scheduled
GET	/api/persons/custom-field-values	ooo.klae.connex.backend.controllers.PersonController#getCustomFieldValuesForPersons	authenticated	MVC workspace resolution attempted for authenticated User; effective scope delegated	PersonService#getCustomFieldValues:domain authorization	params=[];headers=[];version=;consumes=[];produces=[] / params=[];headers=[];version=;consumes=[];produces=[]	false	unversioned	Backend maintainers	not measured; see API_SURFACE.md	not scheduled
GET	/api/persons/facets	ooo.klae.connex.backend.controllers.PersonController#getPersonFacets	authenticated	MVC workspace resolution attempted for authenticated User; effective scope delegated	PersonService#countArchivedPersons:domain authorization; PersonService#countsByFirstResponseState:domain authorization; PersonService#countsByLeadSource:domain authorization; PersonService#countsByLifecycleStage:domain authorization; PersonService#countsByOwner:domain authorization; PersonService#countsByWarmthBand:domain authorization; PersonService#distinctCompanies:domain authorization; PersonService#distinctTitles:domain authorization; PersonService#hasPersonWithoutCompany:domain authorization; WarmthFilterResolver#forFacets:domain authorization	params=[];headers=[];version=;consumes=[];produces=[] / params=[];headers=[];version=;consumes=[];produces=[]	false	unversioned	Backend maintainers	not measured; see API_SURFACE.md	not scheduled
GET	/api/persons/ids	ooo.klae.connex.backend.controllers.PersonController#getPersonIds	authenticated	MVC workspace resolution attempted for authenticated User; effective scope delegated	PersonService#getMatchingPersonIds:domain authorization; WarmthFilterResolver#resolve:domain authorization	params=[];headers=[];version=;consumes=[];produces=[] / params=[];headers=[];version=;consumes=[];produces=[]	false	unversioned	Backend maintainers	not measured; see API_SURFACE.md	not scheduled
GET	/api/persons/page	ooo.klae.connex.backend.controllers.PersonController#getPersonsPage	authenticated	MVC workspace resolution attempted for authenticated User; effective scope delegated	PersonService#countPersons:domain authorization; PersonService#getPersonsPage:domain authorization; WarmthFilterResolver#resolve:domain authorization	params=[];headers=[];version=;consumes=[];produces=[] / params=[];headers=[];version=;consumes=[];produces=[]	false	unversioned	Backend maintainers	not measured; see API_SURFACE.md	not scheduled
GET	/api/persons/recent-moves	ooo.klae.connex.backend.controllers.PersonController#getRecentMoves	authenticated	MVC workspace resolution attempted for authenticated User; effective scope delegated	EmploymentService#getRecentMoves:domain authorization	params=[];headers=[];version=;consumes=[];produces=[] / params=[];headers=[];version=;consumes=[];produces=[]	false	unversioned	Backend maintainers	not measured; see API_SURFACE.md	not scheduled
GET	/api/persons/{id:\d+}	ooo.klae.connex.backend.controllers.PersonController#getPersonById	authenticated	MVC workspace resolution attempted for authenticated User; effective scope delegated	PersonService#getPersonById:domain authorization	params=[];headers=[];version=;consumes=[];produces=[] / params=[];headers=[];version=;consumes=[];produces=[]	false	unversioned	Backend maintainers	not measured; see API_SURFACE.md	not scheduled
GET	/api/persons/{id}/activities	ooo.klae.connex.backend.controllers.PersonController#getActivitiesForPerson	authenticated	MVC workspace resolution attempted for authenticated User; effective scope delegated	PersonService#getActivitiesByPersonId:domain authorization	params=[];headers=[];version=;consumes=[];produces=[] / params=[];headers=[];version=;consumes=[];produces=[]	false	unversioned	Backend maintainers	not measured; see API_SURFACE.md	not scheduled
GET	/api/persons/{id}/campaign-touches	ooo.klae.connex.backend.controllers.PersonController#getCampaignTouches	authenticated	MVC workspace resolution attempted for authenticated User; effective scope delegated	ContactMarketingService#getCampaignTouches:CAMPAIGN_VIEW	params=[];headers=[];version=;consumes=[];produces=[] / params=[];headers=[];version=;consumes=[];produces=[]	false	unversioned	Backend maintainers	not measured; see API_SURFACE.md	not scheduled
GET	/api/persons/{id}/connections	ooo.klae.connex.backend.controllers.PersonController#getConnections	authenticated	MVC workspace resolution attempted for authenticated User; effective scope delegated	ConnectionService#getConnections:domain authorization	params=[];headers=[];version=;consumes=[];produces=[] / params=[];headers=[];version=;consumes=[];produces=[]	false	unversioned	Backend maintainers	not measured; see API_SURFACE.md	not scheduled
GET	/api/persons/{id}/consent	ooo.klae.connex.backend.controllers.ConsentController#get	authenticated	MVC workspace resolution attempted for authenticated User; effective scope delegated	CONSENT_MANAGE; ConsentService#getForPerson:CONSENT_MANAGE	params=[];headers=[];version=;consumes=[];produces=[] / params=[];headers=[];version=;consumes=[];produces=[]	false	unversioned	Backend maintainers	not measured; see API_SURFACE.md	not scheduled
GET	/api/persons/{id}/custom-fields	ooo.klae.connex.backend.controllers.PersonController#getCustomFieldsForPerson	authenticated	MVC workspace resolution attempted for authenticated User; effective scope delegated	PersonService#getCustomFields:domain authorization	params=[];headers=[];version=;consumes=[];produces=[] / params=[];headers=[];version=;consumes=[];produces=[]	false	unversioned	Backend maintainers	not measured; see API_SURFACE.md	not scheduled
GET	/api/persons/{id}/deals	ooo.klae.connex.backend.controllers.PersonController#getDealsForPerson	authenticated	MVC workspace resolution attempted for authenticated User; effective scope delegated	PersonService#getDealsByPersonId:domain authorization	params=[];headers=[];version=;consumes=[];produces=[] / params=[];headers=[];version=;consumes=[];produces=[]	false	unversioned	Backend maintainers	not measured; see API_SURFACE.md	not scheduled
GET	/api/persons/{id}/employment	ooo.klae.connex.backend.controllers.PersonController#getEmploymentHistory	authenticated	MVC workspace resolution attempted for authenticated User; effective scope delegated	PersonService#getEmploymentHistory:domain authorization	params=[];headers=[];version=;consumes=[];produces=[] / params=[];headers=[];version=;consumes=[];produces=[]	false	unversioned	Backend maintainers	not measured; see API_SURFACE.md	not scheduled
GET	/api/persons/{id}/intro-path	ooo.klae.connex.backend.controllers.PersonController#getIntroPath	authenticated	MVC workspace resolution attempted for authenticated User; effective scope delegated	ConnectionService#findIntroPath:domain authorization	params=[];headers=[];version=;consumes=[];produces=[] / params=[];headers=[];version=;consumes=[];produces=[]	false	unversioned	Backend maintainers	not measured; see API_SURFACE.md	not scheduled
GET	/api/persons/{id}/lifecycle	ooo.klae.connex.backend.controllers.PersonController#getLifecycle	authenticated	MVC workspace resolution attempted for authenticated User; effective scope delegated	PersonLifecycleService#getLifecycle:domain authorization	params=[];headers=[];version=;consumes=[];produces=[] / params=[];headers=[];version=;consumes=[];produces=[]	false	unversioned	Backend maintainers	not measured; see API_SURFACE.md	not scheduled
GET	/api/persons/{id}/lifecycle/history	ooo.klae.connex.backend.controllers.PersonController#getLifecycleHistory	authenticated	MVC workspace resolution attempted for authenticated User; effective scope delegated	PersonLifecycleService#getHistory:domain authorization	params=[];headers=[];version=;consumes=[];produces=[] / params=[];headers=[];version=;consumes=[];produces=[]	false	unversioned	Backend maintainers	not measured; see API_SURFACE.md	not scheduled
GET	/api/persons/{id}/marketing-status	ooo.klae.connex.backend.controllers.PersonController#getMarketingStatus	authenticated	MVC workspace resolution attempted for authenticated User; effective scope delegated	ContactMarketingService#getStatus:domain authorization	params=[];headers=[];version=;consumes=[];produces=[] / params=[];headers=[];version=;consumes=[];produces=[]	false	unversioned	Backend maintainers	not measured; see API_SURFACE.md	not scheduled
GET	/api/persons/{id}/notes	ooo.klae.connex.backend.controllers.PersonController#getNotesForPerson	authenticated	MVC workspace resolution attempted for authenticated User; effective scope delegated	PersonService#getNotesByPersonId:domain authorization	params=[];headers=[];version=;consumes=[];produces=[] / params=[];headers=[];version=;consumes=[];produces=[]	false	unversioned	Backend maintainers	not measured; see API_SURFACE.md	not scheduled
GET	/api/persons/{id}/profile-picture/{token:.+}	ooo.klae.connex.backend.controllers.PersonController#getProfilePicture	authenticated	MVC workspace resolution attempted for authenticated User; effective scope delegated	PersonService#getProfilePictureContent:domain authorization	params=[];headers=[];version=;consumes=[];produces=[] / params=[];headers=[];version=;consumes=[];produces=[]	false	unversioned	Backend maintainers	not measured; see API_SURFACE.md	not scheduled
GET	/api/persons/{id}/qualification	ooo.klae.connex.backend.controllers.PersonController#getQualification	authenticated	MVC workspace resolution attempted for authenticated User; effective scope delegated	PersonQualificationService#getQualification:domain authorization	params=[];headers=[];version=;consumes=[];produces=[] / params=[];headers=[];version=;consumes=[];produces=[]	false	unversioned	Backend maintainers	not measured; see API_SURFACE.md	not scheduled
GET	/api/persons/{id}/tags	ooo.klae.connex.backend.controllers.PersonController#getTagsForPerson	authenticated	MVC workspace resolution attempted for authenticated User; effective scope delegated	PersonService#getTagsByPersonId:domain authorization	params=[];headers=[];version=;consumes=[];produces=[] / params=[];headers=[];version=;consumes=[];produces=[]	false	unversioned	Backend maintainers	not measured; see API_SURFACE.md	not scheduled
GET	/api/persons/{id}/tasks	ooo.klae.connex.backend.controllers.PersonController#getTasksForPerson	authenticated	MVC workspace resolution attempted for authenticated User; effective scope delegated	PersonService#getTasksByPersonId:domain authorization	params=[];headers=[];version=;consumes=[];produces=[] / params=[];headers=[];version=;consumes=[];produces=[]	false	unversioned	Backend maintainers	not measured; see API_SURFACE.md	not scheduled
GET	/api/pipelines	ooo.klae.connex.backend.controllers.PipelineController#getAllPipelines	authenticated	MVC workspace resolution attempted for authenticated User; effective scope delegated	PipelineService#getAllPipelines:domain authorization	params=[];headers=[];version=;consumes=[];produces=[] / params=[];headers=[];version=;consumes=[];produces=[]	false	unversioned	Backend maintainers	not measured; see API_SURFACE.md	not scheduled
GET	/api/pipelines/stages	ooo.klae.connex.backend.controllers.PipelineController#getAllStages	authenticated	MVC workspace resolution attempted for authenticated User; effective scope delegated	PipelineService#getAllStages:domain authorization	params=[];headers=[];version=;consumes=[];produces=[] / params=[];headers=[];version=;consumes=[];produces=[]	false	unversioned	Backend maintainers	not measured; see API_SURFACE.md	not scheduled
GET	/api/pipelines/stages/{id}	ooo.klae.connex.backend.controllers.PipelineController#getStageById	authenticated	MVC workspace resolution attempted for authenticated User; effective scope delegated	PipelineService#getStageById:domain authorization	params=[];headers=[];version=;consumes=[];produces=[] / params=[];headers=[];version=;consumes=[];produces=[]	false	unversioned	Backend maintainers	not measured; see API_SURFACE.md	not scheduled
GET	/api/pipelines/stages/{id}/deals	ooo.klae.connex.backend.controllers.PipelineController#getDealsForStage	authenticated	MVC workspace resolution attempted for authenticated User; effective scope delegated	PipelineService#getDealsByStageId:domain authorization	params=[];headers=[];version=;consumes=[];produces=[] / params=[];headers=[];version=;consumes=[];produces=[]	false	unversioned	Backend maintainers	not measured; see API_SURFACE.md	not scheduled
GET	/api/pipelines/{id}	ooo.klae.connex.backend.controllers.PipelineController#getPipelineById	authenticated	MVC workspace resolution attempted for authenticated User; effective scope delegated	PipelineService#getPipelineById:domain authorization	params=[];headers=[];version=;consumes=[];produces=[] / params=[];headers=[];version=;consumes=[];produces=[]	false	unversioned	Backend maintainers	not measured; see API_SURFACE.md	not scheduled
GET	/api/pipelines/{id}/deals	ooo.klae.connex.backend.controllers.PipelineController#getDealsForPipeline	authenticated	MVC workspace resolution attempted for authenticated User; effective scope delegated	PipelineService#getDealsByPipelineId:domain authorization	params=[];headers=[];version=;consumes=[];produces=[] / params=[];headers=[];version=;consumes=[];produces=[]	false	unversioned	Backend maintainers	not measured; see API_SURFACE.md	not scheduled
GET	/api/pipelines/{pipelineId}/stages	ooo.klae.connex.backend.controllers.PipelineController#getStagesByPipelineId	authenticated	MVC workspace resolution attempted for authenticated User; effective scope delegated	PipelineService#getStagesByPipelineId:domain authorization	params=[];headers=[];version=;consumes=[];produces=[] / params=[];headers=[];version=;consumes=[];produces=[]	false	unversioned	Backend maintainers	not measured; see API_SURFACE.md	not scheduled
GET	/api/products	ooo.klae.connex.backend.controllers.ProductController#getAll	authenticated	MVC workspace resolution attempted for authenticated User; effective scope delegated	ProductService#getAll:domain authorization	params=[];headers=[];version=;consumes=[];produces=[] / params=[];headers=[];version=;consumes=[];produces=[]	false	unversioned	Backend maintainers	not measured; see API_SURFACE.md	not scheduled
GET	/api/products/{id}	ooo.klae.connex.backend.controllers.ProductController#getById	authenticated	MVC workspace resolution attempted for authenticated User; effective scope delegated	ProductService#getById:domain authorization	params=[];headers=[];version=;consumes=[];produces=[] / params=[];headers=[];version=;consumes=[];produces=[]	false	unversioned	Backend maintainers	not measured; see API_SURFACE.md	not scheduled
GET	/api/qualification-criteria	ooo.klae.connex.backend.controllers.QualificationCriterionController#getCriteria	authenticated	MVC workspace resolution attempted for authenticated User; effective scope delegated	QualificationCriterionService#getActive:domain authorization; QualificationCriterionService#getAll:domain authorization	params=[];headers=[];version=;consumes=[];produces=[] / params=[];headers=[];version=;consumes=[];produces=[]	false	unversioned	Backend maintainers	not measured; see API_SURFACE.md	not scheduled
GET	/api/radar	ooo.klae.connex.backend.controllers.RadarController#get	authenticated	MVC workspace resolution attempted for authenticated User; effective scope delegated	RadarService#get:domain authorization	params=[];headers=[];version=;consumes=[];produces=[] / params=[];headers=[];version=;consumes=[];produces=[]	false	unversioned	Backend maintainers	not measured; see API_SURFACE.md	not scheduled
GET	/api/radar/summary	ooo.klae.connex.backend.controllers.RadarController#summary	authenticated	MVC workspace resolution attempted for authenticated User; effective scope delegated	RadarService#summary:domain authorization	params=[];headers=[];version=;consumes=[];produces=[] / params=[];headers=[];version=;consumes=[];produces=[]	false	unversioned	Backend maintainers	not measured; see API_SURFACE.md	not scheduled
GET	/api/radar/{id}/context	ooo.klae.connex.backend.controllers.RadarController#context	authenticated	MVC workspace resolution attempted for authenticated User; effective scope delegated	RadarService#context:domain authorization	params=[];headers=[];version=;consumes=[];produces=[] / params=[];headers=[];version=;consumes=[];produces=[]	false	unversioned	Backend maintainers	not measured; see API_SURFACE.md	not scheduled
GET	/api/record-creation/presets/companies	ooo.klae.connex.backend.controllers.RecordCreationPresetController#companies	authenticated	MVC workspace resolution attempted for authenticated User; effective scope delegated	RecordCreationPresetService#companies:COMPANY_CREATE	params=[];headers=[];version=;consumes=[];produces=[] / params=[];headers=[];version=;consumes=[];produces=[]	false	unversioned	Backend maintainers	not measured; see API_SURFACE.md	not scheduled
GET	/api/record-creation/presets/deals	ooo.klae.connex.backend.controllers.RecordCreationPresetController#deals	authenticated	MVC workspace resolution attempted for authenticated User; effective scope delegated	RecordCreationPresetService#deals:DEAL_CREATE	params=[];headers=[];version=;consumes=[];produces=[] / params=[];headers=[];version=;consumes=[];produces=[]	false	unversioned	Backend maintainers	not measured; see API_SURFACE.md	not scheduled
GET	/api/record-creation/presets/persons	ooo.klae.connex.backend.controllers.RecordCreationPresetController#persons	authenticated	MVC workspace resolution attempted for authenticated User; effective scope delegated	RecordCreationPresetService#persons:PERSON_CREATE	params=[];headers=[];version=;consumes=[];produces=[] / params=[];headers=[];version=;consumes=[];produces=[]	false	unversioned	Backend maintainers	not measured; see API_SURFACE.md	not scheduled
GET	/api/record-creation/templates	ooo.klae.connex.backend.controllers.RecordCreationTemplateController#list	authenticated	MVC workspace resolution attempted for authenticated User; effective scope delegated	RecordCreationTemplateService#list:CUSTOM_FIELD_MANAGE	params=[];headers=[];version=;consumes=[];produces=[] / params=[];headers=[];version=;consumes=[];produces=[]	false	unversioned	Backend maintainers	not measured; see API_SURFACE.md	not scheduled
GET	/api/record-creation/templates/{templateId}	ooo.klae.connex.backend.controllers.RecordCreationTemplateController#get	authenticated	MVC workspace resolution attempted for authenticated User; effective scope delegated	RecordCreationTemplateService#get:CUSTOM_FIELD_MANAGE	params=[];headers=[];version=;consumes=[];produces=[] / params=[];headers=[];version=;consumes=[];produces=[]	false	unversioned	Backend maintainers	not measured; see API_SURFACE.md	not scheduled
GET	/api/reports	ooo.klae.connex.backend.controllers.ReportController#list	authenticated	MVC workspace resolution attempted for authenticated User; effective scope delegated	REPORT_READ; ReportService#list:REPORT_READ	params=[];headers=[];version=;consumes=[];produces=[] / params=[];headers=[];version=;consumes=[];produces=[]	false	unversioned	Backend maintainers	not measured; see API_SURFACE.md	not scheduled
GET	/api/reports/composer/availability	ooo.klae.connex.backend.controllers.ReportController#composerAvailability	authenticated	MVC workspace resolution attempted for authenticated User; effective scope delegated	REPORT_CREATE; ReportComposerService#availability:REPORT_CREATE	params=[];headers=[];version=;consumes=[];produces=[] / params=[];headers=[];version=;consumes=[];produces=[]	false	unversioned	Backend maintainers	not measured; see API_SURFACE.md	not scheduled
GET	/api/reports/templates	ooo.klae.connex.backend.controllers.ReportController#templates	authenticated	MVC workspace resolution attempted for authenticated User; effective scope delegated	REPORT_READ; ReportService#templates:REPORT_READ	params=[];headers=[];version=;consumes=[];produces=[] / params=[];headers=[];version=;consumes=[];produces=[]	false	unversioned	Backend maintainers	not measured; see API_SURFACE.md	not scheduled
GET	/api/reports/{id}	ooo.klae.connex.backend.controllers.ReportController#get	authenticated	MVC workspace resolution attempted for authenticated User; effective scope delegated	REPORT_READ; ReportService#get:REPORT_READ	params=[];headers=[];version=;consumes=[];produces=[] / params=[];headers=[];version=;consumes=[];produces=[]	false	unversioned	Backend maintainers	not measured; see API_SURFACE.md	not scheduled
GET	/api/reports/{id}/snapshots	ooo.klae.connex.backend.controllers.ReportController#listSnapshots	authenticated	MVC workspace resolution attempted for authenticated User; effective scope delegated	REPORT_READ; ReportService#listSnapshots:REPORT_READ	params=[];headers=[];version=;consumes=[];produces=[] / params=[];headers=[];version=;consumes=[];produces=[]	false	unversioned	Backend maintainers	not measured; see API_SURFACE.md	not scheduled
GET	/api/reports/{id}/snapshots/{snapshotId}	ooo.klae.connex.backend.controllers.ReportController#getSnapshot	authenticated	MVC workspace resolution attempted for authenticated User; effective scope delegated	REPORT_READ; ReportService#getSnapshot:REPORT_READ	params=[];headers=[];version=;consumes=[];produces=[] / params=[];headers=[];version=;consumes=[];produces=[]	false	unversioned	Backend maintainers	not measured; see API_SURFACE.md	not scheduled
GET	/api/reports/{id}/snapshots/{snapshotId}/export.csv	ooo.klae.connex.backend.controllers.ReportController#exportSnapshot	authenticated	MVC workspace resolution attempted for authenticated User; effective scope delegated	REPORT_READ; ReportService#exportSnapshotCsv:REPORT_READ	params=[];headers=[];version=;consumes=[];produces=[] / params=[];headers=[];version=;consumes=[];produces=[]	false	unversioned	Backend maintainers	not measured; see API_SURFACE.md	not scheduled
GET	/api/reports/{id}/widgets/{widgetId}/kpi	ooo.klae.connex.backend.controllers.ReportController#widgetKpi	authenticated	MVC workspace resolution attempted for authenticated User; effective scope delegated	REPORT_READ; ReportService#widgetKpi:REPORT_READ	params=[];headers=[];version=;consumes=[];produces=[] / params=[];headers=[];version=;consumes=[];produces=[]	false	unversioned	Backend maintainers	not measured; see API_SURFACE.md	not scheduled
GET	/api/reports/{reportId}/schedule	ooo.klae.connex.backend.controllers.ScheduleController#get	authenticated	MVC workspace resolution attempted for authenticated User; effective scope delegated	REPORT_READ; ScheduleService#get:REPORT_READ	params=[];headers=[];version=;consumes=[];produces=[] / params=[];headers=[];version=;consumes=[];produces=[]	false	unversioned	Backend maintainers	not measured; see API_SURFACE.md	not scheduled
GET	/api/rules	ooo.klae.connex.backend.controllers.RuleController#list	authenticated	MVC workspace resolution attempted for authenticated User; effective scope delegated	RuleService#list:RULE_MANAGE	params=[];headers=[];version=;consumes=[];produces=[] / params=[];headers=[];version=;consumes=[];produces=[]	false	unversioned	Backend maintainers	not measured; see API_SURFACE.md	not scheduled
GET	/api/rules/{id}	ooo.klae.connex.backend.controllers.RuleController#get	authenticated	MVC workspace resolution attempted for authenticated User; effective scope delegated	RuleService#getById:RULE_MANAGE	params=[];headers=[];version=;consumes=[];produces=[] / params=[];headers=[];version=;consumes=[];produces=[]	false	unversioned	Backend maintainers	not measured; see API_SURFACE.md	not scheduled
GET	/api/rules/{id}/executions	ooo.klae.connex.backend.controllers.RuleController#executions	authenticated	MVC workspace resolution attempted for authenticated User; effective scope delegated	RuleService#executions:RULE_MANAGE	params=[];headers=[];version=;consumes=[];produces=[] / params=[];headers=[];version=;consumes=[];produces=[]	false	unversioned	Backend maintainers	not measured; see API_SURFACE.md	not scheduled
GET	/api/saved-views	ooo.klae.connex.backend.controllers.SavedViewController#list	authenticated	MVC workspace resolution attempted for authenticated User; effective scope delegated	SavedViewService#list:domain authorization	params=[];headers=[];version=;consumes=[];produces=[] / params=[];headers=[];version=;consumes=[];produces=[]	false	unversioned	Backend maintainers	not measured; see API_SURFACE.md	not scheduled
GET	/api/saved-views/defaults/{recordType}	ooo.klae.connex.backend.controllers.SavedViewController#getDefault	authenticated	MVC workspace resolution attempted for authenticated User; effective scope delegated	SavedViewService#getDefault:domain authorization	params=[];headers=[];version=;consumes=[];produces=[] / params=[];headers=[];version=;consumes=[];produces=[]	false	unversioned	Backend maintainers	not measured; see API_SURFACE.md	not scheduled
GET	/api/saved-views/pins	ooo.klae.connex.backend.controllers.SavedViewController#listPins	authenticated	MVC workspace resolution attempted for authenticated User; effective scope delegated	SavedViewService#listPins:domain authorization	params=[];headers=[];version=;consumes=[];produces=[] / params=[];headers=[];version=;consumes=[];produces=[]	false	unversioned	Backend maintainers	not measured; see API_SURFACE.md	not scheduled
GET	/api/saved-views/{id:\d+}	ooo.klae.connex.backend.controllers.SavedViewController#getOne	authenticated	MVC workspace resolution attempted for authenticated User; effective scope delegated	SavedViewService#getById:domain authorization	params=[];headers=[];version=;consumes=[];produces=[] / params=[];headers=[];version=;consumes=[];produces=[]	false	unversioned	Backend maintainers	not measured; see API_SURFACE.md	not scheduled
GET	/api/scoring/companies	ooo.klae.connex.backend.controllers.ScoringController#companies	authenticated	MVC workspace resolution attempted for authenticated User; effective scope delegated	ScoringService#scoreCompanies:domain authorization; WorkspaceService#getCurrentWorkspaceId:domain authorization	params=[];headers=[];version=;consumes=[];produces=[] / params=[];headers=[];version=;consumes=[];produces=[]	false	unversioned	Backend maintainers	not measured; see API_SURFACE.md	not scheduled
GET	/api/scoring/companies/cooling	ooo.klae.connex.backend.controllers.ScoringController#coolingCompanies	authenticated	MVC workspace resolution attempted for authenticated User; effective scope delegated	ScoringService#coolingCompanies:domain authorization; WorkspaceService#getCurrentWorkspaceId:domain authorization	params=[];headers=[];version=;consumes=[];produces=[] / params=[];headers=[];version=;consumes=[];produces=[]	false	unversioned	Backend maintainers	not measured; see API_SURFACE.md	not scheduled
GET	/api/scoring/companies/map	ooo.klae.connex.backend.controllers.ScoringController#mapCompanies	authenticated	MVC workspace resolution attempted for authenticated User; effective scope delegated	ScoringService#scoreCompaniesForMap:domain authorization; WorkspaceService#getCurrentWorkspaceId:domain authorization	params=[];headers=[];version=;consumes=[];produces=[] / params=[];headers=[];version=;consumes=[];produces=[]	false	unversioned	Backend maintainers	not measured; see API_SURFACE.md	not scheduled
GET	/api/scoring/companies/{id}/evidence	ooo.klae.connex.backend.controllers.ScoringController#companyEvidence	authenticated	MVC workspace resolution attempted for authenticated User; effective scope delegated	ScoringService#companyEvidence:domain authorization; WorkspaceService#getCurrentUserId:domain authorization; WorkspaceService#getCurrentWorkspaceId:domain authorization	params=[];headers=[];version=;consumes=[];produces=[] / params=[];headers=[];version=;consumes=[];produces=[]	false	unversioned	Backend maintainers	not measured; see API_SURFACE.md	not scheduled
GET	/api/scoring/contacts	ooo.klae.connex.backend.controllers.ScoringController#contacts	authenticated	MVC workspace resolution attempted for authenticated User; effective scope delegated	ScoringService#scoreContacts:domain authorization; WorkspaceService#getCurrentWorkspaceId:domain authorization	params=[];headers=[];version=;consumes=[];produces=[] / params=[];headers=[];version=;consumes=[];produces=[]	false	unversioned	Backend maintainers	not measured; see API_SURFACE.md	not scheduled
GET	/api/scoring/contacts/cooling	ooo.klae.connex.backend.controllers.ScoringController#coolingContacts	authenticated	MVC workspace resolution attempted for authenticated User; effective scope delegated	ScoringService#coolingContacts:domain authorization; WorkspaceService#getCurrentWorkspaceId:domain authorization	params=[];headers=[];version=;consumes=[];produces=[] / params=[];headers=[];version=;consumes=[];produces=[]	false	unversioned	Backend maintainers	not measured; see API_SURFACE.md	not scheduled
GET	/api/scoring/contacts/{id}/evidence	ooo.klae.connex.backend.controllers.ScoringController#contactEvidence	authenticated	MVC workspace resolution attempted for authenticated User; effective scope delegated	ScoringService#contactEvidence:domain authorization; WorkspaceService#getCurrentUserId:domain authorization; WorkspaceService#getCurrentWorkspaceId:domain authorization	params=[];headers=[];version=;consumes=[];produces=[] / params=[];headers=[];version=;consumes=[];produces=[]	false	unversioned	Backend maintainers	not measured; see API_SURFACE.md	not scheduled
GET	/api/scoring/dashboard	ooo.klae.connex.backend.controllers.RelationshipDashboardController#dashboard	authenticated	MVC workspace resolution attempted for authenticated User; effective scope delegated	RelationshipDashboardService#getDashboard:domain authorization; WorkspaceService#getCurrentWorkspaceId:domain authorization	params=[];headers=[];version=;consumes=[];produces=[] / params=[];headers=[];version=;consumes=[];produces=[]	false	unversioned	Backend maintainers	not measured; see API_SURFACE.md	not scheduled
GET	/api/scoring/summary	ooo.klae.connex.backend.controllers.ScoringController#summary	authenticated	MVC workspace resolution attempted for authenticated User; effective scope delegated	ScoringService#summarize:domain authorization; WorkspaceService#getCurrentWorkspaceId:domain authorization	params=[];headers=[];version=;consumes=[];produces=[] / params=[];headers=[];version=;consumes=[];produces=[]	false	unversioned	Backend maintainers	not measured; see API_SURFACE.md	not scheduled
GET	/api/search	ooo.klae.connex.backend.controllers.SearchController#search	authenticated	MVC workspace resolution attempted for authenticated User; effective scope delegated	SearchService#search:domain authorization	params=[];headers=[];version=;consumes=[];produces=[] / params=[];headers=[];version=;consumes=[];produces=[]	false	unversioned	Backend maintainers	not measured; see API_SURFACE.md	not scheduled
GET	/api/segments/catalog	ooo.klae.connex.backend.controllers.SegmentController#catalog	authenticated	MVC workspace resolution attempted for authenticated User; effective scope delegated	SegmentService#catalog:domain authorization	params=[];headers=[];version=;consumes=[];produces=[] / params=[];headers=[];version=;consumes=[];produces=[]	false	unversioned	Backend maintainers	not measured; see API_SURFACE.md	not scheduled
GET	/api/segments/fields	ooo.klae.connex.backend.controllers.SegmentController#fields	authenticated	MVC workspace resolution attempted for authenticated User; effective scope delegated	SegmentService#fields:domain authorization	params=[];headers=[];version=;consumes=[];produces=[] / params=[];headers=[];version=;consumes=[];produces=[]	false	unversioned	Backend maintainers	not measured; see API_SURFACE.md	not scheduled
GET	/api/sequences	ooo.klae.connex.backend.controllers.SequenceController#list	authenticated	MVC workspace resolution attempted for authenticated User; effective scope delegated	SEQUENCE_VIEW; SequenceService#list:SEQUENCE_VIEW	params=[];headers=[];version=;consumes=[];produces=[] / params=[];headers=[];version=;consumes=[];produces=[] / feature=connex.sequences:[enabled]=true;matchIfMissing=false	false	unversioned	Backend maintainers	not measured; see API_SURFACE.md	not scheduled
GET	/api/sequences/merge-fields	ooo.klae.connex.backend.controllers.SequenceController#mergeFields	authenticated	MVC workspace resolution attempted for authenticated User; effective scope delegated	SEQUENCE_VIEW; SequencePreviewService#mergeFields:SEQUENCE_VIEW	params=[];headers=[];version=;consumes=[];produces=[] / params=[];headers=[];version=;consumes=[];produces=[] / feature=connex.sequences:[enabled]=true;matchIfMissing=false	false	unversioned	Backend maintainers	not measured; see API_SURFACE.md	not scheduled
GET	/api/sequences/{id}	ooo.klae.connex.backend.controllers.SequenceController#get	authenticated	MVC workspace resolution attempted for authenticated User; effective scope delegated	SEQUENCE_VIEW; SequenceService#get:SEQUENCE_VIEW	params=[];headers=[];version=;consumes=[];produces=[] / params=[];headers=[];version=;consumes=[];produces=[] / feature=connex.sequences:[enabled]=true;matchIfMissing=false	false	unversioned	Backend maintainers	not measured; see API_SURFACE.md	not scheduled
GET	/api/sequences/{id}/versions	ooo.klae.connex.backend.controllers.SequenceController#listVersions	authenticated	MVC workspace resolution attempted for authenticated User; effective scope delegated	SEQUENCE_VIEW; SequenceVersionService#list:SEQUENCE_VIEW	params=[];headers=[];version=;consumes=[];produces=[] / params=[];headers=[];version=;consumes=[];produces=[] / feature=connex.sequences:[enabled]=true;matchIfMissing=false	false	unversioned	Backend maintainers	not measured; see API_SURFACE.md	not scheduled
GET	/api/sequences/{id}/versions/{version}	ooo.klae.connex.backend.controllers.SequenceController#getVersion	authenticated	MVC workspace resolution attempted for authenticated User; effective scope delegated	SEQUENCE_VIEW; SequenceVersionService#get:SEQUENCE_VIEW	params=[];headers=[];version=;consumes=[];produces=[] / params=[];headers=[];version=;consumes=[];produces=[] / feature=connex.sequences:[enabled]=true;matchIfMissing=false	false	unversioned	Backend maintainers	not measured; see API_SURFACE.md	not scheduled
GET	/api/shares/{type}/{id}	ooo.klae.connex.backend.controllers.ShareController#list	authenticated	MVC workspace resolution attempted for authenticated User; effective scope delegated	ShareService#listShares:domain authorization	params=[];headers=[];version=;consumes=[];produces=[] / params=[];headers=[];version=;consumes=[];produces=[] / feature=:[connex.sharing.enabled]=true;matchIfMissing=true	false	unversioned	Backend maintainers	not measured; see API_SURFACE.md	not scheduled
GET	/api/suppressions	ooo.klae.connex.backend.controllers.SuppressionController#list	authenticated	MVC workspace resolution attempted for authenticated User; effective scope delegated	CONSENT_MANAGE; SuppressionService#list:CONSENT_MANAGE	params=[];headers=[];version=;consumes=[];produces=[] / params=[];headers=[];version=;consumes=[];produces=[]	false	unversioned	Backend maintainers	not measured; see API_SURFACE.md	not scheduled
GET	/api/tags	ooo.klae.connex.backend.controllers.TagController#getAllTags	authenticated	MVC workspace resolution attempted for authenticated User; effective scope delegated	TagService#getAllTags:domain authorization	params=[];headers=[];version=;consumes=[];produces=[] / params=[];headers=[];version=;consumes=[];produces=[]	false	unversioned	Backend maintainers	not measured; see API_SURFACE.md	not scheduled
GET	/api/tags/{id}	ooo.klae.connex.backend.controllers.TagController#getTagById	authenticated	MVC workspace resolution attempted for authenticated User; effective scope delegated	TagService#getTagById:domain authorization	params=[];headers=[];version=;consumes=[];produces=[] / params=[];headers=[];version=;consumes=[];produces=[]	false	unversioned	Backend maintainers	not measured; see API_SURFACE.md	not scheduled
GET	/api/tags/{id}/companies	ooo.klae.connex.backend.controllers.TagController#getCompaniesForTag	authenticated	MVC workspace resolution attempted for authenticated User; effective scope delegated	TagService#getCompaniesByTagId:domain authorization	params=[];headers=[];version=;consumes=[];produces=[] / params=[];headers=[];version=;consumes=[];produces=[]	false	unversioned	Backend maintainers	not measured; see API_SURFACE.md	not scheduled
GET	/api/tags/{id}/deals	ooo.klae.connex.backend.controllers.TagController#getDealsForTag	authenticated	MVC workspace resolution attempted for authenticated User; effective scope delegated	TagService#getDealsByTagId:domain authorization	params=[];headers=[];version=;consumes=[];produces=[] / params=[];headers=[];version=;consumes=[];produces=[]	false	unversioned	Backend maintainers	not measured; see API_SURFACE.md	not scheduled
GET	/api/tags/{id}/people	ooo.klae.connex.backend.controllers.TagController#getPeopleForTag	authenticated	MVC workspace resolution attempted for authenticated User; effective scope delegated	TagService#getPersonsByTagId:domain authorization	params=[];headers=[];version=;consumes=[];produces=[] / params=[];headers=[];version=;consumes=[];produces=[]	false	unversioned	Backend maintainers	not measured; see API_SURFACE.md	not scheduled
GET	/api/tasks	ooo.klae.connex.backend.controllers.TaskController#getTasks	authenticated	MVC workspace resolution attempted for authenticated User; effective scope delegated	TaskService#getTasksByAssignedToId:domain authorization; TaskService#getTasksByDealId:domain authorization; TaskService#getTasksByPersonId:domain authorization	params=[];headers=[];version=;consumes=[];produces=[] / params=[];headers=[];version=;consumes=[];produces=[]	false	unversioned	Backend maintainers	not measured; see API_SURFACE.md	not scheduled
GET	/api/tasks/page	ooo.klae.connex.backend.controllers.TaskController#getTasksPage	authenticated	MVC workspace resolution attempted for authenticated User; effective scope delegated	TaskService#countTasks:domain authorization; TaskService#getTasksPage:domain authorization	params=[];headers=[];version=;consumes=[];produces=[] / params=[];headers=[];version=;consumes=[];produces=[]	false	unversioned	Backend maintainers	not measured; see API_SURFACE.md	not scheduled
GET	/api/tasks/summary	ooo.klae.connex.backend.controllers.TaskController#getTaskSummary	authenticated	MVC workspace resolution attempted for authenticated User; effective scope delegated	TaskService#getTaskSummary:domain authorization	params=[];headers=[];version=;consumes=[];produces=[] / params=[];headers=[];version=;consumes=[];produces=[]	false	unversioned	Backend maintainers	not measured; see API_SURFACE.md	not scheduled
GET	/api/tasks/upcoming	ooo.klae.connex.backend.controllers.TaskController#getUpcomingTasks	authenticated	MVC workspace resolution attempted for authenticated User; effective scope delegated	TaskService#getUpcomingOpenTasks:domain authorization	params=[];headers=[];version=;consumes=[];produces=[] / params=[];headers=[];version=;consumes=[];produces=[]	false	unversioned	Backend maintainers	not measured; see API_SURFACE.md	not scheduled
GET	/api/tasks/{id}	ooo.klae.connex.backend.controllers.TaskController#getTaskById	authenticated	MVC workspace resolution attempted for authenticated User; effective scope delegated	TaskService#getTaskById:domain authorization	params=[];headers=[];version=;consumes=[];produces=[] / params=[];headers=[];version=;consumes=[];produces=[]	false	unversioned	Backend maintainers	not measured; see API_SURFACE.md	not scheduled
GET	/api/teams	ooo.klae.connex.backend.controllers.TeamController#list	authenticated	MVC workspace resolution attempted for authenticated User; effective scope delegated	TeamService#list:domain authorization	params=[];headers=[];version=;consumes=[];produces=[] / params=[];headers=[];version=;consumes=[];produces=[]	false	unversioned	Backend maintainers	not measured; see API_SURFACE.md	not scheduled
GET	/api/teams/{id:\d+}	ooo.klae.connex.backend.controllers.TeamController#get	authenticated	MVC workspace resolution attempted for authenticated User; effective scope delegated	TeamService#get:domain authorization	params=[];headers=[];version=;consumes=[];produces=[] / params=[];headers=[];version=;consumes=[];produces=[]	false	unversioned	Backend maintainers	not measured; see API_SURFACE.md	not scheduled
GET	/api/users	ooo.klae.connex.backend.controllers.UserController#getAllUsers	authenticated	MVC workspace resolution attempted for authenticated User; effective scope delegated	UserService#getAllUsers:domain authorization	params=[];headers=[];version=;consumes=[];produces=[] / params=[];headers=[];version=;consumes=[];produces=[]	false	unversioned	Backend maintainers	not measured; see API_SURFACE.md	not scheduled
GET	/api/users/references	ooo.klae.connex.backend.controllers.UserController#getUserReferences	authenticated	MVC workspace resolution attempted for authenticated User; effective scope delegated	UserService#getActiveWorkspaceMemberReferences:domain authorization	params=[];headers=[];version=;consumes=[];produces=[] / params=[];headers=[];version=;consumes=[];produces=[]	false	unversioned	Backend maintainers	not measured; see API_SURFACE.md	not scheduled
GET	/api/users/{id}	ooo.klae.connex.backend.controllers.UserController#getUserById	authenticated	MVC workspace resolution attempted for authenticated User; effective scope delegated	UserService#getUserById:domain authorization	params=[];headers=[];version=;consumes=[];produces=[] / params=[];headers=[];version=;consumes=[];produces=[]	false	unversioned	Backend maintainers	not measured; see API_SURFACE.md	not scheduled
GET	/api/users/{id}/activities	ooo.klae.connex.backend.controllers.UserController#getActivitiesForUser	authenticated	MVC workspace resolution attempted for authenticated User; effective scope delegated	UserService#getActivitiesByUserId:domain authorization	params=[];headers=[];version=;consumes=[];produces=[] / params=[];headers=[];version=;consumes=[];produces=[]	false	unversioned	Backend maintainers	not measured; see API_SURFACE.md	not scheduled
GET	/api/users/{id}/notes	ooo.klae.connex.backend.controllers.UserController#getNotesForUser	authenticated	MVC workspace resolution attempted for authenticated User; effective scope delegated	UserService#getNotesByUserId:domain authorization	params=[];headers=[];version=;consumes=[];produces=[] / params=[];headers=[];version=;consumes=[];produces=[]	false	unversioned	Backend maintainers	not measured; see API_SURFACE.md	not scheduled
GET	/api/users/{id}/profile-picture/{token:.+}	ooo.klae.connex.backend.controllers.UserController#getProfilePicture	authenticated	MVC workspace resolution attempted for authenticated User; effective scope delegated	UserService#getProfilePictureContent:domain authorization	params=[];headers=[];version=;consumes=[];produces=[] / params=[];headers=[];version=;consumes=[];produces=[]	false	unversioned	Backend maintainers	not measured; see API_SURFACE.md	not scheduled
GET	/api/users/{id}/tasks	ooo.klae.connex.backend.controllers.UserController#getTasksForUser	authenticated	MVC workspace resolution attempted for authenticated User; effective scope delegated	UserService#getTasksByUserId:domain authorization	params=[];headers=[];version=;consumes=[];produces=[] / params=[];headers=[];version=;consumes=[];produces=[]	false	unversioned	Backend maintainers	not measured; see API_SURFACE.md	not scheduled
GET	/api/v1/me	ooo.klae.connex.backend.controllers.v1.PublicApiIdentityController#me	bearer:PUBLIC_API_AUTHENTICATED; disabled unless connex.public-api.enabled	credential-bound workspace	ApiCredentialService#currentCredential:domain authorization	params=[];headers=[];version=;consumes=[];produces=[] / params=[];headers=[];version=;consumes=[];produces=[] / feature=:[connex.public-api.enabled]=true;matchIfMissing=false	false	v1	Backend maintainers	not measured; see API_SURFACE.md	not scheduled
GET	/api/version	ooo.klae.connex.backend.controllers.VersionController#version	permitAll	no MVC workspace resolution; domain scope if applicable	controller/filter boundary; no direct annotated service call	params=[];headers=[];version=;consumes=[];produces=[] / params=[];headers=[];version=;consumes=[];produces=[]	false	unversioned	Backend maintainers	not measured; see API_SURFACE.md	not scheduled
GET	/api/workflow-operations/runs	ooo.klae.connex.backend.controllers.WorkflowOperationsController#runs	authenticated	MVC workspace resolution attempted for authenticated User; effective scope delegated	WorkflowOperationsService#runs:RULE_MANAGE	params=[];headers=[];version=;consumes=[];produces=[] / params=[];headers=[];version=;consumes=[];produces=[]	false	unversioned	Backend maintainers	not measured; see API_SURFACE.md	not scheduled
GET	/api/workflow-operations/summary	ooo.klae.connex.backend.controllers.WorkflowOperationsController#summary	authenticated	MVC workspace resolution attempted for authenticated User; effective scope delegated	WorkflowOperationsService#summary:RULE_MANAGE	params=[];headers=[];version=;consumes=[];produces=[] / params=[];headers=[];version=;consumes=[];produces=[]	false	unversioned	Backend maintainers	not measured; see API_SURFACE.md	not scheduled
GET	/api/workflow-recipes	ooo.klae.connex.backend.controllers.WorkflowRecipeController#list	authenticated	MVC workspace resolution attempted for authenticated User; effective scope delegated	WorkflowRecipeService#list:RULE_MANAGE	params=[];headers=[];version=;consumes=[];produces=[] / params=[];headers=[];version=;consumes=[];produces=[]	false	unversioned	Backend maintainers	not measured; see API_SURFACE.md	not scheduled
GET	/api/workflow-recipes/{recipeKey}	ooo.klae.connex.backend.controllers.WorkflowRecipeController#get	authenticated	MVC workspace resolution attempted for authenticated User; effective scope delegated	WorkflowRecipeService#get:RULE_MANAGE	params=[];headers=[];version=;consumes=[];produces=[] / params=[];headers=[];version=;consumes=[];produces=[]	false	unversioned	Backend maintainers	not measured; see API_SURFACE.md	not scheduled
GET	/api/workflows	ooo.klae.connex.backend.controllers.WorkflowController#list	authenticated	MVC workspace resolution attempted for authenticated User; effective scope delegated	WorkflowService#list:RULE_MANAGE	params=[];headers=[];version=;consumes=[];produces=[] / params=[];headers=[];version=;consumes=[];produces=[]	false	unversioned	Backend maintainers	not measured; see API_SURFACE.md	not scheduled
GET	/api/workflows/legacy-rules/{legacyRuleId}	ooo.klae.connex.backend.controllers.WorkflowController#resolveLegacyRule	authenticated	MVC workspace resolution attempted for authenticated User; effective scope delegated	WorkflowService#resolveLegacyRule:RULE_MANAGE	params=[];headers=[];version=;consumes=[];produces=[] / params=[];headers=[];version=;consumes=[];produces=[]	false	unversioned	Backend maintainers	not measured; see API_SURFACE.md	not scheduled
GET	/api/workflows/{id}	ooo.klae.connex.backend.controllers.WorkflowController#get	authenticated	MVC workspace resolution attempted for authenticated User; effective scope delegated	WorkflowService#getById:RULE_MANAGE	params=[];headers=[];version=;consumes=[];produces=[] / params=[];headers=[];version=;consumes=[];produces=[]	false	unversioned	Backend maintainers	not measured; see API_SURFACE.md	not scheduled
GET	/api/workflows/{id}/versions	ooo.klae.connex.backend.controllers.WorkflowController#versions	authenticated	MVC workspace resolution attempted for authenticated User; effective scope delegated	WorkflowService#versions:RULE_MANAGE	params=[];headers=[];version=;consumes=[];produces=[] / params=[];headers=[];version=;consumes=[];produces=[]	false	unversioned	Backend maintainers	not measured; see API_SURFACE.md	not scheduled
GET	/api/workflows/{workflowId}/manual-runs/{invocationId}	ooo.klae.connex.backend.controllers.WorkflowManualRunController#get	authenticated	MVC workspace resolution attempted for authenticated User; effective scope delegated	WorkflowManualRunService#get:RULE_MANAGE	params=[];headers=[];version=;consumes=[];produces=[] / params=[];headers=[];version=;consumes=[];produces=[]	false	unversioned	Backend maintainers	not measured; see API_SURFACE.md	not scheduled
GET	/api/workflows/{workflowId}/operations	ooo.klae.connex.backend.controllers.WorkflowOperationsController#workflow	authenticated	MVC workspace resolution attempted for authenticated User; effective scope delegated	WorkflowOperationsService#workflow:RULE_MANAGE	params=[];headers=[];version=;consumes=[];produces=[] / params=[];headers=[];version=;consumes=[];produces=[]	false	unversioned	Backend maintainers	not measured; see API_SURFACE.md	not scheduled
GET	/api/workflows/{workflowId}/runs	ooo.klae.connex.backend.controllers.WorkflowRunController#list	authenticated	MVC workspace resolution attempted for authenticated User; effective scope delegated	WorkflowRunReadService#listRuns:RULE_MANAGE	params=[];headers=[];version=;consumes=[];produces=[] / params=[];headers=[];version=;consumes=[];produces=[]	false	unversioned	Backend maintainers	not measured; see API_SURFACE.md	not scheduled
GET	/api/workflows/{workflowId}/runs/{runKey}	ooo.klae.connex.backend.controllers.WorkflowRunController#get	authenticated	MVC workspace resolution attempted for authenticated User; effective scope delegated	WorkflowRunReadService#getRun:RULE_MANAGE	params=[];headers=[];version=;consumes=[];produces=[] / params=[];headers=[];version=;consumes=[];produces=[]	false	unversioned	Backend maintainers	not measured; see API_SURFACE.md	not scheduled
GET	/api/workspaces	ooo.klae.connex.backend.controllers.WorkspaceController#myWorkspaces	authenticated	MVC workspace resolution attempted for authenticated User; effective scope delegated	AuthService#getCurrentUser:domain authorization; WorkspaceService#defaultWorkspaceIdFor:domain authorization; WorkspaceService#getMembershipsForCurrentUser:domain authorization	params=[];headers=[];version=;consumes=[];produces=[] / params=[];headers=[];version=;consumes=[];produces=[]	false	unversioned	Backend maintainers	not measured; see API_SURFACE.md	not scheduled
GET	/api/workspaces/pending	ooo.klae.connex.backend.controllers.WorkspaceController#pending	authenticated	MVC workspace resolution attempted for authenticated User; effective scope delegated	AuthService#getCurrentUser:domain authorization; WorkspaceService#pendingMemberships:domain authorization	params=[];headers=[];version=;consumes=[];produces=[] / params=[];headers=[];version=;consumes=[];produces=[]	false	unversioned	Backend maintainers	not measured; see API_SURFACE.md	not scheduled
GET	/api/workspaces/{id}/allowed-domains	ooo.klae.connex.backend.controllers.WorkspaceController#allowedDomains	authenticated	MVC workspace resolution attempted for authenticated User; effective scope delegated	AllowedDomainService#listDomains:domain authorization; AuthService#getCurrentUser:domain authorization	params=[];headers=[];version=;consumes=[];produces=[] / params=[];headers=[];version=;consumes=[];produces=[]	false	unversioned	Backend maintainers	not measured; see API_SURFACE.md	not scheduled
GET	/api/workspaces/{id}/diagnostics	ooo.klae.connex.backend.controllers.TenantDiagnosticsController#workspaceDiagnostics	authenticated	MVC workspace resolution attempted for authenticated User; effective scope delegated	AuthService#getCurrentUser:domain authorization; TenantDiagnosticsService#forWorkspace:domain authorization; WorkspaceService#requirePermission:domain authorization; explicit:WORKSPACE_SETTINGS	params=[];headers=[];version=;consumes=[];produces=[]	false	unversioned	Backend maintainers	not measured; see API_SURFACE.md	not scheduled
GET	/api/workspaces/{id}/invite-links	ooo.klae.connex.backend.controllers.WorkspaceController#inviteLinks	authenticated	MVC workspace resolution attempted for authenticated User; effective scope delegated	AuthService#getCurrentUser:domain authorization; InviteLinkService#listLinks:domain authorization	params=[];headers=[];version=;consumes=[];produces=[] / params=[];headers=[];version=;consumes=[];produces=[]	false	unversioned	Backend maintainers	not measured; see API_SURFACE.md	not scheduled
GET	/api/workspaces/{id}/invites	ooo.klae.connex.backend.controllers.WorkspaceController#invites	authenticated	MVC workspace resolution attempted for authenticated User; effective scope delegated	AuthService#getCurrentUser:domain authorization; InviteService#listInvites:domain authorization	params=[];headers=[];version=;consumes=[];produces=[] / params=[];headers=[];version=;consumes=[];produces=[]	false	unversioned	Backend maintainers	not measured; see API_SURFACE.md	not scheduled
GET	/api/workspaces/{id}/mail-config	ooo.klae.connex.backend.controllers.WorkspaceMailConfigController#get	authenticated	MVC workspace resolution attempted for authenticated User; effective scope delegated	AuthService#getCurrentUser:domain authorization; WorkspaceMailConfigService#getConfig:domain authorization	params=[];headers=[];version=;consumes=[];produces=[] / params=[];headers=[];version=;consumes=[];produces=[]	false	unversioned	Backend maintainers	not measured; see API_SURFACE.md	not scheduled
GET	/api/workspaces/{id}/members	ooo.klae.connex.backend.controllers.WorkspaceController#members	authenticated	MVC workspace resolution attempted for authenticated User; effective scope delegated	AuthService#getCurrentUser:domain authorization; WorkspaceService#getMembersWithRoles:domain authorization	params=[];headers=[];version=;consumes=[];produces=[] / params=[];headers=[];version=;consumes=[];produces=[]	false	unversioned	Backend maintainers	not measured; see API_SURFACE.md	not scheduled
GET	/api/workspaces/{workspaceId}/roles	ooo.klae.connex.backend.controllers.RoleController#list	authenticated	MVC workspace resolution attempted for authenticated User; effective scope delegated	AuthService#getCurrentUser:domain authorization; RoleService#listRoles:domain authorization	params=[];headers=[];version=;consumes=[];produces=[] / params=[];headers=[];version=;consumes=[];produces=[]	false	unversioned	Backend maintainers	not measured; see API_SURFACE.md	not scheduled
GET	/api/workspaces/{workspaceId}/roles/built-in	ooo.klae.connex.backend.controllers.RoleController#builtIn	authenticated	MVC workspace resolution attempted for authenticated User; effective scope delegated	AuthService#getCurrentUser:domain authorization; RoleService#builtInRoles:domain authorization	params=[];headers=[];version=;consumes=[];produces=[] / params=[];headers=[];version=;consumes=[];produces=[]	false	unversioned	Backend maintainers	not measured; see API_SURFACE.md	not scheduled
GET	/api/workspaces/{workspaceId}/secret-store/diagnostics	ooo.klae.connex.backend.controllers.SecretStoreDiagnosticsController#workspaceDiagnostics	authenticated	MVC workspace resolution attempted for authenticated User; effective scope delegated	AuthService#getCurrentUser:domain authorization; SecretStoreLifecycleService#diagnosticsForWorkspace:domain authorization; WorkspaceService#requirePermission:domain authorization; explicit:WORKSPACE_SETTINGS	params=[];headers=[];version=;consumes=[];produces=[]	false	unversioned	Backend maintainers	not measured; see API_SURFACE.md	not scheduled
GET	/api/ws	WebSocketHttpRequestHandler	authenticated; session-bound WebSocket handshake	no MVC workspace resolution; handler-owned scope	framework authentication protocol	filter/handshake route; CSRF policy and protocol validation apply	false	unversioned	Backend maintainers	not measured; see API_SURFACE.md	not scheduled
GET	/saml2/authenticate	Saml2WebSsoAuthenticationRequestFilter	permitAll; SSO enabled	no MVC workspace resolution	SAML relying-party registration	Spring default; registrationId path variable or query parameter; CSRF policy applies	false	unversioned	Backend maintainers	not measured; see API_SURFACE.md	not scheduled
GET	/saml2/authenticate/{registrationId}	Saml2WebSsoAuthenticationRequestFilter	permitAll; SSO enabled	no MVC workspace resolution	SAML relying-party registration	Spring default; registrationId path variable or query parameter; CSRF policy applies	false	unversioned	Backend maintainers	not measured; see API_SURFACE.md	not scheduled
HEAD	/api/account/connections	ooo.klae.connex.backend.controllers.ProviderConnectionController#getConnections	authenticated	MVC workspace resolution attempted for authenticated User; effective scope delegated	ProviderConnectionService#getForCurrentUser:domain authorization	params=[];headers=[];version=;consumes=[];produces=[] / params=[];headers=[];version=;consumes=[];produces=[]	false	unversioned	Backend maintainers	not measured; see API_SURFACE.md	not scheduled
HEAD	/api/account/connections/callback/{provider}	ooo.klae.connex.backend.controllers.ProviderConnectionController#callback	authenticated	MVC workspace resolution attempted for authenticated User; effective scope delegated	ProviderConnectionService#completeCallback:domain authorization	params=[];headers=[];version=;consumes=[];produces=[] / params=[];headers=[];version=;consumes=[];produces=[]	false	unversioned	Backend maintainers	not measured; see API_SURFACE.md	not scheduled
HEAD	/api/account/connections/capture	ooo.klae.connex.backend.controllers.ProviderCaptureController#overview	authenticated	MVC workspace resolution attempted for authenticated User; effective scope delegated	ProviderCapturePolicyService#getCurrentOverview:domain authorization	params=[];headers=[];version=;consumes=[];produces=[] / params=[];headers=[];version=;consumes=[];produces=[]	false	unversioned	Backend maintainers	not measured; see API_SURFACE.md	not scheduled
HEAD	/api/account/connections/native/helper	ooo.klae.connex.backend.controllers.NativeConnectController#helper	authenticated	MVC workspace resolution attempted for authenticated User; effective scope delegated	NativeConnectService#helperScript:domain authorization	params=[];headers=[];version=;consumes=[];produces=[] / params=[];headers=[];version=;consumes=[];produces=[text/plain]	false	unversioned	Backend maintainers	not measured; see API_SURFACE.md	not scheduled
HEAD	/api/account/connections/native/{provider}/pairing	ooo.klae.connex.backend.controllers.NativeConnectController#pairingStatus	authenticated	MVC workspace resolution attempted for authenticated User; effective scope delegated	NativeConnectService#pairingStatus:domain authorization	params=[];headers=[];version=;consumes=[];produces=[] / params=[];headers=[];version=;consumes=[];produces=[]	false	unversioned	Backend maintainers	not measured; see API_SURFACE.md	not scheduled
HEAD	/api/account/connections/{provider}/reviews	ooo.klae.connex.backend.controllers.ProviderCaptureController#reviews	authenticated	MVC workspace resolution attempted for authenticated User; effective scope delegated	ProviderCaptureReviewService#page:domain authorization	params=[];headers=[];version=;consumes=[];produces=[] / params=[];headers=[];version=;consumes=[];produces=[]	false	unversioned	Backend maintainers	not measured; see API_SURFACE.md	not scheduled
HEAD	/api/activities	ooo.klae.connex.backend.controllers.ActivityController#getActivities	authenticated	MVC workspace resolution attempted for authenticated User; effective scope delegated	ActivityService#getActivitiesByCreatedById:domain authorization; ActivityService#getActivitiesByDealId:domain authorization; ActivityService#getActivitiesByPersonId:domain authorization; ActivityService#getActivitiesPage:domain authorization	params=[];headers=[];version=;consumes=[];produces=[] / params=[];headers=[];version=;consumes=[];produces=[]	false	unversioned	Backend maintainers	not measured; see API_SURFACE.md	not scheduled
HEAD	/api/activities/leaderboard	ooo.klae.connex.backend.controllers.ActivityController#getTeamLeaderboard	authenticated	MVC workspace resolution attempted for authenticated User; effective scope delegated	ActivityService#getTeamLeaderboard:domain authorization	params=[];headers=[];version=;consumes=[];produces=[] / params=[];headers=[];version=;consumes=[];produces=[]	false	unversioned	Backend maintainers	not measured; see API_SURFACE.md	not scheduled
HEAD	/api/activities/page	ooo.klae.connex.backend.controllers.ActivityController#getActivitiesPage	authenticated	MVC workspace resolution attempted for authenticated User; effective scope delegated	ActivityService#countActivities:domain authorization; ActivityService#getActivitiesPage:domain authorization	params=[];headers=[];version=;consumes=[];produces=[] / params=[];headers=[];version=;consumes=[];produces=[]	false	unversioned	Backend maintainers	not measured; see API_SURFACE.md	not scheduled
HEAD	/api/activities/upcoming-count	ooo.klae.connex.backend.controllers.ActivityController#getUpcomingCount	authenticated	MVC workspace resolution attempted for authenticated User; effective scope delegated	ActivityService#getUpcomingCount:domain authorization	params=[];headers=[];version=;consumes=[];produces=[] / params=[];headers=[];version=;consumes=[];produces=[]	false	unversioned	Backend maintainers	not measured; see API_SURFACE.md	not scheduled
HEAD	/api/activities/volume	ooo.klae.connex.backend.controllers.ActivityController#getActivityVolume	authenticated	MVC workspace resolution attempted for authenticated User; effective scope delegated	ActivityService#getActivityVolume:domain authorization	params=[];headers=[];version=;consumes=[];produces=[] / params=[];headers=[];version=;consumes=[];produces=[]	false	unversioned	Backend maintainers	not measured; see API_SURFACE.md	not scheduled
HEAD	/api/activities/{id}	ooo.klae.connex.backend.controllers.ActivityController#getActivityById	authenticated	MVC workspace resolution attempted for authenticated User; effective scope delegated	ActivityService#getActivityById:domain authorization	params=[];headers=[];version=;consumes=[];produces=[] / params=[];headers=[];version=;consumes=[];produces=[]	false	unversioned	Backend maintainers	not measured; see API_SURFACE.md	not scheduled
HEAD	/api/ai/assistant/brief-schedule	ooo.klae.connex.backend.controllers.AiAssistantProactiveController#briefSchedule	authenticated	MVC workspace resolution attempted for authenticated User; effective scope delegated	AiBriefScheduleService#get:AI_USE	params=[];headers=[];version=;consumes=[];produces=[] / params=[];headers=[];version=;consumes=[];produces=[]	false	unversioned	Backend maintainers	not measured; see API_SURFACE.md	not scheduled
HEAD	/api/ai/assistant/command-center	ooo.klae.connex.backend.controllers.AiAssistantProactiveController#commandCenter	authenticated	MVC workspace resolution attempted for authenticated User; effective scope delegated	AiCommandCenterService#get:AI_USE	params=[];headers=[];version=;consumes=[];produces=[] / params=[];headers=[];version=;consumes=[];produces=[]	false	unversioned	Backend maintainers	not measured; see API_SURFACE.md	not scheduled
HEAD	/api/ai/assistant/sessions	ooo.klae.connex.backend.controllers.AiAssistantController#page	authenticated	MVC workspace resolution attempted for authenticated User; effective scope delegated	AiAssistantService#page:AI_USE	params=[];headers=[];version=;consumes=[];produces=[] / params=[];headers=[];version=;consumes=[];produces=[]	false	unversioned	Backend maintainers	not measured; see API_SURFACE.md	not scheduled
HEAD	/api/ai/assistant/sessions/invitations	ooo.klae.connex.backend.controllers.AiAssistantController#invitations	authenticated	MVC workspace resolution attempted for authenticated User; effective scope delegated	AiAssistantService#pageInvitations:AI_USE	params=[];headers=[];version=;consumes=[];produces=[] / params=[];headers=[];version=;consumes=[];produces=[]	false	unversioned	Backend maintainers	not measured; see API_SURFACE.md	not scheduled
HEAD	/api/ai/assistant/sessions/{id:\d+}	ooo.klae.connex.backend.controllers.AiAssistantController#get	authenticated	MVC workspace resolution attempted for authenticated User; effective scope delegated	AiAssistantService#get:AI_USE	params=[];headers=[];version=;consumes=[];produces=[] / params=[];headers=[];version=;consumes=[];produces=[]	false	unversioned	Backend maintainers	not measured; see API_SURFACE.md	not scheduled
HEAD	/api/ai/assistant/sessions/{id:\d+}/attachments	ooo.klae.connex.backend.controllers.AiAssistantController#listAttachments	authenticated	MVC workspace resolution attempted for authenticated User; effective scope delegated	AiChatAttachmentService#list:AI_USE	params=[];headers=[];version=;consumes=[];produces=[] / params=[];headers=[];version=;consumes=[];produces=[]	false	unversioned	Backend maintainers	not measured; see API_SURFACE.md	not scheduled
HEAD	/api/ai/assistant/sessions/{id:\d+}/participants	ooo.klae.connex.backend.controllers.AiAssistantController#participants	authenticated	MVC workspace resolution attempted for authenticated User; effective scope delegated	AiAssistantService#participants:AI_USE	params=[];headers=[];version=;consumes=[];produces=[] / params=[];headers=[];version=;consumes=[];produces=[]	false	unversioned	Backend maintainers	not measured; see API_SURFACE.md	not scheduled
HEAD	/api/ai/assistant/sessions/{id:\d+}/presence	ooo.klae.connex.backend.controllers.AiAssistantController#presence	authenticated	MVC workspace resolution attempted for authenticated User; effective scope delegated	AiAssistantService#presence:AI_USE	params=[];headers=[];version=;consumes=[];produces=[] / params=[];headers=[];version=;consumes=[];produces=[]	false	unversioned	Backend maintainers	not measured; see API_SURFACE.md	not scheduled
HEAD	/api/ai/assistant/sessions/{sessionId:\d+}/tool-calls	ooo.klae.connex.backend.controllers.AiAssistantController#listToolCalls	authenticated	MVC workspace resolution attempted for authenticated User; effective scope delegated	AiAssistantToolCallReadService#list:domain authorization	params=[];headers=[];version=;consumes=[];produces=[] / params=[];headers=[];version=;consumes=[];produces=[]	false	unversioned	Backend maintainers	not measured; see API_SURFACE.md	not scheduled
HEAD	/api/ai/assistant/sessions/{sessionId:\d+}/tool-calls/{toolCallId:\d+}	ooo.klae.connex.backend.controllers.AiAssistantController#getToolCall	authenticated	MVC workspace resolution attempted for authenticated User; effective scope delegated	AiAssistantToolCallReadService#get:domain authorization	params=[];headers=[];version=;consumes=[];produces=[] / params=[];headers=[];version=;consumes=[];produces=[]	false	unversioned	Backend maintainers	not measured; see API_SURFACE.md	not scheduled
HEAD	/api/ai/assistant/sessions/{sessionId:\d+}/turns/{turnId:\d+}	ooo.klae.connex.backend.controllers.AiAssistantController#getTurn	authenticated	MVC workspace resolution attempted for authenticated User; effective scope delegated	AiAssistantTurnService#get:AI_USE	params=[];headers=[];version=;consumes=[];produces=[] / params=[];headers=[];version=;consumes=[];produces=[]	false	unversioned	Backend maintainers	not measured; see API_SURFACE.md	not scheduled
HEAD	/api/ai/assistant/skills	ooo.klae.connex.backend.controllers.AiAssistantSkillController#list	authenticated	MVC workspace resolution attempted for authenticated User; effective scope delegated	AiSkillDirectoryService#list:AI_USE	params=[];headers=[];version=;consumes=[];produces=[] / params=[];headers=[];version=;consumes=[];produces=[]	false	unversioned	Backend maintainers	not measured; see API_SURFACE.md	not scheduled
HEAD	/api/ai/assistant/watches	ooo.klae.connex.backend.controllers.AiAssistantProactiveController#watches	authenticated	MVC workspace resolution attempted for authenticated User; effective scope delegated	AiWatchService#list:AI_USE	params=[];headers=[];version=;consumes=[];produces=[] / params=[];headers=[];version=;consumes=[];produces=[]	false	unversioned	Backend maintainers	not measured; see API_SURFACE.md	not scheduled
HEAD	/api/ai/budget	ooo.klae.connex.backend.controllers.AiOrganizationBudgetController#get	authenticated	MVC workspace resolution attempted for authenticated User; effective scope delegated	AiOrganizationBudgetService#getForWorkspace:domain authorization; AuthService#getCurrentUser:domain authorization	params=[];headers=[];version=;consumes=[];produces=[] / params=[];headers=[];version=;consumes=[];produces=[]	false	unversioned	Backend maintainers	not measured; see API_SURFACE.md	not scheduled
HEAD	/api/ai/generations/{handle}	ooo.klae.connex.backend.controllers.AiGenerationController#status	authenticated	MVC workspace resolution attempted for authenticated User; effective scope delegated	AiGenerationService#status:domain authorization	params=[];headers=[];version=;consumes=[];produces=[] / params=[];headers=[];version=;consumes=[];produces=[]	false	unversioned	Backend maintainers	not measured; see API_SURFACE.md	not scheduled
HEAD	/api/ai/governance	ooo.klae.connex.backend.controllers.AiWorkspaceGovernanceController#get	authenticated	MVC workspace resolution attempted for authenticated User; effective scope delegated	AiWorkspaceGovernanceService#getForWorkspace:domain authorization; AuthService#getCurrentUser:domain authorization	params=[];headers=[];version=;consumes=[];produces=[] / params=[];headers=[];version=;consumes=[];produces=[]	false	unversioned	Backend maintainers	not measured; see API_SURFACE.md	not scheduled
HEAD	/api/ai/provider	ooo.klae.connex.backend.controllers.AiProviderConfigController#get	authenticated	MVC workspace resolution attempted for authenticated User; effective scope delegated	AiProviderConfigService#getForWorkspace:domain authorization; AuthService#getCurrentUser:domain authorization	params=[];headers=[];version=;consumes=[];produces=[] / params=[];headers=[];version=;consumes=[];produces=[]	false	unversioned	Backend maintainers	not measured; see API_SURFACE.md	not scheduled
HEAD	/api/api-credentials	ooo.klae.connex.backend.controllers.ApiCredentialController#list	authenticated	MVC workspace resolution attempted for authenticated User; effective scope delegated	API_CREDENTIAL_MANAGE; ApiCredentialService#list:API_CREDENTIAL_MANAGE	params=[];headers=[];version=;consumes=[];produces=[] / params=[];headers=[];version=;consumes=[];produces=[]	false	unversioned	Backend maintainers	not measured; see API_SURFACE.md	not scheduled
HEAD	/api/approval-policies	ooo.klae.connex.backend.controllers.ApprovalPolicyController#getAll	authenticated	MVC workspace resolution attempted for authenticated User; effective scope delegated	ApprovalPolicyService#getAll:domain authorization	params=[];headers=[];version=;consumes=[];produces=[] / params=[];headers=[];version=;consumes=[];produces=[]	false	unversioned	Backend maintainers	not measured; see API_SURFACE.md	not scheduled
HEAD	/api/approvals/inbox	ooo.klae.connex.backend.controllers.ApprovalInboxController#inbox	authenticated	MVC workspace resolution attempted for authenticated User; effective scope delegated	DOCUMENT_APPROVE; DocumentApprovalService#inbox:DOCUMENT_APPROVE	params=[];headers=[];version=;consumes=[];produces=[] / params=[];headers=[];version=;consumes=[];produces=[]	false	unversioned	Backend maintainers	not measured; see API_SURFACE.md	not scheduled
HEAD	/api/attachments	ooo.klae.connex.backend.controllers.AttachmentController#getAttachments	authenticated	MVC workspace resolution attempted for authenticated User; effective scope delegated	AttachmentService#getAll:domain authorization; AttachmentService#getByEntity:domain authorization	params=[];headers=[];version=;consumes=[];produces=[] / params=[];headers=[];version=;consumes=[];produces=[]	false	unversioned	Backend maintainers	not measured; see API_SURFACE.md	not scheduled
HEAD	/api/attachments/by-url	ooo.klae.connex.backend.controllers.AttachmentController#getAttachmentByUrl	authenticated	MVC workspace resolution attempted for authenticated User; effective scope delegated	AttachmentService#getByUrl:ATTACHMENT_DELETE	params=[];headers=[];version=;consumes=[];produces=[] / params=[];headers=[];version=;consumes=[];produces=[]	false	unversioned	Backend maintainers	not measured; see API_SURFACE.md	not scheduled
HEAD	/api/attachments/content/{token:.+}	ooo.klae.connex.backend.controllers.AttachmentController#getAttachmentContent	authenticated	MVC workspace resolution attempted for authenticated User; effective scope delegated	AttachmentService#getManagedContent:domain authorization	params=[];headers=[];version=;consumes=[];produces=[] / params=[];headers=[];version=;consumes=[];produces=[]	false	unversioned	Backend maintainers	not measured; see API_SURFACE.md	not scheduled
HEAD	/api/attachments/facets	ooo.klae.connex.backend.controllers.AttachmentController#getAttachmentFacets	authenticated	MVC workspace resolution attempted for authenticated User; effective scope delegated	AttachmentService#facets:domain authorization	params=[];headers=[];version=;consumes=[];produces=[] / params=[];headers=[];version=;consumes=[];produces=[]	false	unversioned	Backend maintainers	not measured; see API_SURFACE.md	not scheduled
HEAD	/api/attachments/page	ooo.klae.connex.backend.controllers.AttachmentController#getAttachmentsPage	authenticated	MVC workspace resolution attempted for authenticated User; effective scope delegated	AttachmentService#countPage:domain authorization; AttachmentService#getPage:domain authorization	params=[];headers=[];version=;consumes=[];produces=[] / params=[];headers=[];version=;consumes=[];produces=[]	false	unversioned	Backend maintainers	not measured; see API_SURFACE.md	not scheduled
HEAD	/api/attachments/{id:\d+}	ooo.klae.connex.backend.controllers.AttachmentController#getAttachmentById	authenticated	MVC workspace resolution attempted for authenticated User; effective scope delegated	AttachmentService#getById:domain authorization	params=[];headers=[];version=;consumes=[];produces=[] / params=[];headers=[];version=;consumes=[];produces=[]	false	unversioned	Backend maintainers	not measured; see API_SURFACE.md	not scheduled
HEAD	/api/attachments/{id}/tags	ooo.klae.connex.backend.controllers.AttachmentController#getTagsForAttachment	authenticated	MVC workspace resolution attempted for authenticated User; effective scope delegated	AttachmentService#getTags:domain authorization	params=[];headers=[];version=;consumes=[];produces=[] / params=[];headers=[];version=;consumes=[];produces=[]	false	unversioned	Backend maintainers	not measured; see API_SURFACE.md	not scheduled
HEAD	/api/audit	ooo.klae.connex.backend.controllers.AuditController#getAuditLog	authenticated	MVC workspace resolution attempted for authenticated User; effective scope delegated	AuditService#forEntity:domain authorization; AuditService#recent:domain authorization; WorkspaceService#requirePermission:domain authorization; explicit:AUDIT_READ	params=[];headers=[];version=;consumes=[];produces=[] / params=[];headers=[];version=;consumes=[];produces=[]	false	unversioned	Backend maintainers	not measured; see API_SURFACE.md	not scheduled
HEAD	/api/audit/export	ooo.klae.connex.backend.controllers.AuditController#exportAuditLog	authenticated	MVC workspace resolution attempted for authenticated User; effective scope delegated	AuditService#exportForEntity:domain authorization; AuditService#exportRecent:domain authorization; WorkspaceService#requirePermission:domain authorization; explicit:AUDIT_READ	params=[];headers=[];version=;consumes=[];produces=[] / params=[];headers=[];version=;consumes=[];produces=[]	false	unversioned	Backend maintainers	not measured; see API_SURFACE.md	not scheduled
HEAD	/api/auth/csrf	ooo.klae.connex.backend.controllers.AuthController#csrf	permitAll	no MVC workspace resolution; domain scope if applicable	OneTimeLinkFlowCookie#ensureBrowserBinding:domain authorization; OneTimeLinkFlowService#establishBrowserBinding:domain authorization; SessionSecurityService#requestIdentity:domain authorization	params=[];headers=[];version=;consumes=[];produces=[] / params=[];headers=[];version=;consumes=[];produces=[]	false	unversioned	Backend maintainers	not measured; see API_SURFACE.md	not scheduled
HEAD	/api/auth/email-change/validate	ooo.klae.connex.backend.controllers.EmailChangeController#validate	permitAll	no MVC workspace resolution; domain scope if applicable	EmailChangeService#validateExchangedTokenHash:domain authorization; OneTimeLinkFlowService#require:domain authorization	params=[];headers=[];version=;consumes=[];produces=[]	false	unversioned	Backend maintainers	not measured; see API_SURFACE.md	not scheduled
HEAD	/api/auth/me	ooo.klae.connex.backend.controllers.AuthController#me	authenticated	no MVC workspace resolution; domain scope if applicable	AuthService#getCurrentUser:domain authorization	params=[];headers=[];version=;consumes=[];produces=[] / params=[];headers=[];version=;consumes=[];produces=[]	false	unversioned	Backend maintainers	not measured; see API_SURFACE.md	not scheduled
HEAD	/api/auth/reset-password/validate	ooo.klae.connex.backend.controllers.AuthController#validateResetToken	permitAll	no MVC workspace resolution; domain scope if applicable	OneTimeLinkFlowService#require:domain authorization; PasswordResetService#validateExchangedTokenHash:domain authorization	params=[];headers=[];version=;consumes=[];produces=[] / params=[];headers=[];version=;consumes=[];produces=[]	false	unversioned	Backend maintainers	not measured; see API_SURFACE.md	not scheduled
HEAD	/api/auth/social-login/providers	ooo.klae.connex.backend.controllers.SocialLoginController#providers	permitAll	no MVC workspace resolution; domain scope if applicable	SocialLoginClientRegistrations#isGoogleEnabled:domain authorization; SocialLoginClientRegistrations#isMicrosoftEnabled:domain authorization	params=[];headers=[];version=;consumes=[];produces=[] / params=[];headers=[];version=;consumes=[];produces=[]	false	unversioned	Backend maintainers	not measured; see API_SURFACE.md	not scheduled
HEAD	/api/auth/sso/config	ooo.klae.connex.backend.controllers.SsoConnectionController#get	permitAll	no MVC workspace resolution; domain scope if applicable	AuthService#getCurrentUser:domain authorization; SsoConnectionService#getForWorkspace:domain authorization	params=[];headers=[];version=;consumes=[];produces=[] / params=[];headers=[];version=;consumes=[];produces=[]	false	unversioned	Backend maintainers	not measured; see API_SURFACE.md	not scheduled
HEAD	/api/auth/sso/discover	ooo.klae.connex.backend.controllers.SsoConnectionController#discover	permitAll	no MVC workspace resolution; domain scope if applicable	SsoConnectionService#discoverByEmail:domain authorization	params=[];headers=[];version=;consumes=[];produces=[] / params=[];headers=[];version=;consumes=[];produces=[]	false	unversioned	Backend maintainers	not measured; see API_SURFACE.md	not scheduled
HEAD	/api/auth/sso/enabled	ooo.klae.connex.backend.controllers.SsoConnectionController#enabled	permitAll	no MVC workspace resolution; domain scope if applicable	SsoConnectionService#isInstanceEnabled:domain authorization	params=[];headers=[];version=;consumes=[];produces=[] / params=[];headers=[];version=;consumes=[];produces=[]	false	unversioned	Backend maintainers	not measured; see API_SURFACE.md	not scheduled
HEAD	/api/auth/sso/link/validate	ooo.klae.connex.backend.controllers.SsoLinkController#validate	permitAll	no MVC workspace resolution; domain scope if applicable	OneTimeLinkFlowService#require:domain authorization; SsoLinkService#validateChallengeHash:domain authorization	params=[];headers=[];version=;consumes=[];produces=[] / params=[];headers=[];version=;consumes=[];produces=[]	false	unversioned	Backend maintainers	not measured; see API_SURFACE.md	not scheduled
HEAD	/api/auth/verify-email/validate	ooo.klae.connex.backend.controllers.RegistrationVerificationController#validate	permitAll	no MVC workspace resolution; domain scope if applicable	OneTimeLinkFlowService#require:domain authorization; RegistrationVerificationService#validateExchangedTokenHash:domain authorization	params=[];headers=[];version=;consumes=[];produces=[]	false	unversioned	Backend maintainers	not measured; see API_SURFACE.md	not scheduled
HEAD	/api/auth/webauthn/credentials	ooo.klae.connex.backend.controllers.WebAuthnController#listCredentials	authenticated	no MVC workspace resolution; domain scope if applicable	AuthService#getCurrentUser:domain authorization; WebAuthnService#listForUser:domain authorization	params=[];headers=[];version=;consumes=[];produces=[] / params=[];headers=[];version=;consumes=[];produces=[]	false	unversioned	Backend maintainers	not measured; see API_SURFACE.md	not scheduled
HEAD	/api/auth/webauthn/register/requirements	ooo.klae.connex.backend.controllers.WebAuthnController#registrationRequirements	authenticated	no MVC workspace resolution; domain scope if applicable	AuthService#getCurrentUser:domain authorization; AuthService#hasPasswordCredential:domain authorization; PasskeyBootstrapConfirmationService#isRequiredFor:domain authorization; PasskeyBootstrapConfirmationService#isSatisfiedFor:domain authorization; WebAuthnService#hasPasskey:domain authorization	params=[];headers=[];version=;consumes=[];produces=[] / params=[];headers=[];version=;consumes=[];produces=[]	false	unversioned	Backend maintainers	not measured; see API_SURFACE.md	not scheduled
HEAD	/api/business-cards/availability	ooo.klae.connex.backend.controllers.BusinessCardController#availability	authenticated	MVC workspace resolution attempted for authenticated User; effective scope delegated	BusinessCardService#availability:PERSON_CREATE	params=[];headers=[];version=;consumes=[];produces=[] / params=[];headers=[];version=;consumes=[];produces=[]	false	unversioned	Backend maintainers	not measured; see API_SURFACE.md	not scheduled
HEAD	/api/business-cards/import	ooo.klae.connex.backend.controllers.BusinessCardController#importStatus	authenticated	MVC workspace resolution attempted for authenticated User; effective scope delegated	BusinessCardService#importStatus:PERSON_CREATE	params=[];headers=[];version=;consumes=[];produces=[] / params=[];headers=[];version=;consumes=[];produces=[]	false	unversioned	Backend maintainers	not measured; see API_SURFACE.md	not scheduled
HEAD	/api/campaigns	ooo.klae.connex.backend.controllers.CampaignController#list	authenticated	MVC workspace resolution attempted for authenticated User; effective scope delegated	CAMPAIGN_VIEW; CampaignService#list:CAMPAIGN_VIEW	params=[];headers=[];version=;consumes=[];produces=[] / params=[];headers=[];version=;consumes=[];produces=[]	false	unversioned	Backend maintainers	not measured; see API_SURFACE.md	not scheduled
HEAD	/api/campaigns/{id}	ooo.klae.connex.backend.controllers.CampaignController#get	authenticated	MVC workspace resolution attempted for authenticated User; effective scope delegated	CAMPAIGN_VIEW; CampaignService#get:CAMPAIGN_VIEW	params=[];headers=[];version=;consumes=[];produces=[] / params=[];headers=[];version=;consumes=[];produces=[]	false	unversioned	Backend maintainers	not measured; see API_SURFACE.md	not scheduled
HEAD	/api/campaigns/{id}/audience	ooo.klae.connex.backend.controllers.CampaignController#getAudience	authenticated	MVC workspace resolution attempted for authenticated User; effective scope delegated	CAMPAIGN_VIEW; CampaignService#getAudience:CAMPAIGN_VIEW	params=[];headers=[];version=;consumes=[];produces=[] / params=[];headers=[];version=;consumes=[];produces=[]	false	unversioned	Backend maintainers	not measured; see API_SURFACE.md	not scheduled
HEAD	/api/campaigns/{id}/audience/snapshots	ooo.klae.connex.backend.controllers.CampaignController#listSnapshots	authenticated	MVC workspace resolution attempted for authenticated User; effective scope delegated	CAMPAIGN_VIEW; CampaignService#listSnapshots:CAMPAIGN_VIEW	params=[];headers=[];version=;consumes=[];produces=[] / params=[];headers=[];version=;consumes=[];produces=[]	false	unversioned	Backend maintainers	not measured; see API_SURFACE.md	not scheduled
HEAD	/api/campaigns/{id}/audience/snapshots/{version}	ooo.klae.connex.backend.controllers.CampaignController#getSnapshot	authenticated	MVC workspace resolution attempted for authenticated User; effective scope delegated	CAMPAIGN_VIEW; CampaignService#getSnapshot:CAMPAIGN_VIEW	params=[];headers=[];version=;consumes=[];produces=[] / params=[];headers=[];version=;consumes=[];produces=[]	false	unversioned	Backend maintainers	not measured; see API_SURFACE.md	not scheduled
HEAD	/api/campaigns/{id}/engagement	ooo.klae.connex.backend.controllers.CampaignEngagementController#engagement	authenticated	MVC workspace resolution attempted for authenticated User; effective scope delegated	CAMPAIGN_VIEW; CampaignEngagementService#getCampaignEngagement:CAMPAIGN_VIEW	params=[];headers=[];version=;consumes=[];produces=[] / params=[];headers=[];version=;consumes=[];produces=[]	false	unversioned	Backend maintainers	not measured; see API_SURFACE.md	not scheduled
HEAD	/api/campaigns/{id}/exports	ooo.klae.connex.backend.controllers.CampaignExportController#list	authenticated	MVC workspace resolution attempted for authenticated User; effective scope delegated	AudienceExportService#listExports:CAMPAIGN_VIEW; CAMPAIGN_VIEW	params=[];headers=[];version=;consumes=[];produces=[] / params=[];headers=[];version=;consumes=[];produces=[]	false	unversioned	Backend maintainers	not measured; see API_SURFACE.md	not scheduled
HEAD	/api/campaigns/{id}/exports/{exportId}	ooo.klae.connex.backend.controllers.CampaignExportController#get	authenticated	MVC workspace resolution attempted for authenticated User; effective scope delegated	AudienceExportService#getExport:CAMPAIGN_VIEW; CAMPAIGN_VIEW	params=[];headers=[];version=;consumes=[];produces=[] / params=[];headers=[];version=;consumes=[];produces=[]	false	unversioned	Backend maintainers	not measured; see API_SURFACE.md	not scheduled
HEAD	/api/campaigns/{id}/messages	ooo.klae.connex.backend.controllers.CampaignMessageController#list	authenticated	MVC workspace resolution attempted for authenticated User; effective scope delegated	CAMPAIGN_VIEW; CampaignSendService#listMessages:CAMPAIGN_VIEW	params=[];headers=[];version=;consumes=[];produces=[] / params=[];headers=[];version=;consumes=[];produces=[]	false	unversioned	Backend maintainers	not measured; see API_SURFACE.md	not scheduled
HEAD	/api/campaigns/{id}/messages/{messageId}	ooo.klae.connex.backend.controllers.CampaignMessageController#get	authenticated	MVC workspace resolution attempted for authenticated User; effective scope delegated	CAMPAIGN_VIEW; CampaignSendService#getMessage:CAMPAIGN_VIEW	params=[];headers=[];version=;consumes=[];produces=[] / params=[];headers=[];version=;consumes=[];produces=[]	false	unversioned	Backend maintainers	not measured; see API_SURFACE.md	not scheduled
HEAD	/api/campaigns/{id}/recipients	ooo.klae.connex.backend.controllers.CampaignEngagementController#recipients	authenticated	MVC workspace resolution attempted for authenticated User; effective scope delegated	CAMPAIGN_VIEW; CampaignRecipientService#getRecipients:CAMPAIGN_VIEW	params=[];headers=[];version=;consumes=[];produces=[] / params=[];headers=[];version=;consumes=[];produces=[]	false	unversioned	Backend maintainers	not measured; see API_SURFACE.md	not scheduled
HEAD	/api/campaigns/{id}/sends	ooo.klae.connex.backend.controllers.CampaignSendController#list	authenticated	MVC workspace resolution attempted for authenticated User; effective scope delegated	CAMPAIGN_VIEW; CampaignSendService#listSends:CAMPAIGN_VIEW	params=[];headers=[];version=;consumes=[];produces=[] / params=[];headers=[];version=;consumes=[];produces=[]	false	unversioned	Backend maintainers	not measured; see API_SURFACE.md	not scheduled
HEAD	/api/campaigns/{id}/sends/{sendId}	ooo.klae.connex.backend.controllers.CampaignSendController#get	authenticated	MVC workspace resolution attempted for authenticated User; effective scope delegated	CAMPAIGN_VIEW; CampaignSendService#getSend:CAMPAIGN_VIEW	params=[];headers=[];version=;consumes=[];produces=[] / params=[];headers=[];version=;consumes=[];produces=[]	false	unversioned	Backend maintainers	not measured; see API_SURFACE.md	not scheduled
HEAD	/api/campaigns/{id}/sends/{sendId}/engagement	ooo.klae.connex.backend.controllers.CampaignEngagementController#sendEngagement	authenticated	MVC workspace resolution attempted for authenticated User; effective scope delegated	CAMPAIGN_VIEW; CampaignEngagementService#getSendEngagement:CAMPAIGN_VIEW	params=[];headers=[];version=;consumes=[];produces=[] / params=[];headers=[];version=;consumes=[];produces=[]	false	unversioned	Backend maintainers	not measured; see API_SURFACE.md	not scheduled
HEAD	/api/capabilities	ooo.klae.connex.backend.controllers.CapabilitiesController#capabilities	authenticated	no MVC workspace resolution; domain scope if applicable	CapabilityRegistry#isAvailable:domain authorization; PrivilegedMfaProperties#isEnforced:domain authorization; WorkflowTriggeredSendGate#enabled:domain authorization	params=[];headers=[];version=;consumes=[];produces=[] / params=[];headers=[];version=;consumes=[];produces=[]	false	unversioned	Backend maintainers	not measured; see API_SURFACE.md	not scheduled
HEAD	/api/comment-threads	ooo.klae.connex.backend.controllers.RecordCommentController#listThreads	authenticated	MVC workspace resolution attempted for authenticated User; effective scope delegated	RecordCommentService#listThreads:domain authorization	params=[];headers=[];version=;consumes=[];produces=[] / params=[];headers=[];version=;consumes=[];produces=[]	false	unversioned	Backend maintainers	not measured; see API_SURFACE.md	not scheduled
HEAD	/api/comment-threads/count	ooo.klae.connex.backend.controllers.RecordCommentController#countThreads	authenticated	MVC workspace resolution attempted for authenticated User; effective scope delegated	RecordCommentService#countThreads:domain authorization	params=[];headers=[];version=;consumes=[];produces=[] / params=[];headers=[];version=;consumes=[];produces=[]	false	unversioned	Backend maintainers	not measured; see API_SURFACE.md	not scheduled
HEAD	/api/comment-threads/indicators	ooo.klae.connex.backend.controllers.RecordCommentController#getIndicators	authenticated	MVC workspace resolution attempted for authenticated User; effective scope delegated	RecordCommentService#getIndicators:domain authorization	params=[];headers=[];version=;consumes=[];produces=[] / params=[];headers=[];version=;consumes=[];produces=[]	false	unversioned	Backend maintainers	not measured; see API_SURFACE.md	not scheduled
HEAD	/api/comment-threads/{threadId}	ooo.klae.connex.backend.controllers.RecordCommentController#getThread	authenticated	MVC workspace resolution attempted for authenticated User; effective scope delegated	RecordCommentService#getThread:domain authorization	params=[];headers=[];version=;consumes=[];produces=[] / params=[];headers=[];version=;consumes=[];produces=[]	false	unversioned	Backend maintainers	not measured; see API_SURFACE.md	not scheduled
HEAD	/api/companies	ooo.klae.connex.backend.controllers.CompanyController#getAllCompanies	authenticated	MVC workspace resolution attempted for authenticated User; effective scope delegated	CompanyService#getCompaniesByTagId:domain authorization	params=[];headers=[];version=;consumes=[];produces=[] / params=[];headers=[];version=;consumes=[];produces=[]	false	unversioned	Backend maintainers	not measured; see API_SURFACE.md	not scheduled
HEAD	/api/companies/custom-field-values	ooo.klae.connex.backend.controllers.CompanyController#getCustomFieldValuesForCompanies	authenticated	MVC workspace resolution attempted for authenticated User; effective scope delegated	CompanyService#getCustomFieldValues:domain authorization	params=[];headers=[];version=;consumes=[];produces=[] / params=[];headers=[];version=;consumes=[];produces=[]	false	unversioned	Backend maintainers	not measured; see API_SURFACE.md	not scheduled
HEAD	/api/companies/facets	ooo.klae.connex.backend.controllers.CompanyController#getCompanyFacets	authenticated	MVC workspace resolution attempted for authenticated User; effective scope delegated	CompanyService#countArchivedCompanies:domain authorization; CompanyService#countsByOwner:domain authorization; CompanyService#countsByWarmthBand:domain authorization; CompanyService#distinctIndustries:domain authorization; CompanyService#hasCompanyWithoutIndustry:domain authorization; WarmthFilterResolver#forFacets:domain authorization	params=[];headers=[];version=;consumes=[];produces=[] / params=[];headers=[];version=;consumes=[];produces=[]	false	unversioned	Backend maintainers	not measured; see API_SURFACE.md	not scheduled
HEAD	/api/companies/ids	ooo.klae.connex.backend.controllers.CompanyController#getCompanyIds	authenticated	MVC workspace resolution attempted for authenticated User; effective scope delegated	CompanyService#getMatchingCompanyIds:domain authorization; WarmthFilterResolver#resolve:domain authorization	params=[];headers=[];version=;consumes=[];produces=[] / params=[];headers=[];version=;consumes=[];produces=[]	false	unversioned	Backend maintainers	not measured; see API_SURFACE.md	not scheduled
HEAD	/api/companies/page	ooo.klae.connex.backend.controllers.CompanyController#getCompaniesPage	authenticated	MVC workspace resolution attempted for authenticated User; effective scope delegated	CompanyService#countCompanies:domain authorization; CompanyService#getCompaniesPage:domain authorization; WarmthFilterResolver#resolve:domain authorization	params=[];headers=[];version=;consumes=[];produces=[] / params=[];headers=[];version=;consumes=[];produces=[]	false	unversioned	Backend maintainers	not measured; see API_SURFACE.md	not scheduled
HEAD	/api/companies/{id}	ooo.klae.connex.backend.controllers.CompanyController#oneCompany	authenticated	MVC workspace resolution attempted for authenticated User; effective scope delegated	CompanyService#getCompanyById:domain authorization	params=[];headers=[];version=;consumes=[];produces=[] / params=[];headers=[];version=;consumes=[];produces=[]	false	unversioned	Backend maintainers	not measured; see API_SURFACE.md	not scheduled
HEAD	/api/companies/{id}/custom-fields	ooo.klae.connex.backend.controllers.CompanyController#getCustomFieldsForCompany	authenticated	MVC workspace resolution attempted for authenticated User; effective scope delegated	CompanyService#getCustomFields:domain authorization	params=[];headers=[];version=;consumes=[];produces=[] / params=[];headers=[];version=;consumes=[];produces=[]	false	unversioned	Backend maintainers	not measured; see API_SURFACE.md	not scheduled
HEAD	/api/companies/{id}/deals	ooo.klae.connex.backend.controllers.CompanyController#getDealsForCompany	authenticated	MVC workspace resolution attempted for authenticated User; effective scope delegated	CompanyService#getDealsByCompanyId:domain authorization	params=[];headers=[];version=;consumes=[];produces=[] / params=[];headers=[];version=;consumes=[];produces=[]	false	unversioned	Backend maintainers	not measured; see API_SURFACE.md	not scheduled
HEAD	/api/companies/{id}/engagement	ooo.klae.connex.backend.controllers.CompanyController#getCompanyEngagement	authenticated	MVC workspace resolution attempted for authenticated User; effective scope delegated	CompanyService#getCompanyEngagement:domain authorization	params=[];headers=[];version=;consumes=[];produces=[] / params=[];headers=[];version=;consumes=[];produces=[]	false	unversioned	Backend maintainers	not measured; see API_SURFACE.md	not scheduled
HEAD	/api/companies/{id}/logo/{token:.+}	ooo.klae.connex.backend.controllers.CompanyController#getLogo	authenticated	MVC workspace resolution attempted for authenticated User; effective scope delegated	CompanyService#getLogoContent:domain authorization	params=[];headers=[];version=;consumes=[];produces=[] / params=[];headers=[];version=;consumes=[];produces=[]	false	unversioned	Backend maintainers	not measured; see API_SURFACE.md	not scheduled
HEAD	/api/companies/{id}/people	ooo.klae.connex.backend.controllers.CompanyController#getPeopleForCompany	authenticated	MVC workspace resolution attempted for authenticated User; effective scope delegated	CompanyService#getPersonsByCompanyId:domain authorization	params=[];headers=[];version=;consumes=[];produces=[] / params=[];headers=[];version=;consumes=[];produces=[]	false	unversioned	Backend maintainers	not measured; see API_SURFACE.md	not scheduled
HEAD	/api/companies/{id}/tags	ooo.klae.connex.backend.controllers.CompanyController#getTagsForCompany	authenticated	MVC workspace resolution attempted for authenticated User; effective scope delegated	CompanyService#getTagsByCompanyId:domain authorization	params=[];headers=[];version=;consumes=[];produces=[] / params=[];headers=[];version=;consumes=[];produces=[]	false	unversioned	Backend maintainers	not measured; see API_SURFACE.md	not scheduled
HEAD	/api/companies/{id}/timeline	ooo.klae.connex.backend.controllers.CompanyController#getCompanyTimeline	authenticated	MVC workspace resolution attempted for authenticated User; effective scope delegated	CompanyService#getCompanyTimeline:domain authorization	params=[];headers=[];version=;consumes=[];produces=[] / params=[];headers=[];version=;consumes=[];produces=[]	false	unversioned	Backend maintainers	not measured; see API_SURFACE.md	not scheduled
HEAD	/api/custom-fields	ooo.klae.connex.backend.controllers.CustomFieldController#list	authenticated	MVC workspace resolution attempted for authenticated User; effective scope delegated	CustomFieldDefinitionService#getAll:CUSTOM_FIELD_MANAGE; CustomFieldDefinitionService#getByEntityType:CUSTOM_FIELD_MANAGE	params=[];headers=[];version=;consumes=[];produces=[] / params=[];headers=[];version=;consumes=[];produces=[]	false	unversioned	Backend maintainers	not measured; see API_SURFACE.md	not scheduled
HEAD	/api/custom-fields/schema	ooo.klae.connex.backend.controllers.CustomFieldController#schema	authenticated	MVC workspace resolution attempted for authenticated User; effective scope delegated	CustomFieldDefinitionService#getVisibleSchema:domain authorization	params=[];headers=[];version=;consumes=[];produces=[] / params=[];headers=[];version=;consumes=[];produces=[]	false	unversioned	Backend maintainers	not measured; see API_SURFACE.md	not scheduled
HEAD	/api/custom-fields/{id}	ooo.klae.connex.backend.controllers.CustomFieldController#getById	authenticated	MVC workspace resolution attempted for authenticated User; effective scope delegated	CustomFieldDefinitionService#getById:CUSTOM_FIELD_MANAGE	params=[];headers=[];version=;consumes=[];produces=[] / params=[];headers=[];version=;consumes=[];produces=[]	false	unversioned	Backend maintainers	not measured; see API_SURFACE.md	not scheduled
HEAD	/api/dashboard-layout	ooo.klae.connex.backend.controllers.DashboardLayoutController#get	authenticated	MVC workspace resolution attempted for authenticated User; effective scope delegated	DashboardLayoutService#getLayout:domain authorization	params=[];headers=[];version=;consumes=[];produces=[] / params=[];headers=[];version=;consumes=[];produces=[]	false	unversioned	Backend maintainers	not measured; see API_SURFACE.md	not scheduled
HEAD	/api/deals	ooo.klae.connex.backend.controllers.DealController#getDeals	authenticated	MVC workspace resolution attempted for authenticated User; effective scope delegated	DealService#getDealsByCompanyId:domain authorization; DealService#getDealsByPersonId:domain authorization; DealService#getDealsByPipelineId:domain authorization; DealService#getDealsByStageId:domain authorization; DealService#getDealsByTagId:domain authorization	params=[];headers=[];version=;consumes=[];produces=[] / params=[];headers=[];version=;consumes=[];produces=[]	false	unversioned	Backend maintainers	not measured; see API_SURFACE.md	not scheduled
HEAD	/api/deals/aging	ooo.klae.connex.backend.controllers.DealController#getDealAging	authenticated	MVC workspace resolution attempted for authenticated User; effective scope delegated	DealService#getDealAging:domain authorization	params=[];headers=[];version=;consumes=[];produces=[] / params=[];headers=[];version=;consumes=[];produces=[]	false	unversioned	Backend maintainers	not measured; see API_SURFACE.md	not scheduled
HEAD	/api/deals/board	ooo.klae.connex.backend.controllers.DealController#getDealBoard	authenticated	MVC workspace resolution attempted for authenticated User; effective scope delegated	DealService#getDealBoard:domain authorization	params=[];headers=[];version=;consumes=[];produces=[] / params=[];headers=[];version=;consumes=[];produces=[]	false	unversioned	Backend maintainers	not measured; see API_SURFACE.md	not scheduled
HEAD	/api/deals/closing-soon	ooo.klae.connex.backend.controllers.DealController#getClosingSoonDeals	authenticated	MVC workspace resolution attempted for authenticated User; effective scope delegated	DealService#getClosingSoonDeals:domain authorization	params=[];headers=[];version=;consumes=[];produces=[] / params=[];headers=[];version=;consumes=[];produces=[]	false	unversioned	Backend maintainers	not measured; see API_SURFACE.md	not scheduled
HEAD	/api/deals/closing-soon-count	ooo.klae.connex.backend.controllers.DealController#getClosingSoonCount	authenticated	MVC workspace resolution attempted for authenticated User; effective scope delegated	DealService#getClosingSoonCount:domain authorization	params=[];headers=[];version=;consumes=[];produces=[] / params=[];headers=[];version=;consumes=[];produces=[]	false	unversioned	Backend maintainers	not measured; see API_SURFACE.md	not scheduled
HEAD	/api/deals/custom-field-values	ooo.klae.connex.backend.controllers.DealController#getCustomFieldValuesForDeals	authenticated	MVC workspace resolution attempted for authenticated User; effective scope delegated	DealService#getCustomFieldValues:domain authorization	params=[];headers=[];version=;consumes=[];produces=[] / params=[];headers=[];version=;consumes=[];produces=[]	false	unversioned	Backend maintainers	not measured; see API_SURFACE.md	not scheduled
HEAD	/api/deals/facets	ooo.klae.connex.backend.controllers.DealController#getDealFacets	authenticated	MVC workspace resolution attempted for authenticated User; effective scope delegated	DealService#getDealFacets:domain authorization	params=[];headers=[];version=;consumes=[];produces=[] / params=[];headers=[];version=;consumes=[];produces=[]	false	unversioned	Backend maintainers	not measured; see API_SURFACE.md	not scheduled
HEAD	/api/deals/ids	ooo.klae.connex.backend.controllers.DealController#getDealIds	authenticated	MVC workspace resolution attempted for authenticated User; effective scope delegated	DealService#getMatchingDealIds:domain authorization	params=[];headers=[];version=;consumes=[];produces=[] / params=[];headers=[];version=;consumes=[];produces=[]	false	unversioned	Backend maintainers	not measured; see API_SURFACE.md	not scheduled
HEAD	/api/deals/kpis	ooo.klae.connex.backend.controllers.DealController#getDealKpis	authenticated	MVC workspace resolution attempted for authenticated User; effective scope delegated	DealService#getDealKpis:domain authorization	params=[];headers=[];version=;consumes=[];produces=[] / params=[];headers=[];version=;consumes=[];produces=[]	false	unversioned	Backend maintainers	not measured; see API_SURFACE.md	not scheduled
HEAD	/api/deals/metrics	ooo.klae.connex.backend.controllers.DealController#getDealMetrics	authenticated	MVC workspace resolution attempted for authenticated User; effective scope delegated	DealService#queryDealMetrics:domain authorization	params=[];headers=[];version=;consumes=[];produces=[] / params=[];headers=[];version=;consumes=[];produces=[]	false	unversioned	Backend maintainers	not measured; see API_SURFACE.md	not scheduled
HEAD	/api/deals/page	ooo.klae.connex.backend.controllers.DealController#getDealsPage	authenticated	MVC workspace resolution attempted for authenticated User; effective scope delegated	DealService#queryDealsPage:domain authorization	params=[];headers=[];version=;consumes=[];produces=[] / params=[];headers=[];version=;consumes=[];produces=[]	false	unversioned	Backend maintainers	not measured; see API_SURFACE.md	not scheduled
HEAD	/api/deals/people/primary	ooo.klae.connex.backend.controllers.DealController#getPrimaryContacts	authenticated	MVC workspace resolution attempted for authenticated User; effective scope delegated	DealService#getPrimaryContacts:domain authorization	params=[];headers=[];version=;consumes=[];produces=[] / params=[];headers=[];version=;consumes=[];produces=[]	false	unversioned	Backend maintainers	not measured; see API_SURFACE.md	not scheduled
HEAD	/api/deals/pipeline-value	ooo.klae.connex.backend.controllers.DealController#getDealPipelineValue	authenticated	MVC workspace resolution attempted for authenticated User; effective scope delegated	DealService#getDealPipelineValue:domain authorization	params=[];headers=[];version=;consumes=[];produces=[] / params=[];headers=[];version=;consumes=[];produces=[]	false	unversioned	Backend maintainers	not measured; see API_SURFACE.md	not scheduled
HEAD	/api/deals/revenue-series	ooo.klae.connex.backend.controllers.DealController#getRevenueSeries	authenticated	MVC workspace resolution attempted for authenticated User; effective scope delegated	DealService#getRevenueSeries:domain authorization; WorkspaceService#getCurrentAnalyticsTimezone:domain authorization	params=[];headers=[];version=;consumes=[];produces=[] / params=[];headers=[];version=;consumes=[];produces=[]	false	unversioned	Backend maintainers	not measured; see API_SURFACE.md	not scheduled
HEAD	/api/deals/revenue-timeseries	ooo.klae.connex.backend.controllers.DealController#getRevenueTimeseries	authenticated	MVC workspace resolution attempted for authenticated User; effective scope delegated	DealService#getRevenueTimeseries:domain authorization; WorkspaceService#getCurrentAnalyticsTimezone:domain authorization	params=[];headers=[];version=;consumes=[];produces=[] / params=[];headers=[];version=;consumes=[];produces=[]	false	unversioned	Backend maintainers	not measured; see API_SURFACE.md	not scheduled
HEAD	/api/deals/risk	ooo.klae.connex.backend.controllers.DealController#getDealRisks	authenticated	MVC workspace resolution attempted for authenticated User; effective scope delegated	DealRiskService#assessDeals:domain authorization; WorkspaceService#getCurrentWorkspaceId:domain authorization	params=[];headers=[];version=;consumes=[];produces=[] / params=[];headers=[];version=;consumes=[];produces=[]	false	unversioned	Backend maintainers	not measured; see API_SURFACE.md	not scheduled
HEAD	/api/deals/risk/analytics	ooo.klae.connex.backend.controllers.DealController#getDealRiskAnalytics	authenticated	MVC workspace resolution attempted for authenticated User; effective scope delegated	DealRiskService#analytics:domain authorization; WorkspaceService#getCurrentWorkspaceId:domain authorization	params=[];headers=[];version=;consumes=[];produces=[] / params=[];headers=[];version=;consumes=[];produces=[]	false	unversioned	Backend maintainers	not measured; see API_SURFACE.md	not scheduled
HEAD	/api/deals/stage-distribution	ooo.klae.connex.backend.controllers.DealController#getStageDistribution	authenticated	MVC workspace resolution attempted for authenticated User; effective scope delegated	DealService#getStageDistribution:domain authorization	params=[];headers=[];version=;consumes=[];produces=[] / params=[];headers=[];version=;consumes=[];produces=[]	false	unversioned	Backend maintainers	not measured; see API_SURFACE.md	not scheduled
HEAD	/api/deals/top	ooo.klae.connex.backend.controllers.DealController#getTopDeals	authenticated	MVC workspace resolution attempted for authenticated User; effective scope delegated	DealService#getTopDeals:domain authorization	params=[];headers=[];version=;consumes=[];produces=[] / params=[];headers=[];version=;consumes=[];produces=[]	false	unversioned	Backend maintainers	not measured; see API_SURFACE.md	not scheduled
HEAD	/api/deals/{dealId}/documents	ooo.klae.connex.backend.controllers.DealDocumentController#getForDeal	authenticated	MVC workspace resolution attempted for authenticated User; effective scope delegated	DealDocumentService#getForDeal:domain authorization	params=[];headers=[];version=;consumes=[];produces=[] / params=[];headers=[];version=;consumes=[];produces=[]	false	unversioned	Backend maintainers	not measured; see API_SURFACE.md	not scheduled
HEAD	/api/deals/{dealId}/documents/{documentId}	ooo.klae.connex.backend.controllers.DealDocumentController#getOne	authenticated	MVC workspace resolution attempted for authenticated User; effective scope delegated	DealDocumentService#getOne:domain authorization	params=[];headers=[];version=;consumes=[];produces=[] / params=[];headers=[];version=;consumes=[];produces=[]	false	unversioned	Backend maintainers	not measured; see API_SURFACE.md	not scheduled
HEAD	/api/deals/{dealId}/documents/{documentId}/approval	ooo.klae.connex.backend.controllers.DocumentApprovalController#getForDocument	authenticated	MVC workspace resolution attempted for authenticated User; effective scope delegated	DocumentApprovalService#getForDocument:domain authorization	params=[];headers=[];version=;consumes=[];produces=[] / params=[];headers=[];version=;consumes=[];produces=[]	false	unversioned	Backend maintainers	not measured; see API_SURFACE.md	not scheduled
HEAD	/api/deals/{dealId}/documents/{documentId}/approval/steps/{stepId}/delegate-candidates	ooo.klae.connex.backend.controllers.DocumentApprovalController#delegateCandidates	authenticated	MVC workspace resolution attempted for authenticated User; effective scope delegated	DOCUMENT_APPROVE; DocumentApprovalService#eligibleDelegates:DOCUMENT_APPROVE	params=[];headers=[];version=;consumes=[];produces=[] / params=[];headers=[];version=;consumes=[];produces=[]	false	unversioned	Backend maintainers	not measured; see API_SURFACE.md	not scheduled
HEAD	/api/deals/{dealId}/documents/{documentId}/delivery	ooo.klae.connex.backend.controllers.DocumentDeliveryController#getForDocument	authenticated	MVC workspace resolution attempted for authenticated User; effective scope delegated	DocumentDeliveryService#getForDocument:DOCUMENT_SEND	params=[];headers=[];version=;consumes=[];produces=[] / params=[];headers=[];version=;consumes=[];produces=[]	false	unversioned	Backend maintainers	not measured; see API_SURFACE.md	not scheduled
HEAD	/api/deals/{dealId}/documents/{documentId}/delivery/{deliveryId}/artifacts/{artifactId}	ooo.klae.connex.backend.controllers.DocumentDeliveryController#downloadArtifact	authenticated	MVC workspace resolution attempted for authenticated User; effective scope delegated	DocumentDeliveryService#downloadArtifact:DOCUMENT_SEND	params=[];headers=[];version=;consumes=[];produces=[] / params=[];headers=[];version=;consumes=[];produces=[]	false	unversioned	Backend maintainers	not measured; see API_SURFACE.md	not scheduled
HEAD	/api/deals/{dealId}/line-items	ooo.klae.connex.backend.controllers.DealLineItemController#getForDeal	authenticated	MVC workspace resolution attempted for authenticated User; effective scope delegated	DealLineItemService#getForDeal:domain authorization	params=[];headers=[];version=;consumes=[];produces=[] / params=[];headers=[];version=;consumes=[];produces=[]	false	unversioned	Backend maintainers	not measured; see API_SURFACE.md	not scheduled
HEAD	/api/deals/{id}	ooo.klae.connex.backend.controllers.DealController#getDealById	authenticated	MVC workspace resolution attempted for authenticated User; effective scope delegated	DealService#getDealById:domain authorization	params=[];headers=[];version=;consumes=[];produces=[] / params=[];headers=[];version=;consumes=[];produces=[]	false	unversioned	Backend maintainers	not measured; see API_SURFACE.md	not scheduled
HEAD	/api/deals/{id}/activities	ooo.klae.connex.backend.controllers.DealController#getActivitiesForDeal	authenticated	MVC workspace resolution attempted for authenticated User; effective scope delegated	DealService#getActivitiesByDealId:domain authorization	params=[];headers=[];version=;consumes=[];produces=[] / params=[];headers=[];version=;consumes=[];produces=[]	false	unversioned	Backend maintainers	not measured; see API_SURFACE.md	not scheduled
HEAD	/api/deals/{id}/collaborators	ooo.klae.connex.backend.controllers.DealController#getCollaborators	authenticated	MVC workspace resolution attempted for authenticated User; effective scope delegated	DealService#getCollaborators:domain authorization	params=[];headers=[];version=;consumes=[];produces=[] / params=[];headers=[];version=;consumes=[];produces=[]	false	unversioned	Backend maintainers	not measured; see API_SURFACE.md	not scheduled
HEAD	/api/deals/{id}/custom-fields	ooo.klae.connex.backend.controllers.DealController#getCustomFieldsForDeal	authenticated	MVC workspace resolution attempted for authenticated User; effective scope delegated	DealService#getCustomFields:domain authorization	params=[];headers=[];version=;consumes=[];produces=[] / params=[];headers=[];version=;consumes=[];produces=[]	false	unversioned	Backend maintainers	not measured; see API_SURFACE.md	not scheduled
HEAD	/api/deals/{id}/notes	ooo.klae.connex.backend.controllers.DealController#getNotesForDeal	authenticated	MVC workspace resolution attempted for authenticated User; effective scope delegated	DealService#getNotesByDealId:domain authorization	params=[];headers=[];version=;consumes=[];produces=[] / params=[];headers=[];version=;consumes=[];produces=[]	false	unversioned	Backend maintainers	not measured; see API_SURFACE.md	not scheduled
HEAD	/api/deals/{id}/people	ooo.klae.connex.backend.controllers.DealController#getPeopleForDeal	authenticated	MVC workspace resolution attempted for authenticated User; effective scope delegated	DealService#getPeopleByDealId:domain authorization	params=[];headers=[];version=;consumes=[];produces=[] / params=[];headers=[];version=;consumes=[];produces=[]	false	unversioned	Backend maintainers	not measured; see API_SURFACE.md	not scheduled
HEAD	/api/deals/{id}/risk	ooo.klae.connex.backend.controllers.DealController#getDealRisk	authenticated	MVC workspace resolution attempted for authenticated User; effective scope delegated	DealRiskService#assessDeal:domain authorization; WorkspaceService#getCurrentWorkspaceId:domain authorization	params=[];headers=[];version=;consumes=[];produces=[] / params=[];headers=[];version=;consumes=[];produces=[]	false	unversioned	Backend maintainers	not measured; see API_SURFACE.md	not scheduled
HEAD	/api/deals/{id}/stage-history	ooo.klae.connex.backend.controllers.DealController#getStageHistory	authenticated	MVC workspace resolution attempted for authenticated User; effective scope delegated	DealService#getStageHistory:domain authorization	params=[];headers=[];version=;consumes=[];produces=[] / params=[];headers=[];version=;consumes=[];produces=[]	false	unversioned	Backend maintainers	not measured; see API_SURFACE.md	not scheduled
HEAD	/api/deals/{id}/summary	ooo.klae.connex.backend.controllers.DealController#getDealSummary	authenticated	MVC workspace resolution attempted for authenticated User; effective scope delegated	DealService#getDealSummary:domain authorization	params=[];headers=[];version=;consumes=[];produces=[] / params=[];headers=[];version=;consumes=[];produces=[]	false	unversioned	Backend maintainers	not measured; see API_SURFACE.md	not scheduled
HEAD	/api/deals/{id}/tags	ooo.klae.connex.backend.controllers.DealController#getTagsForDeal	authenticated	MVC workspace resolution attempted for authenticated User; effective scope delegated	DealService#getTagsByDealId:domain authorization	params=[];headers=[];version=;consumes=[];produces=[] / params=[];headers=[];version=;consumes=[];produces=[]	false	unversioned	Backend maintainers	not measured; see API_SURFACE.md	not scheduled
HEAD	/api/deals/{id}/tasks	ooo.klae.connex.backend.controllers.DealController#getTasksForDeal	authenticated	MVC workspace resolution attempted for authenticated User; effective scope delegated	DealService#getTasksByDealId:domain authorization	params=[];headers=[];version=;consumes=[];produces=[] / params=[];headers=[];version=;consumes=[];produces=[]	false	unversioned	Backend maintainers	not measured; see API_SURFACE.md	not scheduled
HEAD	/api/delivery/connectors	ooo.klae.connex.backend.controllers.ConnectorConfigController#list	authenticated	MVC workspace resolution attempted for authenticated User; effective scope delegated	ConnectorConfigService#list:WORKSPACE_SETTINGS	params=[];headers=[];version=;consumes=[];produces=[] / params=[];headers=[];version=;consumes=[];produces=[]	false	unversioned	Backend maintainers	not measured; see API_SURFACE.md	not scheduled
HEAD	/api/delivery/providers	ooo.klae.connex.backend.controllers.DeliveryProviderConfigController#list	authenticated	MVC workspace resolution attempted for authenticated User; effective scope delegated	DeliveryProviderConfigService#list:WORKSPACE_SETTINGS	params=[];headers=[];version=;consumes=[];produces=[] / params=[];headers=[];version=;consumes=[];produces=[]	false	unversioned	Backend maintainers	not measured; see API_SURFACE.md	not scheduled
HEAD	/api/delivery/unsubscribe	ooo.klae.connex.backend.controllers.DeliveryUnsubscribeController#preview	permitAll	MVC workspace resolution attempted for authenticated User; effective scope delegated	DeliveryUnsubscribeService#preview:domain authorization; OneTimeLinkFlowService#requireFlow:domain authorization	params=[];headers=[];version=;consumes=[];produces=[] / params=[];headers=[];version=;consumes=[];produces=[]	false	unversioned	Backend maintainers	not measured; see API_SURFACE.md	not scheduled
HEAD	/api/disqualification-reasons	ooo.klae.connex.backend.controllers.DisqualificationReasonController#getReasons	authenticated	MVC workspace resolution attempted for authenticated User; effective scope delegated	DisqualificationReasonService#getActive:domain authorization; DisqualificationReasonService#getAll:domain authorization	params=[];headers=[];version=;consumes=[];produces=[] / params=[];headers=[];version=;consumes=[];produces=[]	false	unversioned	Backend maintainers	not measured; see API_SURFACE.md	not scheduled
HEAD	/api/document-acceptance	ooo.klae.connex.backend.controllers.DocumentAcceptanceController#preview	permitAll	MVC workspace resolution attempted for authenticated User; effective scope delegated	ClientIpResolver#resolve:domain authorization; DocumentAcceptanceService#admitGrant:domain authorization; DocumentAcceptanceService#preview:domain authorization	params=[];headers=[];version=;consumes=[];produces=[] / params=[];headers=[];version=;consumes=[];produces=[]	false	unversioned	Backend maintainers	not measured; see API_SURFACE.md	not scheduled
HEAD	/api/document-templates	ooo.klae.connex.backend.controllers.DocumentTemplateController#getAll	authenticated	MVC workspace resolution attempted for authenticated User; effective scope delegated	DocumentTemplateService#getAll:domain authorization	params=[];headers=[];version=;consumes=[];produces=[] / params=[];headers=[];version=;consumes=[];produces=[]	false	unversioned	Backend maintainers	not measured; see API_SURFACE.md	not scheduled
HEAD	/api/document-templates/{id}	ooo.klae.connex.backend.controllers.DocumentTemplateController#getById	authenticated	MVC workspace resolution attempted for authenticated User; effective scope delegated	DocumentTemplateService#getById:domain authorization	params=[];headers=[];version=;consumes=[];produces=[] / params=[];headers=[];version=;consumes=[];produces=[]	false	unversioned	Backend maintainers	not measured; see API_SURFACE.md	not scheduled
HEAD	/api/documents	ooo.klae.connex.backend.controllers.GeneratedDocumentController#getDocumentsPage	authenticated	MVC workspace resolution attempted for authenticated User; effective scope delegated	DealDocumentService#getWorkspacePage:domain authorization; MemberScopeResolver#resolve:domain authorization; WorkspaceService#getCurrentUserId:domain authorization	params=[];headers=[];version=;consumes=[];produces=[] / params=[];headers=[];version=;consumes=[];produces=[]	false	unversioned	Backend maintainers	not measured; see API_SURFACE.md	not scheduled
HEAD	/api/duplicate-reviews	ooo.klae.connex.backend.controllers.DuplicateReviewController#list	authenticated	MVC workspace resolution attempted for authenticated User; effective scope delegated	DuplicateReviewService#list:REPORT_READ; REPORT_READ	params=[];headers=[];version=;consumes=[];produces=[] / params=[];headers=[];version=;consumes=[];produces=[]	false	unversioned	Backend maintainers	not measured; see API_SURFACE.md	not scheduled
HEAD	/api/duplicate-reviews/summary	ooo.klae.connex.backend.controllers.DuplicateReviewController#summary	authenticated	MVC workspace resolution attempted for authenticated User; effective scope delegated	DuplicateReviewService#summary:REPORT_READ; REPORT_READ	params=[];headers=[];version=;consumes=[];produces=[] / params=[];headers=[];version=;consumes=[];produces=[]	false	unversioned	Backend maintainers	not measured; see API_SURFACE.md	not scheduled
HEAD	/api/exports/companies	ooo.klae.connex.backend.controllers.ExportController#exportCompanies	authenticated	MVC workspace resolution attempted for authenticated User; effective scope delegated	ExportService#exportCompanies:domain authorization; WarmthFilterResolver#resolve:domain authorization	params=[];headers=[];version=;consumes=[];produces=[] / params=[];headers=[];version=;consumes=[];produces=[]	false	unversioned	Backend maintainers	not measured; see API_SURFACE.md	not scheduled
HEAD	/api/exports/deals	ooo.klae.connex.backend.controllers.ExportController#exportDeals	authenticated	MVC workspace resolution attempted for authenticated User; effective scope delegated	ExportService#exportDeals:domain authorization	params=[];headers=[];version=;consumes=[];produces=[] / params=[];headers=[];version=;consumes=[];produces=[]	false	unversioned	Backend maintainers	not measured; see API_SURFACE.md	not scheduled
HEAD	/api/exports/persons	ooo.klae.connex.backend.controllers.ExportController#exportPersons	authenticated	MVC workspace resolution attempted for authenticated User; effective scope delegated	ExportService#exportPersons:domain authorization; WarmthFilterResolver#resolve:domain authorization	params=[];headers=[];version=;consumes=[];produces=[] / params=[];headers=[];version=;consumes=[];produces=[]	false	unversioned	Backend maintainers	not measured; see API_SURFACE.md	not scheduled
HEAD	/api/exports/products	ooo.klae.connex.backend.controllers.ExportController#exportProducts	authenticated	MVC workspace resolution attempted for authenticated User; effective scope delegated	ExportService#exportProducts:domain authorization	params=[];headers=[];version=;consumes=[];produces=[] / params=[];headers=[];version=;consumes=[];produces=[]	false	unversioned	Backend maintainers	not measured; see API_SURFACE.md	not scheduled
HEAD	/api/goals	ooo.klae.connex.backend.controllers.GoalController#list	authenticated	MVC workspace resolution attempted for authenticated User; effective scope delegated	GOAL_READ; GoalService#list:GOAL_READ	params=[];headers=[];version=;consumes=[];produces=[] / params=[];headers=[];version=;consumes=[];produces=[]	false	unversioned	Backend maintainers	not measured; see API_SURFACE.md	not scheduled
HEAD	/api/goals/{id}	ooo.klae.connex.backend.controllers.GoalController#get	authenticated	MVC workspace resolution attempted for authenticated User; effective scope delegated	GOAL_READ; GoalService#get:GOAL_READ	params=[];headers=[];version=;consumes=[];produces=[] / params=[];headers=[];version=;consumes=[];produces=[]	false	unversioned	Backend maintainers	not measured; see API_SURFACE.md	not scheduled
HEAD	/api/health	ooo.klae.connex.backend.controllers.HealthController#health	authenticated	no MVC workspace resolution; domain scope if applicable	controller/filter boundary; no direct annotated service call	params=[];headers=[];version=;consumes=[];produces=[] / params=[];headers=[];version=;consumes=[];produces=[]	false	unversioned	Backend maintainers	not measured; see API_SURFACE.md	not scheduled
HEAD	/api/health/ready	ooo.klae.connex.backend.controllers.HealthController#ready	authenticated	no MVC workspace resolution; domain scope if applicable	HealthService#readiness:domain authorization	params=[];headers=[];version=;consumes=[];produces=[] / params=[];headers=[];version=;consumes=[];produces=[]	false	unversioned	Backend maintainers	not measured; see API_SURFACE.md	not scheduled
HEAD	/api/identity-collisions	ooo.klae.connex.backend.controllers.IdentityCollisionController#list	authenticated	MVC workspace resolution attempted for authenticated User; effective scope delegated	IdentityCollisionService#list:REPORT_READ; REPORT_READ	params=[];headers=[];version=;consumes=[];produces=[] / params=[];headers=[];version=;consumes=[];produces=[]	false	unversioned	Backend maintainers	not measured; see API_SURFACE.md	not scheduled
HEAD	/api/introductions	ooo.klae.connex.backend.controllers.IntroductionController#getLineage	authenticated	MVC workspace resolution attempted for authenticated User; effective scope delegated	IntroductionService#getLineage:domain authorization	params=[];headers=[];version=;consumes=[];produces=[] / params=[];headers=[];version=;consumes=[];produces=[]	false	unversioned	Backend maintainers	not measured; see API_SURFACE.md	not scheduled
HEAD	/api/introductions/overview	ooo.klae.connex.backend.controllers.IntroductionController#getOverview	authenticated	MVC workspace resolution attempted for authenticated User; effective scope delegated	IntroductionService#getOverview:domain authorization	params=[];headers=[];version=;consumes=[];produces=[] / params=[];headers=[];version=;consumes=[];produces=[]	false	unversioned	Backend maintainers	not measured; see API_SURFACE.md	not scheduled
HEAD	/api/introductions/paths	ooo.klae.connex.backend.controllers.IntroductionController#getPaths	authenticated	MVC workspace resolution attempted for authenticated User; effective scope delegated	WarmPathService#getPaths:domain authorization	params=[];headers=[];version=;consumes=[];produces=[] / params=[];headers=[];version=;consumes=[];produces=[]	false	unversioned	Backend maintainers	not measured; see API_SURFACE.md	not scheduled
HEAD	/api/introductions/suggestions	ooo.klae.connex.backend.controllers.IntroductionController#getSuggestions	authenticated	MVC workspace resolution attempted for authenticated User; effective scope delegated	IntroductionService#getSuggestions:domain authorization	params=[];headers=[];version=;consumes=[];produces=[] / params=[];headers=[];version=;consumes=[];produces=[]	false	unversioned	Backend maintainers	not measured; see API_SURFACE.md	not scheduled
HEAD	/api/invite-links	ooo.klae.connex.backend.controllers.InviteLinkController#preview	authenticated	MVC workspace resolution attempted for authenticated User; effective scope delegated	InviteLinkService#previewLinkByHash:domain authorization; OneTimeLinkFlowService#requireFlow:domain authorization	params=[];headers=[];version=;consumes=[];produces=[] / params=[];headers=[];version=;consumes=[];produces=[]	false	unversioned	Backend maintainers	not measured; see API_SURFACE.md	not scheduled
HEAD	/api/invites	ooo.klae.connex.backend.controllers.InviteController#preview	authenticated	MVC workspace resolution attempted for authenticated User; effective scope delegated	InviteService#previewInviteByHash:domain authorization; OneTimeLinkFlowService#requireFlow:domain authorization	params=[];headers=[];version=;consumes=[];produces=[] / params=[];headers=[];version=;consumes=[];produces=[]	false	unversioned	Backend maintainers	not measured; see API_SURFACE.md	not scheduled
HEAD	/api/login/oauth2/code/*	OAuth2LoginAuthenticationFilter	permitAll; OAuth state/code verification	no MVC workspace resolution; handler-owned scope	framework authentication protocol	filter/handshake route; CSRF policy and protocol validation apply	false	unversioned	Backend maintainers	not measured; see API_SURFACE.md	not scheduled
HEAD	/api/login/saml2/sso/{registrationId}	Saml2WebSsoAuthenticationFilter	permitAll; SSO enabled; signed solicited response	no MVC workspace resolution; handler-owned scope	framework authentication protocol	filter/handshake route; CSRF policy and protocol validation apply	false	unversioned	Backend maintainers	not measured; see API_SURFACE.md	not scheduled
HEAD	/api/mail/managed	ooo.klae.connex.backend.controllers.MailManagedController#managed	authenticated	no MVC workspace resolution; domain scope if applicable	MailProperties#isManaged:domain authorization	params=[];headers=[];version=;consumes=[];produces=[] / params=[];headers=[];version=;consumes=[];produces=[]	false	unversioned	Backend maintainers	not measured; see API_SURFACE.md	not scheduled
HEAD	/api/map/replay	ooo.klae.connex.backend.controllers.MapReplayController#replay	authenticated	MVC workspace resolution attempted for authenticated User; effective scope delegated	MapReplayService#buildReplay:domain authorization; WorkspaceService#getCurrentWorkspaceId:domain authorization	params=[];headers=[];version=;consumes=[];produces=[] / params=[];headers=[];version=;consumes=[];produces=[]	false	unversioned	Backend maintainers	not measured; see API_SURFACE.md	not scheduled
HEAD	/api/metrics	ooo.klae.connex.backend.controllers.MetricsController#metrics	hasAuthority:MetricsScrapeTokenFilter.SCRAPE_AUTHORITY	no MVC workspace resolution; domain scope if applicable	controller/filter boundary; no direct annotated service call	params=[];headers=[];version=;consumes=[];produces=[] / params=[];headers=[];version=;consumes=[];produces=[text/plain; version=0.0.4; charset=utf-8]	false	unversioned	Backend maintainers	not measured; see API_SURFACE.md	not scheduled
HEAD	/api/my-work	ooo.klae.connex.backend.controllers.MyWorkController#get	authenticated	MVC workspace resolution attempted for authenticated User; effective scope delegated	WorkItemService#getPage:domain authorization	params=[];headers=[];version=;consumes=[];produces=[] / params=[];headers=[];version=;consumes=[];produces=[]	false	unversioned	Backend maintainers	not measured; see API_SURFACE.md	not scheduled
HEAD	/api/my-work/summary	ooo.klae.connex.backend.controllers.MyWorkController#summary	authenticated	MVC workspace resolution attempted for authenticated User; effective scope delegated	WorkItemService#summary:domain authorization	params=[];headers=[];version=;consumes=[];produces=[] / params=[];headers=[];version=;consumes=[];produces=[]	false	unversioned	Backend maintainers	not measured; see API_SURFACE.md	not scheduled
HEAD	/api/notes	ooo.klae.connex.backend.controllers.NoteController#getNotes	authenticated	MVC workspace resolution attempted for authenticated User; effective scope delegated	NoteService#getNotesByAuthorId:domain authorization; NoteService#getNotesByDealId:domain authorization; NoteService#getNotesByPersonId:domain authorization	params=[];headers=[];version=;consumes=[];produces=[] / params=[];headers=[];version=;consumes=[];produces=[]	false	unversioned	Backend maintainers	not measured; see API_SURFACE.md	not scheduled
HEAD	/api/notes/page	ooo.klae.connex.backend.controllers.NoteController#getNotesPage	authenticated	MVC workspace resolution attempted for authenticated User; effective scope delegated	NoteService#countNotes:domain authorization; NoteService#getNotesPage:domain authorization	params=[];headers=[];version=;consumes=[];produces=[] / params=[];headers=[];version=;consumes=[];produces=[]	false	unversioned	Backend maintainers	not measured; see API_SURFACE.md	not scheduled
HEAD	/api/notes/referencing	ooo.klae.connex.backend.controllers.NoteController#getNotesReferencing	authenticated	MVC workspace resolution attempted for authenticated User; effective scope delegated	NoteService#getNotesReferencing:domain authorization	params=[];headers=[];version=;consumes=[];produces=[] / params=[];headers=[];version=;consumes=[];produces=[]	false	unversioned	Backend maintainers	not measured; see API_SURFACE.md	not scheduled
HEAD	/api/notes/{id}	ooo.klae.connex.backend.controllers.NoteController#getNoteById	authenticated	MVC workspace resolution attempted for authenticated User; effective scope delegated	NoteService#getNoteById:domain authorization	params=[];headers=[];version=;consumes=[];produces=[] / params=[];headers=[];version=;consumes=[];produces=[]	false	unversioned	Backend maintainers	not measured; see API_SURFACE.md	not scheduled
HEAD	/api/notification-preferences	ooo.klae.connex.backend.controllers.NotificationController#getPreferences	authenticated	MVC workspace resolution attempted for authenticated User; effective scope delegated	NotificationPreferenceService#getCurrentPreferences:domain authorization	params=[];headers=[];version=;consumes=[];produces=[]	false	unversioned	Backend maintainers	not measured; see API_SURFACE.md	not scheduled
HEAD	/api/notification-preferences/quiet-hours	ooo.klae.connex.backend.controllers.NotificationController#getQuietHours	authenticated	MVC workspace resolution attempted for authenticated User; effective scope delegated	NotificationQuietHoursService#getCurrent:domain authorization	params=[];headers=[];version=;consumes=[];produces=[]	false	unversioned	Backend maintainers	not measured; see API_SURFACE.md	not scheduled
HEAD	/api/notifications	ooo.klae.connex.backend.controllers.NotificationController#getNotifications	authenticated	MVC workspace resolution attempted for authenticated User; effective scope delegated	NotificationService#getPage:domain authorization	params=[];headers=[];version=;consumes=[];produces=[]	false	unversioned	Backend maintainers	not measured; see API_SURFACE.md	not scheduled
HEAD	/api/notifications/counts	ooo.klae.connex.backend.controllers.NotificationController#getCounts	authenticated	MVC workspace resolution attempted for authenticated User; effective scope delegated	NotificationService#getUnreadCounts:domain authorization	params=[];headers=[];version=;consumes=[];produces=[]	false	unversioned	Backend maintainers	not measured; see API_SURFACE.md	not scheduled
HEAD	/api/notifications/facets	ooo.klae.connex.backend.controllers.NotificationController#getFacets	authenticated	MVC workspace resolution attempted for authenticated User; effective scope delegated	NotificationService#getFacets:domain authorization	params=[];headers=[];version=;consumes=[];produces=[]	false	unversioned	Backend maintainers	not measured; see API_SURFACE.md	not scheduled
HEAD	/api/oauth2/authorization/{registrationId}	OAuth2AuthorizationRequestRedirectFilter	permitAll; OAuth enabled	no MVC workspace resolution; handler-owned scope	framework authentication protocol	filter/handshake route; CSRF policy and protocol validation apply	false	unversioned	Backend maintainers	not measured; see API_SURFACE.md	not scheduled
HEAD	/api/orgs	ooo.klae.connex.backend.controllers.OrgMemberController#myOrganizations	authenticated	MVC workspace resolution attempted for authenticated User; effective scope delegated	AuthService#getCurrentUser:domain authorization; OrgMemberService#membershipsForUser:domain authorization	params=[];headers=[];version=;consumes=[];produces=[] / params=[];headers=[];version=;consumes=[];produces=[]	false	unversioned	Backend maintainers	not measured; see API_SURFACE.md	not scheduled
HEAD	/api/orgs/{id}/diagnostics	ooo.klae.connex.backend.controllers.TenantDiagnosticsController#organizationDiagnostics	authenticated	MVC workspace resolution attempted for authenticated User; effective scope delegated	AuthService#getCurrentUser:domain authorization; OrgMemberService#requireOrgAdmin:domain authorization; TenantDiagnosticsService#forOrganization:domain authorization	params=[];headers=[];version=;consumes=[];produces=[]	false	unversioned	Backend maintainers	not measured; see API_SURFACE.md	not scheduled
HEAD	/api/orgs/{orgId}/allowed-domains	ooo.klae.connex.backend.controllers.OrgAllowedDomainController#list	authenticated	MVC workspace resolution attempted for authenticated User; effective scope delegated	AuthService#getCurrentUser:domain authorization; OrgAllowedDomainService#listDomains:domain authorization	params=[];headers=[];version=;consumes=[];produces=[] / params=[];headers=[];version=;consumes=[];produces=[]	false	unversioned	Backend maintainers	not measured; see API_SURFACE.md	not scheduled
HEAD	/api/orgs/{orgId}/appi-incidents	ooo.klae.connex.backend.controllers.AppiIncidentController#list	authenticated	MVC workspace resolution attempted for authenticated User; effective scope delegated	AppiIncidentService#list:domain authorization; AuthService#getCurrentUser:domain authorization	params=[];headers=[];version=;consumes=[];produces=[] / params=[];headers=[];version=;consumes=[];produces=[]	false	unversioned	Backend maintainers	not measured; see API_SURFACE.md	not scheduled
HEAD	/api/orgs/{orgId}/appi-incidents/{incidentId}	ooo.klae.connex.backend.controllers.AppiIncidentController#get	authenticated	MVC workspace resolution attempted for authenticated User; effective scope delegated	AppiIncidentService#get:domain authorization; AuthService#getCurrentUser:domain authorization	params=[];headers=[];version=;consumes=[];produces=[] / params=[];headers=[];version=;consumes=[];produces=[]	false	unversioned	Backend maintainers	not measured; see API_SURFACE.md	not scheduled
HEAD	/api/orgs/{orgId}/appi-incidents/{incidentId}/scope	ooo.klae.connex.backend.controllers.AppiIncidentController#scope	authenticated	MVC workspace resolution attempted for authenticated User; effective scope delegated	AppiIncidentService#scope:domain authorization; AuthService#getCurrentUser:domain authorization	params=[];headers=[];version=;consumes=[];produces=[] / params=[];headers=[];version=;consumes=[];produces=[]	false	unversioned	Backend maintainers	not measured; see API_SURFACE.md	not scheduled
HEAD	/api/orgs/{orgId}/audit	ooo.klae.connex.backend.controllers.OrgAuditController#orgAudit	authenticated	MVC workspace resolution attempted for authenticated User; effective scope delegated	AuditService#recentForOrg:domain authorization; AuthService#getCurrentUser:domain authorization; OrgMemberService#requireOrgAdmin:domain authorization	params=[];headers=[];version=;consumes=[];produces=[] / params=[];headers=[];version=;consumes=[];produces=[]	false	unversioned	Backend maintainers	not measured; see API_SURFACE.md	not scheduled
HEAD	/api/orgs/{orgId}/audit/export	ooo.klae.connex.backend.controllers.OrgAuditController#exportOrgAudit	authenticated	MVC workspace resolution attempted for authenticated User; effective scope delegated	AuditService#exportRecentForOrg:domain authorization; AuthService#getCurrentUser:domain authorization; OrgMemberService#requireOrgAdmin:domain authorization	params=[];headers=[];version=;consumes=[];produces=[] / params=[];headers=[];version=;consumes=[];produces=[]	false	unversioned	Backend maintainers	not measured; see API_SURFACE.md	not scheduled
HEAD	/api/orgs/{orgId}/data-subject-requests	ooo.klae.connex.backend.controllers.DataSubjectRequestController#list	authenticated	MVC workspace resolution attempted for authenticated User; effective scope delegated	AuthService#getCurrentUser:domain authorization; DataSubjectRequestService#list:domain authorization	params=[];headers=[];version=;consumes=[];produces=[] / params=[];headers=[];version=;consumes=[];produces=[]	false	unversioned	Backend maintainers	not measured; see API_SURFACE.md	not scheduled
HEAD	/api/orgs/{orgId}/data-subject-requests/{requestId}	ooo.klae.connex.backend.controllers.DataSubjectRequestController#get	authenticated	MVC workspace resolution attempted for authenticated User; effective scope delegated	AuthService#getCurrentUser:domain authorization; DataSubjectRequestService#get:domain authorization	params=[];headers=[];version=;consumes=[];produces=[] / params=[];headers=[];version=;consumes=[];produces=[]	false	unversioned	Backend maintainers	not measured; see API_SURFACE.md	not scheduled
HEAD	/api/orgs/{orgId}/data-subject-requests/{requestId}/disclosure	ooo.klae.connex.backend.controllers.DataSubjectRequestController#disclosure	authenticated	MVC workspace resolution attempted for authenticated User; effective scope delegated	AuthService#getCurrentUser:domain authorization; DataSubjectRequestService#disclosure:domain authorization	params=[];headers=[];version=;consumes=[];produces=[] / params=[];headers=[];version=;consumes=[];produces=[]	false	unversioned	Backend maintainers	not measured; see API_SURFACE.md	not scheduled
HEAD	/api/orgs/{orgId}/layout	ooo.klae.connex.backend.controllers.OrganizationController#layout	authenticated	MVC workspace resolution attempted for authenticated User; effective scope delegated	AuthService#getCurrentUser:domain authorization; OrganizationService#getLayout:domain authorization	params=[];headers=[];version=;consumes=[];produces=[] / params=[];headers=[];version=;consumes=[];produces=[]	false	unversioned	Backend maintainers	not measured; see API_SURFACE.md	not scheduled
HEAD	/api/orgs/{orgId}/members	ooo.klae.connex.backend.controllers.OrgMemberController#members	authenticated	MVC workspace resolution attempted for authenticated User; effective scope delegated	AuthService#getCurrentUser:domain authorization; OrgMemberService#listMembers:domain authorization	params=[];headers=[];version=;consumes=[];produces=[] / params=[];headers=[];version=;consumes=[];produces=[]	false	unversioned	Backend maintainers	not measured; see API_SURFACE.md	not scheduled
HEAD	/api/orgs/{orgId}/secret-store/diagnostics	ooo.klae.connex.backend.controllers.SecretStoreDiagnosticsController#orgDiagnostics	authenticated	MVC workspace resolution attempted for authenticated User; effective scope delegated	AuthService#getCurrentUser:domain authorization; OrgMemberService#requireOrgAdmin:domain authorization; SecretStoreLifecycleService#diagnosticsForOrg:domain authorization	params=[];headers=[];version=;consumes=[];produces=[]	false	unversioned	Backend maintainers	not measured; see API_SURFACE.md	not scheduled
HEAD	/api/orgs/{orgId}/workspaces/{workspaceId}/export	ooo.klae.connex.backend.controllers.TenantLifecycleController#export	authenticated	MVC workspace resolution attempted for authenticated User; effective scope delegated	AuthService#getCurrentUser:domain authorization; TenantExportGrantCookie#clear:domain authorization; TenantExportGrantService#redeem:domain authorization	params=[];headers=[];version=;consumes=[];produces=[] / params=[];headers=[];version=;consumes=[];produces=[]	false	unversioned	Backend maintainers	not measured; see API_SURFACE.md	not scheduled
HEAD	/api/permissions	ooo.klae.connex.backend.controllers.PermissionController#catalog	authenticated	MVC workspace resolution attempted for authenticated User; effective scope delegated	explicit:grantableNames	params=[];headers=[];version=;consumes=[];produces=[] / params=[];headers=[];version=;consumes=[];produces=[]	false	unversioned	Backend maintainers	not measured; see API_SURFACE.md	not scheduled
HEAD	/api/permissions/effective	ooo.klae.connex.backend.controllers.PermissionController#effective	authenticated	MVC workspace resolution attempted for authenticated User; effective scope delegated	WorkspaceService#getCurrentPermissions:domain authorization	params=[];headers=[];version=;consumes=[];produces=[] / params=[];headers=[];version=;consumes=[];produces=[]	false	unversioned	Backend maintainers	not measured; see API_SURFACE.md	not scheduled
HEAD	/api/persons	ooo.klae.connex.backend.controllers.PersonController#getPersons	authenticated	MVC workspace resolution attempted for authenticated User; effective scope delegated	PersonService#getPersonsByCompanyId:domain authorization; PersonService#getPersonsByDealId:domain authorization; PersonService#getPersonsByTagId:domain authorization	params=[];headers=[];version=;consumes=[];produces=[] / params=[];headers=[];version=;consumes=[];produces=[]	false	unversioned	Backend maintainers	not measured; see API_SURFACE.md	not scheduled
HEAD	/api/persons/custom-field-values	ooo.klae.connex.backend.controllers.PersonController#getCustomFieldValuesForPersons	authenticated	MVC workspace resolution attempted for authenticated User; effective scope delegated	PersonService#getCustomFieldValues:domain authorization	params=[];headers=[];version=;consumes=[];produces=[] / params=[];headers=[];version=;consumes=[];produces=[]	false	unversioned	Backend maintainers	not measured; see API_SURFACE.md	not scheduled
HEAD	/api/persons/facets	ooo.klae.connex.backend.controllers.PersonController#getPersonFacets	authenticated	MVC workspace resolution attempted for authenticated User; effective scope delegated	PersonService#countArchivedPersons:domain authorization; PersonService#countsByFirstResponseState:domain authorization; PersonService#countsByLeadSource:domain authorization; PersonService#countsByLifecycleStage:domain authorization; PersonService#countsByOwner:domain authorization; PersonService#countsByWarmthBand:domain authorization; PersonService#distinctCompanies:domain authorization; PersonService#distinctTitles:domain authorization; PersonService#hasPersonWithoutCompany:domain authorization; WarmthFilterResolver#forFacets:domain authorization	params=[];headers=[];version=;consumes=[];produces=[] / params=[];headers=[];version=;consumes=[];produces=[]	false	unversioned	Backend maintainers	not measured; see API_SURFACE.md	not scheduled
HEAD	/api/persons/ids	ooo.klae.connex.backend.controllers.PersonController#getPersonIds	authenticated	MVC workspace resolution attempted for authenticated User; effective scope delegated	PersonService#getMatchingPersonIds:domain authorization; WarmthFilterResolver#resolve:domain authorization	params=[];headers=[];version=;consumes=[];produces=[] / params=[];headers=[];version=;consumes=[];produces=[]	false	unversioned	Backend maintainers	not measured; see API_SURFACE.md	not scheduled
HEAD	/api/persons/page	ooo.klae.connex.backend.controllers.PersonController#getPersonsPage	authenticated	MVC workspace resolution attempted for authenticated User; effective scope delegated	PersonService#countPersons:domain authorization; PersonService#getPersonsPage:domain authorization; WarmthFilterResolver#resolve:domain authorization	params=[];headers=[];version=;consumes=[];produces=[] / params=[];headers=[];version=;consumes=[];produces=[]	false	unversioned	Backend maintainers	not measured; see API_SURFACE.md	not scheduled
HEAD	/api/persons/recent-moves	ooo.klae.connex.backend.controllers.PersonController#getRecentMoves	authenticated	MVC workspace resolution attempted for authenticated User; effective scope delegated	EmploymentService#getRecentMoves:domain authorization	params=[];headers=[];version=;consumes=[];produces=[] / params=[];headers=[];version=;consumes=[];produces=[]	false	unversioned	Backend maintainers	not measured; see API_SURFACE.md	not scheduled
HEAD	/api/persons/{id:\d+}	ooo.klae.connex.backend.controllers.PersonController#getPersonById	authenticated	MVC workspace resolution attempted for authenticated User; effective scope delegated	PersonService#getPersonById:domain authorization	params=[];headers=[];version=;consumes=[];produces=[] / params=[];headers=[];version=;consumes=[];produces=[]	false	unversioned	Backend maintainers	not measured; see API_SURFACE.md	not scheduled
HEAD	/api/persons/{id}/activities	ooo.klae.connex.backend.controllers.PersonController#getActivitiesForPerson	authenticated	MVC workspace resolution attempted for authenticated User; effective scope delegated	PersonService#getActivitiesByPersonId:domain authorization	params=[];headers=[];version=;consumes=[];produces=[] / params=[];headers=[];version=;consumes=[];produces=[]	false	unversioned	Backend maintainers	not measured; see API_SURFACE.md	not scheduled
HEAD	/api/persons/{id}/campaign-touches	ooo.klae.connex.backend.controllers.PersonController#getCampaignTouches	authenticated	MVC workspace resolution attempted for authenticated User; effective scope delegated	ContactMarketingService#getCampaignTouches:CAMPAIGN_VIEW	params=[];headers=[];version=;consumes=[];produces=[] / params=[];headers=[];version=;consumes=[];produces=[]	false	unversioned	Backend maintainers	not measured; see API_SURFACE.md	not scheduled
HEAD	/api/persons/{id}/connections	ooo.klae.connex.backend.controllers.PersonController#getConnections	authenticated	MVC workspace resolution attempted for authenticated User; effective scope delegated	ConnectionService#getConnections:domain authorization	params=[];headers=[];version=;consumes=[];produces=[] / params=[];headers=[];version=;consumes=[];produces=[]	false	unversioned	Backend maintainers	not measured; see API_SURFACE.md	not scheduled
HEAD	/api/persons/{id}/consent	ooo.klae.connex.backend.controllers.ConsentController#get	authenticated	MVC workspace resolution attempted for authenticated User; effective scope delegated	CONSENT_MANAGE; ConsentService#getForPerson:CONSENT_MANAGE	params=[];headers=[];version=;consumes=[];produces=[] / params=[];headers=[];version=;consumes=[];produces=[]	false	unversioned	Backend maintainers	not measured; see API_SURFACE.md	not scheduled
HEAD	/api/persons/{id}/custom-fields	ooo.klae.connex.backend.controllers.PersonController#getCustomFieldsForPerson	authenticated	MVC workspace resolution attempted for authenticated User; effective scope delegated	PersonService#getCustomFields:domain authorization	params=[];headers=[];version=;consumes=[];produces=[] / params=[];headers=[];version=;consumes=[];produces=[]	false	unversioned	Backend maintainers	not measured; see API_SURFACE.md	not scheduled
HEAD	/api/persons/{id}/deals	ooo.klae.connex.backend.controllers.PersonController#getDealsForPerson	authenticated	MVC workspace resolution attempted for authenticated User; effective scope delegated	PersonService#getDealsByPersonId:domain authorization	params=[];headers=[];version=;consumes=[];produces=[] / params=[];headers=[];version=;consumes=[];produces=[]	false	unversioned	Backend maintainers	not measured; see API_SURFACE.md	not scheduled
HEAD	/api/persons/{id}/employment	ooo.klae.connex.backend.controllers.PersonController#getEmploymentHistory	authenticated	MVC workspace resolution attempted for authenticated User; effective scope delegated	PersonService#getEmploymentHistory:domain authorization	params=[];headers=[];version=;consumes=[];produces=[] / params=[];headers=[];version=;consumes=[];produces=[]	false	unversioned	Backend maintainers	not measured; see API_SURFACE.md	not scheduled
HEAD	/api/persons/{id}/intro-path	ooo.klae.connex.backend.controllers.PersonController#getIntroPath	authenticated	MVC workspace resolution attempted for authenticated User; effective scope delegated	ConnectionService#findIntroPath:domain authorization	params=[];headers=[];version=;consumes=[];produces=[] / params=[];headers=[];version=;consumes=[];produces=[]	false	unversioned	Backend maintainers	not measured; see API_SURFACE.md	not scheduled
HEAD	/api/persons/{id}/lifecycle	ooo.klae.connex.backend.controllers.PersonController#getLifecycle	authenticated	MVC workspace resolution attempted for authenticated User; effective scope delegated	PersonLifecycleService#getLifecycle:domain authorization	params=[];headers=[];version=;consumes=[];produces=[] / params=[];headers=[];version=;consumes=[];produces=[]	false	unversioned	Backend maintainers	not measured; see API_SURFACE.md	not scheduled
HEAD	/api/persons/{id}/lifecycle/history	ooo.klae.connex.backend.controllers.PersonController#getLifecycleHistory	authenticated	MVC workspace resolution attempted for authenticated User; effective scope delegated	PersonLifecycleService#getHistory:domain authorization	params=[];headers=[];version=;consumes=[];produces=[] / params=[];headers=[];version=;consumes=[];produces=[]	false	unversioned	Backend maintainers	not measured; see API_SURFACE.md	not scheduled
HEAD	/api/persons/{id}/marketing-status	ooo.klae.connex.backend.controllers.PersonController#getMarketingStatus	authenticated	MVC workspace resolution attempted for authenticated User; effective scope delegated	ContactMarketingService#getStatus:domain authorization	params=[];headers=[];version=;consumes=[];produces=[] / params=[];headers=[];version=;consumes=[];produces=[]	false	unversioned	Backend maintainers	not measured; see API_SURFACE.md	not scheduled
HEAD	/api/persons/{id}/notes	ooo.klae.connex.backend.controllers.PersonController#getNotesForPerson	authenticated	MVC workspace resolution attempted for authenticated User; effective scope delegated	PersonService#getNotesByPersonId:domain authorization	params=[];headers=[];version=;consumes=[];produces=[] / params=[];headers=[];version=;consumes=[];produces=[]	false	unversioned	Backend maintainers	not measured; see API_SURFACE.md	not scheduled
HEAD	/api/persons/{id}/profile-picture/{token:.+}	ooo.klae.connex.backend.controllers.PersonController#getProfilePicture	authenticated	MVC workspace resolution attempted for authenticated User; effective scope delegated	PersonService#getProfilePictureContent:domain authorization	params=[];headers=[];version=;consumes=[];produces=[] / params=[];headers=[];version=;consumes=[];produces=[]	false	unversioned	Backend maintainers	not measured; see API_SURFACE.md	not scheduled
HEAD	/api/persons/{id}/qualification	ooo.klae.connex.backend.controllers.PersonController#getQualification	authenticated	MVC workspace resolution attempted for authenticated User; effective scope delegated	PersonQualificationService#getQualification:domain authorization	params=[];headers=[];version=;consumes=[];produces=[] / params=[];headers=[];version=;consumes=[];produces=[]	false	unversioned	Backend maintainers	not measured; see API_SURFACE.md	not scheduled
HEAD	/api/persons/{id}/tags	ooo.klae.connex.backend.controllers.PersonController#getTagsForPerson	authenticated	MVC workspace resolution attempted for authenticated User; effective scope delegated	PersonService#getTagsByPersonId:domain authorization	params=[];headers=[];version=;consumes=[];produces=[] / params=[];headers=[];version=;consumes=[];produces=[]	false	unversioned	Backend maintainers	not measured; see API_SURFACE.md	not scheduled
HEAD	/api/persons/{id}/tasks	ooo.klae.connex.backend.controllers.PersonController#getTasksForPerson	authenticated	MVC workspace resolution attempted for authenticated User; effective scope delegated	PersonService#getTasksByPersonId:domain authorization	params=[];headers=[];version=;consumes=[];produces=[] / params=[];headers=[];version=;consumes=[];produces=[]	false	unversioned	Backend maintainers	not measured; see API_SURFACE.md	not scheduled
HEAD	/api/pipelines	ooo.klae.connex.backend.controllers.PipelineController#getAllPipelines	authenticated	MVC workspace resolution attempted for authenticated User; effective scope delegated	PipelineService#getAllPipelines:domain authorization	params=[];headers=[];version=;consumes=[];produces=[] / params=[];headers=[];version=;consumes=[];produces=[]	false	unversioned	Backend maintainers	not measured; see API_SURFACE.md	not scheduled
HEAD	/api/pipelines/stages	ooo.klae.connex.backend.controllers.PipelineController#getAllStages	authenticated	MVC workspace resolution attempted for authenticated User; effective scope delegated	PipelineService#getAllStages:domain authorization	params=[];headers=[];version=;consumes=[];produces=[] / params=[];headers=[];version=;consumes=[];produces=[]	false	unversioned	Backend maintainers	not measured; see API_SURFACE.md	not scheduled
HEAD	/api/pipelines/stages/{id}	ooo.klae.connex.backend.controllers.PipelineController#getStageById	authenticated	MVC workspace resolution attempted for authenticated User; effective scope delegated	PipelineService#getStageById:domain authorization	params=[];headers=[];version=;consumes=[];produces=[] / params=[];headers=[];version=;consumes=[];produces=[]	false	unversioned	Backend maintainers	not measured; see API_SURFACE.md	not scheduled
HEAD	/api/pipelines/stages/{id}/deals	ooo.klae.connex.backend.controllers.PipelineController#getDealsForStage	authenticated	MVC workspace resolution attempted for authenticated User; effective scope delegated	PipelineService#getDealsByStageId:domain authorization	params=[];headers=[];version=;consumes=[];produces=[] / params=[];headers=[];version=;consumes=[];produces=[]	false	unversioned	Backend maintainers	not measured; see API_SURFACE.md	not scheduled
HEAD	/api/pipelines/{id}	ooo.klae.connex.backend.controllers.PipelineController#getPipelineById	authenticated	MVC workspace resolution attempted for authenticated User; effective scope delegated	PipelineService#getPipelineById:domain authorization	params=[];headers=[];version=;consumes=[];produces=[] / params=[];headers=[];version=;consumes=[];produces=[]	false	unversioned	Backend maintainers	not measured; see API_SURFACE.md	not scheduled
HEAD	/api/pipelines/{id}/deals	ooo.klae.connex.backend.controllers.PipelineController#getDealsForPipeline	authenticated	MVC workspace resolution attempted for authenticated User; effective scope delegated	PipelineService#getDealsByPipelineId:domain authorization	params=[];headers=[];version=;consumes=[];produces=[] / params=[];headers=[];version=;consumes=[];produces=[]	false	unversioned	Backend maintainers	not measured; see API_SURFACE.md	not scheduled
HEAD	/api/pipelines/{pipelineId}/stages	ooo.klae.connex.backend.controllers.PipelineController#getStagesByPipelineId	authenticated	MVC workspace resolution attempted for authenticated User; effective scope delegated	PipelineService#getStagesByPipelineId:domain authorization	params=[];headers=[];version=;consumes=[];produces=[] / params=[];headers=[];version=;consumes=[];produces=[]	false	unversioned	Backend maintainers	not measured; see API_SURFACE.md	not scheduled
HEAD	/api/products	ooo.klae.connex.backend.controllers.ProductController#getAll	authenticated	MVC workspace resolution attempted for authenticated User; effective scope delegated	ProductService#getAll:domain authorization	params=[];headers=[];version=;consumes=[];produces=[] / params=[];headers=[];version=;consumes=[];produces=[]	false	unversioned	Backend maintainers	not measured; see API_SURFACE.md	not scheduled
HEAD	/api/products/{id}	ooo.klae.connex.backend.controllers.ProductController#getById	authenticated	MVC workspace resolution attempted for authenticated User; effective scope delegated	ProductService#getById:domain authorization	params=[];headers=[];version=;consumes=[];produces=[] / params=[];headers=[];version=;consumes=[];produces=[]	false	unversioned	Backend maintainers	not measured; see API_SURFACE.md	not scheduled
HEAD	/api/qualification-criteria	ooo.klae.connex.backend.controllers.QualificationCriterionController#getCriteria	authenticated	MVC workspace resolution attempted for authenticated User; effective scope delegated	QualificationCriterionService#getActive:domain authorization; QualificationCriterionService#getAll:domain authorization	params=[];headers=[];version=;consumes=[];produces=[] / params=[];headers=[];version=;consumes=[];produces=[]	false	unversioned	Backend maintainers	not measured; see API_SURFACE.md	not scheduled
HEAD	/api/radar	ooo.klae.connex.backend.controllers.RadarController#get	authenticated	MVC workspace resolution attempted for authenticated User; effective scope delegated	RadarService#get:domain authorization	params=[];headers=[];version=;consumes=[];produces=[] / params=[];headers=[];version=;consumes=[];produces=[]	false	unversioned	Backend maintainers	not measured; see API_SURFACE.md	not scheduled
HEAD	/api/radar/summary	ooo.klae.connex.backend.controllers.RadarController#summary	authenticated	MVC workspace resolution attempted for authenticated User; effective scope delegated	RadarService#summary:domain authorization	params=[];headers=[];version=;consumes=[];produces=[] / params=[];headers=[];version=;consumes=[];produces=[]	false	unversioned	Backend maintainers	not measured; see API_SURFACE.md	not scheduled
HEAD	/api/radar/{id}/context	ooo.klae.connex.backend.controllers.RadarController#context	authenticated	MVC workspace resolution attempted for authenticated User; effective scope delegated	RadarService#context:domain authorization	params=[];headers=[];version=;consumes=[];produces=[] / params=[];headers=[];version=;consumes=[];produces=[]	false	unversioned	Backend maintainers	not measured; see API_SURFACE.md	not scheduled
HEAD	/api/record-creation/presets/companies	ooo.klae.connex.backend.controllers.RecordCreationPresetController#companies	authenticated	MVC workspace resolution attempted for authenticated User; effective scope delegated	RecordCreationPresetService#companies:COMPANY_CREATE	params=[];headers=[];version=;consumes=[];produces=[] / params=[];headers=[];version=;consumes=[];produces=[]	false	unversioned	Backend maintainers	not measured; see API_SURFACE.md	not scheduled
HEAD	/api/record-creation/presets/deals	ooo.klae.connex.backend.controllers.RecordCreationPresetController#deals	authenticated	MVC workspace resolution attempted for authenticated User; effective scope delegated	RecordCreationPresetService#deals:DEAL_CREATE	params=[];headers=[];version=;consumes=[];produces=[] / params=[];headers=[];version=;consumes=[];produces=[]	false	unversioned	Backend maintainers	not measured; see API_SURFACE.md	not scheduled
HEAD	/api/record-creation/presets/persons	ooo.klae.connex.backend.controllers.RecordCreationPresetController#persons	authenticated	MVC workspace resolution attempted for authenticated User; effective scope delegated	RecordCreationPresetService#persons:PERSON_CREATE	params=[];headers=[];version=;consumes=[];produces=[] / params=[];headers=[];version=;consumes=[];produces=[]	false	unversioned	Backend maintainers	not measured; see API_SURFACE.md	not scheduled
HEAD	/api/record-creation/templates	ooo.klae.connex.backend.controllers.RecordCreationTemplateController#list	authenticated	MVC workspace resolution attempted for authenticated User; effective scope delegated	RecordCreationTemplateService#list:CUSTOM_FIELD_MANAGE	params=[];headers=[];version=;consumes=[];produces=[] / params=[];headers=[];version=;consumes=[];produces=[]	false	unversioned	Backend maintainers	not measured; see API_SURFACE.md	not scheduled
HEAD	/api/record-creation/templates/{templateId}	ooo.klae.connex.backend.controllers.RecordCreationTemplateController#get	authenticated	MVC workspace resolution attempted for authenticated User; effective scope delegated	RecordCreationTemplateService#get:CUSTOM_FIELD_MANAGE	params=[];headers=[];version=;consumes=[];produces=[] / params=[];headers=[];version=;consumes=[];produces=[]	false	unversioned	Backend maintainers	not measured; see API_SURFACE.md	not scheduled
HEAD	/api/reports	ooo.klae.connex.backend.controllers.ReportController#list	authenticated	MVC workspace resolution attempted for authenticated User; effective scope delegated	REPORT_READ; ReportService#list:REPORT_READ	params=[];headers=[];version=;consumes=[];produces=[] / params=[];headers=[];version=;consumes=[];produces=[]	false	unversioned	Backend maintainers	not measured; see API_SURFACE.md	not scheduled
HEAD	/api/reports/composer/availability	ooo.klae.connex.backend.controllers.ReportController#composerAvailability	authenticated	MVC workspace resolution attempted for authenticated User; effective scope delegated	REPORT_CREATE; ReportComposerService#availability:REPORT_CREATE	params=[];headers=[];version=;consumes=[];produces=[] / params=[];headers=[];version=;consumes=[];produces=[]	false	unversioned	Backend maintainers	not measured; see API_SURFACE.md	not scheduled
HEAD	/api/reports/templates	ooo.klae.connex.backend.controllers.ReportController#templates	authenticated	MVC workspace resolution attempted for authenticated User; effective scope delegated	REPORT_READ; ReportService#templates:REPORT_READ	params=[];headers=[];version=;consumes=[];produces=[] / params=[];headers=[];version=;consumes=[];produces=[]	false	unversioned	Backend maintainers	not measured; see API_SURFACE.md	not scheduled
HEAD	/api/reports/{id}	ooo.klae.connex.backend.controllers.ReportController#get	authenticated	MVC workspace resolution attempted for authenticated User; effective scope delegated	REPORT_READ; ReportService#get:REPORT_READ	params=[];headers=[];version=;consumes=[];produces=[] / params=[];headers=[];version=;consumes=[];produces=[]	false	unversioned	Backend maintainers	not measured; see API_SURFACE.md	not scheduled
HEAD	/api/reports/{id}/snapshots	ooo.klae.connex.backend.controllers.ReportController#listSnapshots	authenticated	MVC workspace resolution attempted for authenticated User; effective scope delegated	REPORT_READ; ReportService#listSnapshots:REPORT_READ	params=[];headers=[];version=;consumes=[];produces=[] / params=[];headers=[];version=;consumes=[];produces=[]	false	unversioned	Backend maintainers	not measured; see API_SURFACE.md	not scheduled
HEAD	/api/reports/{id}/snapshots/{snapshotId}	ooo.klae.connex.backend.controllers.ReportController#getSnapshot	authenticated	MVC workspace resolution attempted for authenticated User; effective scope delegated	REPORT_READ; ReportService#getSnapshot:REPORT_READ	params=[];headers=[];version=;consumes=[];produces=[] / params=[];headers=[];version=;consumes=[];produces=[]	false	unversioned	Backend maintainers	not measured; see API_SURFACE.md	not scheduled
HEAD	/api/reports/{id}/snapshots/{snapshotId}/export.csv	ooo.klae.connex.backend.controllers.ReportController#exportSnapshot	authenticated	MVC workspace resolution attempted for authenticated User; effective scope delegated	REPORT_READ; ReportService#exportSnapshotCsv:REPORT_READ	params=[];headers=[];version=;consumes=[];produces=[] / params=[];headers=[];version=;consumes=[];produces=[]	false	unversioned	Backend maintainers	not measured; see API_SURFACE.md	not scheduled
HEAD	/api/reports/{id}/widgets/{widgetId}/kpi	ooo.klae.connex.backend.controllers.ReportController#widgetKpi	authenticated	MVC workspace resolution attempted for authenticated User; effective scope delegated	REPORT_READ; ReportService#widgetKpi:REPORT_READ	params=[];headers=[];version=;consumes=[];produces=[] / params=[];headers=[];version=;consumes=[];produces=[]	false	unversioned	Backend maintainers	not measured; see API_SURFACE.md	not scheduled
HEAD	/api/reports/{reportId}/schedule	ooo.klae.connex.backend.controllers.ScheduleController#get	authenticated	MVC workspace resolution attempted for authenticated User; effective scope delegated	REPORT_READ; ScheduleService#get:REPORT_READ	params=[];headers=[];version=;consumes=[];produces=[] / params=[];headers=[];version=;consumes=[];produces=[]	false	unversioned	Backend maintainers	not measured; see API_SURFACE.md	not scheduled
HEAD	/api/rules	ooo.klae.connex.backend.controllers.RuleController#list	authenticated	MVC workspace resolution attempted for authenticated User; effective scope delegated	RuleService#list:RULE_MANAGE	params=[];headers=[];version=;consumes=[];produces=[] / params=[];headers=[];version=;consumes=[];produces=[]	false	unversioned	Backend maintainers	not measured; see API_SURFACE.md	not scheduled
HEAD	/api/rules/{id}	ooo.klae.connex.backend.controllers.RuleController#get	authenticated	MVC workspace resolution attempted for authenticated User; effective scope delegated	RuleService#getById:RULE_MANAGE	params=[];headers=[];version=;consumes=[];produces=[] / params=[];headers=[];version=;consumes=[];produces=[]	false	unversioned	Backend maintainers	not measured; see API_SURFACE.md	not scheduled
HEAD	/api/rules/{id}/executions	ooo.klae.connex.backend.controllers.RuleController#executions	authenticated	MVC workspace resolution attempted for authenticated User; effective scope delegated	RuleService#executions:RULE_MANAGE	params=[];headers=[];version=;consumes=[];produces=[] / params=[];headers=[];version=;consumes=[];produces=[]	false	unversioned	Backend maintainers	not measured; see API_SURFACE.md	not scheduled
HEAD	/api/saved-views	ooo.klae.connex.backend.controllers.SavedViewController#list	authenticated	MVC workspace resolution attempted for authenticated User; effective scope delegated	SavedViewService#list:domain authorization	params=[];headers=[];version=;consumes=[];produces=[] / params=[];headers=[];version=;consumes=[];produces=[]	false	unversioned	Backend maintainers	not measured; see API_SURFACE.md	not scheduled
HEAD	/api/saved-views/defaults/{recordType}	ooo.klae.connex.backend.controllers.SavedViewController#getDefault	authenticated	MVC workspace resolution attempted for authenticated User; effective scope delegated	SavedViewService#getDefault:domain authorization	params=[];headers=[];version=;consumes=[];produces=[] / params=[];headers=[];version=;consumes=[];produces=[]	false	unversioned	Backend maintainers	not measured; see API_SURFACE.md	not scheduled
HEAD	/api/saved-views/pins	ooo.klae.connex.backend.controllers.SavedViewController#listPins	authenticated	MVC workspace resolution attempted for authenticated User; effective scope delegated	SavedViewService#listPins:domain authorization	params=[];headers=[];version=;consumes=[];produces=[] / params=[];headers=[];version=;consumes=[];produces=[]	false	unversioned	Backend maintainers	not measured; see API_SURFACE.md	not scheduled
HEAD	/api/saved-views/{id:\d+}	ooo.klae.connex.backend.controllers.SavedViewController#getOne	authenticated	MVC workspace resolution attempted for authenticated User; effective scope delegated	SavedViewService#getById:domain authorization	params=[];headers=[];version=;consumes=[];produces=[] / params=[];headers=[];version=;consumes=[];produces=[]	false	unversioned	Backend maintainers	not measured; see API_SURFACE.md	not scheduled
HEAD	/api/scoring/companies	ooo.klae.connex.backend.controllers.ScoringController#companies	authenticated	MVC workspace resolution attempted for authenticated User; effective scope delegated	ScoringService#scoreCompanies:domain authorization; WorkspaceService#getCurrentWorkspaceId:domain authorization	params=[];headers=[];version=;consumes=[];produces=[] / params=[];headers=[];version=;consumes=[];produces=[]	false	unversioned	Backend maintainers	not measured; see API_SURFACE.md	not scheduled
HEAD	/api/scoring/companies/cooling	ooo.klae.connex.backend.controllers.ScoringController#coolingCompanies	authenticated	MVC workspace resolution attempted for authenticated User; effective scope delegated	ScoringService#coolingCompanies:domain authorization; WorkspaceService#getCurrentWorkspaceId:domain authorization	params=[];headers=[];version=;consumes=[];produces=[] / params=[];headers=[];version=;consumes=[];produces=[]	false	unversioned	Backend maintainers	not measured; see API_SURFACE.md	not scheduled
HEAD	/api/scoring/companies/map	ooo.klae.connex.backend.controllers.ScoringController#mapCompanies	authenticated	MVC workspace resolution attempted for authenticated User; effective scope delegated	ScoringService#scoreCompaniesForMap:domain authorization; WorkspaceService#getCurrentWorkspaceId:domain authorization	params=[];headers=[];version=;consumes=[];produces=[] / params=[];headers=[];version=;consumes=[];produces=[]	false	unversioned	Backend maintainers	not measured; see API_SURFACE.md	not scheduled
HEAD	/api/scoring/companies/{id}/evidence	ooo.klae.connex.backend.controllers.ScoringController#companyEvidence	authenticated	MVC workspace resolution attempted for authenticated User; effective scope delegated	ScoringService#companyEvidence:domain authorization; WorkspaceService#getCurrentUserId:domain authorization; WorkspaceService#getCurrentWorkspaceId:domain authorization	params=[];headers=[];version=;consumes=[];produces=[] / params=[];headers=[];version=;consumes=[];produces=[]	false	unversioned	Backend maintainers	not measured; see API_SURFACE.md	not scheduled
HEAD	/api/scoring/contacts	ooo.klae.connex.backend.controllers.ScoringController#contacts	authenticated	MVC workspace resolution attempted for authenticated User; effective scope delegated	ScoringService#scoreContacts:domain authorization; WorkspaceService#getCurrentWorkspaceId:domain authorization	params=[];headers=[];version=;consumes=[];produces=[] / params=[];headers=[];version=;consumes=[];produces=[]	false	unversioned	Backend maintainers	not measured; see API_SURFACE.md	not scheduled
HEAD	/api/scoring/contacts/cooling	ooo.klae.connex.backend.controllers.ScoringController#coolingContacts	authenticated	MVC workspace resolution attempted for authenticated User; effective scope delegated	ScoringService#coolingContacts:domain authorization; WorkspaceService#getCurrentWorkspaceId:domain authorization	params=[];headers=[];version=;consumes=[];produces=[] / params=[];headers=[];version=;consumes=[];produces=[]	false	unversioned	Backend maintainers	not measured; see API_SURFACE.md	not scheduled
HEAD	/api/scoring/contacts/{id}/evidence	ooo.klae.connex.backend.controllers.ScoringController#contactEvidence	authenticated	MVC workspace resolution attempted for authenticated User; effective scope delegated	ScoringService#contactEvidence:domain authorization; WorkspaceService#getCurrentUserId:domain authorization; WorkspaceService#getCurrentWorkspaceId:domain authorization	params=[];headers=[];version=;consumes=[];produces=[] / params=[];headers=[];version=;consumes=[];produces=[]	false	unversioned	Backend maintainers	not measured; see API_SURFACE.md	not scheduled
HEAD	/api/scoring/dashboard	ooo.klae.connex.backend.controllers.RelationshipDashboardController#dashboard	authenticated	MVC workspace resolution attempted for authenticated User; effective scope delegated	RelationshipDashboardService#getDashboard:domain authorization; WorkspaceService#getCurrentWorkspaceId:domain authorization	params=[];headers=[];version=;consumes=[];produces=[] / params=[];headers=[];version=;consumes=[];produces=[]	false	unversioned	Backend maintainers	not measured; see API_SURFACE.md	not scheduled
HEAD	/api/scoring/summary	ooo.klae.connex.backend.controllers.ScoringController#summary	authenticated	MVC workspace resolution attempted for authenticated User; effective scope delegated	ScoringService#summarize:domain authorization; WorkspaceService#getCurrentWorkspaceId:domain authorization	params=[];headers=[];version=;consumes=[];produces=[] / params=[];headers=[];version=;consumes=[];produces=[]	false	unversioned	Backend maintainers	not measured; see API_SURFACE.md	not scheduled
HEAD	/api/search	ooo.klae.connex.backend.controllers.SearchController#search	authenticated	MVC workspace resolution attempted for authenticated User; effective scope delegated	SearchService#search:domain authorization	params=[];headers=[];version=;consumes=[];produces=[] / params=[];headers=[];version=;consumes=[];produces=[]	false	unversioned	Backend maintainers	not measured; see API_SURFACE.md	not scheduled
HEAD	/api/segments/catalog	ooo.klae.connex.backend.controllers.SegmentController#catalog	authenticated	MVC workspace resolution attempted for authenticated User; effective scope delegated	SegmentService#catalog:domain authorization	params=[];headers=[];version=;consumes=[];produces=[] / params=[];headers=[];version=;consumes=[];produces=[]	false	unversioned	Backend maintainers	not measured; see API_SURFACE.md	not scheduled
HEAD	/api/segments/fields	ooo.klae.connex.backend.controllers.SegmentController#fields	authenticated	MVC workspace resolution attempted for authenticated User; effective scope delegated	SegmentService#fields:domain authorization	params=[];headers=[];version=;consumes=[];produces=[] / params=[];headers=[];version=;consumes=[];produces=[]	false	unversioned	Backend maintainers	not measured; see API_SURFACE.md	not scheduled
HEAD	/api/sequences	ooo.klae.connex.backend.controllers.SequenceController#list	authenticated	MVC workspace resolution attempted for authenticated User; effective scope delegated	SEQUENCE_VIEW; SequenceService#list:SEQUENCE_VIEW	params=[];headers=[];version=;consumes=[];produces=[] / params=[];headers=[];version=;consumes=[];produces=[] / feature=connex.sequences:[enabled]=true;matchIfMissing=false	false	unversioned	Backend maintainers	not measured; see API_SURFACE.md	not scheduled
HEAD	/api/sequences/merge-fields	ooo.klae.connex.backend.controllers.SequenceController#mergeFields	authenticated	MVC workspace resolution attempted for authenticated User; effective scope delegated	SEQUENCE_VIEW; SequencePreviewService#mergeFields:SEQUENCE_VIEW	params=[];headers=[];version=;consumes=[];produces=[] / params=[];headers=[];version=;consumes=[];produces=[] / feature=connex.sequences:[enabled]=true;matchIfMissing=false	false	unversioned	Backend maintainers	not measured; see API_SURFACE.md	not scheduled
HEAD	/api/sequences/{id}	ooo.klae.connex.backend.controllers.SequenceController#get	authenticated	MVC workspace resolution attempted for authenticated User; effective scope delegated	SEQUENCE_VIEW; SequenceService#get:SEQUENCE_VIEW	params=[];headers=[];version=;consumes=[];produces=[] / params=[];headers=[];version=;consumes=[];produces=[] / feature=connex.sequences:[enabled]=true;matchIfMissing=false	false	unversioned	Backend maintainers	not measured; see API_SURFACE.md	not scheduled
HEAD	/api/sequences/{id}/versions	ooo.klae.connex.backend.controllers.SequenceController#listVersions	authenticated	MVC workspace resolution attempted for authenticated User; effective scope delegated	SEQUENCE_VIEW; SequenceVersionService#list:SEQUENCE_VIEW	params=[];headers=[];version=;consumes=[];produces=[] / params=[];headers=[];version=;consumes=[];produces=[] / feature=connex.sequences:[enabled]=true;matchIfMissing=false	false	unversioned	Backend maintainers	not measured; see API_SURFACE.md	not scheduled
HEAD	/api/sequences/{id}/versions/{version}	ooo.klae.connex.backend.controllers.SequenceController#getVersion	authenticated	MVC workspace resolution attempted for authenticated User; effective scope delegated	SEQUENCE_VIEW; SequenceVersionService#get:SEQUENCE_VIEW	params=[];headers=[];version=;consumes=[];produces=[] / params=[];headers=[];version=;consumes=[];produces=[] / feature=connex.sequences:[enabled]=true;matchIfMissing=false	false	unversioned	Backend maintainers	not measured; see API_SURFACE.md	not scheduled
HEAD	/api/shares/{type}/{id}	ooo.klae.connex.backend.controllers.ShareController#list	authenticated	MVC workspace resolution attempted for authenticated User; effective scope delegated	ShareService#listShares:domain authorization	params=[];headers=[];version=;consumes=[];produces=[] / params=[];headers=[];version=;consumes=[];produces=[] / feature=:[connex.sharing.enabled]=true;matchIfMissing=true	false	unversioned	Backend maintainers	not measured; see API_SURFACE.md	not scheduled
HEAD	/api/suppressions	ooo.klae.connex.backend.controllers.SuppressionController#list	authenticated	MVC workspace resolution attempted for authenticated User; effective scope delegated	CONSENT_MANAGE; SuppressionService#list:CONSENT_MANAGE	params=[];headers=[];version=;consumes=[];produces=[] / params=[];headers=[];version=;consumes=[];produces=[]	false	unversioned	Backend maintainers	not measured; see API_SURFACE.md	not scheduled
HEAD	/api/tags	ooo.klae.connex.backend.controllers.TagController#getAllTags	authenticated	MVC workspace resolution attempted for authenticated User; effective scope delegated	TagService#getAllTags:domain authorization	params=[];headers=[];version=;consumes=[];produces=[] / params=[];headers=[];version=;consumes=[];produces=[]	false	unversioned	Backend maintainers	not measured; see API_SURFACE.md	not scheduled
HEAD	/api/tags/{id}	ooo.klae.connex.backend.controllers.TagController#getTagById	authenticated	MVC workspace resolution attempted for authenticated User; effective scope delegated	TagService#getTagById:domain authorization	params=[];headers=[];version=;consumes=[];produces=[] / params=[];headers=[];version=;consumes=[];produces=[]	false	unversioned	Backend maintainers	not measured; see API_SURFACE.md	not scheduled
HEAD	/api/tags/{id}/companies	ooo.klae.connex.backend.controllers.TagController#getCompaniesForTag	authenticated	MVC workspace resolution attempted for authenticated User; effective scope delegated	TagService#getCompaniesByTagId:domain authorization	params=[];headers=[];version=;consumes=[];produces=[] / params=[];headers=[];version=;consumes=[];produces=[]	false	unversioned	Backend maintainers	not measured; see API_SURFACE.md	not scheduled
HEAD	/api/tags/{id}/deals	ooo.klae.connex.backend.controllers.TagController#getDealsForTag	authenticated	MVC workspace resolution attempted for authenticated User; effective scope delegated	TagService#getDealsByTagId:domain authorization	params=[];headers=[];version=;consumes=[];produces=[] / params=[];headers=[];version=;consumes=[];produces=[]	false	unversioned	Backend maintainers	not measured; see API_SURFACE.md	not scheduled
HEAD	/api/tags/{id}/people	ooo.klae.connex.backend.controllers.TagController#getPeopleForTag	authenticated	MVC workspace resolution attempted for authenticated User; effective scope delegated	TagService#getPersonsByTagId:domain authorization	params=[];headers=[];version=;consumes=[];produces=[] / params=[];headers=[];version=;consumes=[];produces=[]	false	unversioned	Backend maintainers	not measured; see API_SURFACE.md	not scheduled
HEAD	/api/tasks	ooo.klae.connex.backend.controllers.TaskController#getTasks	authenticated	MVC workspace resolution attempted for authenticated User; effective scope delegated	TaskService#getTasksByAssignedToId:domain authorization; TaskService#getTasksByDealId:domain authorization; TaskService#getTasksByPersonId:domain authorization	params=[];headers=[];version=;consumes=[];produces=[] / params=[];headers=[];version=;consumes=[];produces=[]	false	unversioned	Backend maintainers	not measured; see API_SURFACE.md	not scheduled
HEAD	/api/tasks/page	ooo.klae.connex.backend.controllers.TaskController#getTasksPage	authenticated	MVC workspace resolution attempted for authenticated User; effective scope delegated	TaskService#countTasks:domain authorization; TaskService#getTasksPage:domain authorization	params=[];headers=[];version=;consumes=[];produces=[] / params=[];headers=[];version=;consumes=[];produces=[]	false	unversioned	Backend maintainers	not measured; see API_SURFACE.md	not scheduled
HEAD	/api/tasks/summary	ooo.klae.connex.backend.controllers.TaskController#getTaskSummary	authenticated	MVC workspace resolution attempted for authenticated User; effective scope delegated	TaskService#getTaskSummary:domain authorization	params=[];headers=[];version=;consumes=[];produces=[] / params=[];headers=[];version=;consumes=[];produces=[]	false	unversioned	Backend maintainers	not measured; see API_SURFACE.md	not scheduled
HEAD	/api/tasks/upcoming	ooo.klae.connex.backend.controllers.TaskController#getUpcomingTasks	authenticated	MVC workspace resolution attempted for authenticated User; effective scope delegated	TaskService#getUpcomingOpenTasks:domain authorization	params=[];headers=[];version=;consumes=[];produces=[] / params=[];headers=[];version=;consumes=[];produces=[]	false	unversioned	Backend maintainers	not measured; see API_SURFACE.md	not scheduled
HEAD	/api/tasks/{id}	ooo.klae.connex.backend.controllers.TaskController#getTaskById	authenticated	MVC workspace resolution attempted for authenticated User; effective scope delegated	TaskService#getTaskById:domain authorization	params=[];headers=[];version=;consumes=[];produces=[] / params=[];headers=[];version=;consumes=[];produces=[]	false	unversioned	Backend maintainers	not measured; see API_SURFACE.md	not scheduled
HEAD	/api/teams	ooo.klae.connex.backend.controllers.TeamController#list	authenticated	MVC workspace resolution attempted for authenticated User; effective scope delegated	TeamService#list:domain authorization	params=[];headers=[];version=;consumes=[];produces=[] / params=[];headers=[];version=;consumes=[];produces=[]	false	unversioned	Backend maintainers	not measured; see API_SURFACE.md	not scheduled
HEAD	/api/teams/{id:\d+}	ooo.klae.connex.backend.controllers.TeamController#get	authenticated	MVC workspace resolution attempted for authenticated User; effective scope delegated	TeamService#get:domain authorization	params=[];headers=[];version=;consumes=[];produces=[] / params=[];headers=[];version=;consumes=[];produces=[]	false	unversioned	Backend maintainers	not measured; see API_SURFACE.md	not scheduled
HEAD	/api/users	ooo.klae.connex.backend.controllers.UserController#getAllUsers	authenticated	MVC workspace resolution attempted for authenticated User; effective scope delegated	UserService#getAllUsers:domain authorization	params=[];headers=[];version=;consumes=[];produces=[] / params=[];headers=[];version=;consumes=[];produces=[]	false	unversioned	Backend maintainers	not measured; see API_SURFACE.md	not scheduled
HEAD	/api/users/references	ooo.klae.connex.backend.controllers.UserController#getUserReferences	authenticated	MVC workspace resolution attempted for authenticated User; effective scope delegated	UserService#getActiveWorkspaceMemberReferences:domain authorization	params=[];headers=[];version=;consumes=[];produces=[] / params=[];headers=[];version=;consumes=[];produces=[]	false	unversioned	Backend maintainers	not measured; see API_SURFACE.md	not scheduled
HEAD	/api/users/{id}	ooo.klae.connex.backend.controllers.UserController#getUserById	authenticated	MVC workspace resolution attempted for authenticated User; effective scope delegated	UserService#getUserById:domain authorization	params=[];headers=[];version=;consumes=[];produces=[] / params=[];headers=[];version=;consumes=[];produces=[]	false	unversioned	Backend maintainers	not measured; see API_SURFACE.md	not scheduled
HEAD	/api/users/{id}/activities	ooo.klae.connex.backend.controllers.UserController#getActivitiesForUser	authenticated	MVC workspace resolution attempted for authenticated User; effective scope delegated	UserService#getActivitiesByUserId:domain authorization	params=[];headers=[];version=;consumes=[];produces=[] / params=[];headers=[];version=;consumes=[];produces=[]	false	unversioned	Backend maintainers	not measured; see API_SURFACE.md	not scheduled
HEAD	/api/users/{id}/notes	ooo.klae.connex.backend.controllers.UserController#getNotesForUser	authenticated	MVC workspace resolution attempted for authenticated User; effective scope delegated	UserService#getNotesByUserId:domain authorization	params=[];headers=[];version=;consumes=[];produces=[] / params=[];headers=[];version=;consumes=[];produces=[]	false	unversioned	Backend maintainers	not measured; see API_SURFACE.md	not scheduled
HEAD	/api/users/{id}/profile-picture/{token:.+}	ooo.klae.connex.backend.controllers.UserController#getProfilePicture	authenticated	MVC workspace resolution attempted for authenticated User; effective scope delegated	UserService#getProfilePictureContent:domain authorization	params=[];headers=[];version=;consumes=[];produces=[] / params=[];headers=[];version=;consumes=[];produces=[]	false	unversioned	Backend maintainers	not measured; see API_SURFACE.md	not scheduled
HEAD	/api/users/{id}/tasks	ooo.klae.connex.backend.controllers.UserController#getTasksForUser	authenticated	MVC workspace resolution attempted for authenticated User; effective scope delegated	UserService#getTasksByUserId:domain authorization	params=[];headers=[];version=;consumes=[];produces=[] / params=[];headers=[];version=;consumes=[];produces=[]	false	unversioned	Backend maintainers	not measured; see API_SURFACE.md	not scheduled
HEAD	/api/v1/me	ooo.klae.connex.backend.controllers.v1.PublicApiIdentityController#me	bearer:PUBLIC_API_AUTHENTICATED; disabled unless connex.public-api.enabled	credential-bound workspace	ApiCredentialService#currentCredential:domain authorization	params=[];headers=[];version=;consumes=[];produces=[] / params=[];headers=[];version=;consumes=[];produces=[] / feature=:[connex.public-api.enabled]=true;matchIfMissing=false	false	v1	Backend maintainers	not measured; see API_SURFACE.md	not scheduled
HEAD	/api/version	ooo.klae.connex.backend.controllers.VersionController#version	authenticated	no MVC workspace resolution; domain scope if applicable	controller/filter boundary; no direct annotated service call	params=[];headers=[];version=;consumes=[];produces=[] / params=[];headers=[];version=;consumes=[];produces=[]	false	unversioned	Backend maintainers	not measured; see API_SURFACE.md	not scheduled
HEAD	/api/workflow-operations/runs	ooo.klae.connex.backend.controllers.WorkflowOperationsController#runs	authenticated	MVC workspace resolution attempted for authenticated User; effective scope delegated	WorkflowOperationsService#runs:RULE_MANAGE	params=[];headers=[];version=;consumes=[];produces=[] / params=[];headers=[];version=;consumes=[];produces=[]	false	unversioned	Backend maintainers	not measured; see API_SURFACE.md	not scheduled
HEAD	/api/workflow-operations/summary	ooo.klae.connex.backend.controllers.WorkflowOperationsController#summary	authenticated	MVC workspace resolution attempted for authenticated User; effective scope delegated	WorkflowOperationsService#summary:RULE_MANAGE	params=[];headers=[];version=;consumes=[];produces=[] / params=[];headers=[];version=;consumes=[];produces=[]	false	unversioned	Backend maintainers	not measured; see API_SURFACE.md	not scheduled
HEAD	/api/workflow-recipes	ooo.klae.connex.backend.controllers.WorkflowRecipeController#list	authenticated	MVC workspace resolution attempted for authenticated User; effective scope delegated	WorkflowRecipeService#list:RULE_MANAGE	params=[];headers=[];version=;consumes=[];produces=[] / params=[];headers=[];version=;consumes=[];produces=[]	false	unversioned	Backend maintainers	not measured; see API_SURFACE.md	not scheduled
HEAD	/api/workflow-recipes/{recipeKey}	ooo.klae.connex.backend.controllers.WorkflowRecipeController#get	authenticated	MVC workspace resolution attempted for authenticated User; effective scope delegated	WorkflowRecipeService#get:RULE_MANAGE	params=[];headers=[];version=;consumes=[];produces=[] / params=[];headers=[];version=;consumes=[];produces=[]	false	unversioned	Backend maintainers	not measured; see API_SURFACE.md	not scheduled
HEAD	/api/workflows	ooo.klae.connex.backend.controllers.WorkflowController#list	authenticated	MVC workspace resolution attempted for authenticated User; effective scope delegated	WorkflowService#list:RULE_MANAGE	params=[];headers=[];version=;consumes=[];produces=[] / params=[];headers=[];version=;consumes=[];produces=[]	false	unversioned	Backend maintainers	not measured; see API_SURFACE.md	not scheduled
HEAD	/api/workflows/legacy-rules/{legacyRuleId}	ooo.klae.connex.backend.controllers.WorkflowController#resolveLegacyRule	authenticated	MVC workspace resolution attempted for authenticated User; effective scope delegated	WorkflowService#resolveLegacyRule:RULE_MANAGE	params=[];headers=[];version=;consumes=[];produces=[] / params=[];headers=[];version=;consumes=[];produces=[]	false	unversioned	Backend maintainers	not measured; see API_SURFACE.md	not scheduled
HEAD	/api/workflows/{id}	ooo.klae.connex.backend.controllers.WorkflowController#get	authenticated	MVC workspace resolution attempted for authenticated User; effective scope delegated	WorkflowService#getById:RULE_MANAGE	params=[];headers=[];version=;consumes=[];produces=[] / params=[];headers=[];version=;consumes=[];produces=[]	false	unversioned	Backend maintainers	not measured; see API_SURFACE.md	not scheduled
HEAD	/api/workflows/{id}/versions	ooo.klae.connex.backend.controllers.WorkflowController#versions	authenticated	MVC workspace resolution attempted for authenticated User; effective scope delegated	WorkflowService#versions:RULE_MANAGE	params=[];headers=[];version=;consumes=[];produces=[] / params=[];headers=[];version=;consumes=[];produces=[]	false	unversioned	Backend maintainers	not measured; see API_SURFACE.md	not scheduled
HEAD	/api/workflows/{workflowId}/manual-runs/{invocationId}	ooo.klae.connex.backend.controllers.WorkflowManualRunController#get	authenticated	MVC workspace resolution attempted for authenticated User; effective scope delegated	WorkflowManualRunService#get:RULE_MANAGE	params=[];headers=[];version=;consumes=[];produces=[] / params=[];headers=[];version=;consumes=[];produces=[]	false	unversioned	Backend maintainers	not measured; see API_SURFACE.md	not scheduled
HEAD	/api/workflows/{workflowId}/operations	ooo.klae.connex.backend.controllers.WorkflowOperationsController#workflow	authenticated	MVC workspace resolution attempted for authenticated User; effective scope delegated	WorkflowOperationsService#workflow:RULE_MANAGE	params=[];headers=[];version=;consumes=[];produces=[] / params=[];headers=[];version=;consumes=[];produces=[]	false	unversioned	Backend maintainers	not measured; see API_SURFACE.md	not scheduled
HEAD	/api/workflows/{workflowId}/runs	ooo.klae.connex.backend.controllers.WorkflowRunController#list	authenticated	MVC workspace resolution attempted for authenticated User; effective scope delegated	WorkflowRunReadService#listRuns:RULE_MANAGE	params=[];headers=[];version=;consumes=[];produces=[] / params=[];headers=[];version=;consumes=[];produces=[]	false	unversioned	Backend maintainers	not measured; see API_SURFACE.md	not scheduled
HEAD	/api/workflows/{workflowId}/runs/{runKey}	ooo.klae.connex.backend.controllers.WorkflowRunController#get	authenticated	MVC workspace resolution attempted for authenticated User; effective scope delegated	WorkflowRunReadService#getRun:RULE_MANAGE	params=[];headers=[];version=;consumes=[];produces=[] / params=[];headers=[];version=;consumes=[];produces=[]	false	unversioned	Backend maintainers	not measured; see API_SURFACE.md	not scheduled
HEAD	/api/workspaces	ooo.klae.connex.backend.controllers.WorkspaceController#myWorkspaces	authenticated	MVC workspace resolution attempted for authenticated User; effective scope delegated	AuthService#getCurrentUser:domain authorization; WorkspaceService#defaultWorkspaceIdFor:domain authorization; WorkspaceService#getMembershipsForCurrentUser:domain authorization	params=[];headers=[];version=;consumes=[];produces=[] / params=[];headers=[];version=;consumes=[];produces=[]	false	unversioned	Backend maintainers	not measured; see API_SURFACE.md	not scheduled
HEAD	/api/workspaces/pending	ooo.klae.connex.backend.controllers.WorkspaceController#pending	authenticated	MVC workspace resolution attempted for authenticated User; effective scope delegated	AuthService#getCurrentUser:domain authorization; WorkspaceService#pendingMemberships:domain authorization	params=[];headers=[];version=;consumes=[];produces=[] / params=[];headers=[];version=;consumes=[];produces=[]	false	unversioned	Backend maintainers	not measured; see API_SURFACE.md	not scheduled
HEAD	/api/workspaces/{id}/allowed-domains	ooo.klae.connex.backend.controllers.WorkspaceController#allowedDomains	authenticated	MVC workspace resolution attempted for authenticated User; effective scope delegated	AllowedDomainService#listDomains:domain authorization; AuthService#getCurrentUser:domain authorization	params=[];headers=[];version=;consumes=[];produces=[] / params=[];headers=[];version=;consumes=[];produces=[]	false	unversioned	Backend maintainers	not measured; see API_SURFACE.md	not scheduled
HEAD	/api/workspaces/{id}/diagnostics	ooo.klae.connex.backend.controllers.TenantDiagnosticsController#workspaceDiagnostics	authenticated	MVC workspace resolution attempted for authenticated User; effective scope delegated	AuthService#getCurrentUser:domain authorization; TenantDiagnosticsService#forWorkspace:domain authorization; WorkspaceService#requirePermission:domain authorization; explicit:WORKSPACE_SETTINGS	params=[];headers=[];version=;consumes=[];produces=[]	false	unversioned	Backend maintainers	not measured; see API_SURFACE.md	not scheduled
HEAD	/api/workspaces/{id}/invite-links	ooo.klae.connex.backend.controllers.WorkspaceController#inviteLinks	authenticated	MVC workspace resolution attempted for authenticated User; effective scope delegated	AuthService#getCurrentUser:domain authorization; InviteLinkService#listLinks:domain authorization	params=[];headers=[];version=;consumes=[];produces=[] / params=[];headers=[];version=;consumes=[];produces=[]	false	unversioned	Backend maintainers	not measured; see API_SURFACE.md	not scheduled
HEAD	/api/workspaces/{id}/invites	ooo.klae.connex.backend.controllers.WorkspaceController#invites	authenticated	MVC workspace resolution attempted for authenticated User; effective scope delegated	AuthService#getCurrentUser:domain authorization; InviteService#listInvites:domain authorization	params=[];headers=[];version=;consumes=[];produces=[] / params=[];headers=[];version=;consumes=[];produces=[]	false	unversioned	Backend maintainers	not measured; see API_SURFACE.md	not scheduled
HEAD	/api/workspaces/{id}/mail-config	ooo.klae.connex.backend.controllers.WorkspaceMailConfigController#get	authenticated	MVC workspace resolution attempted for authenticated User; effective scope delegated	AuthService#getCurrentUser:domain authorization; WorkspaceMailConfigService#getConfig:domain authorization	params=[];headers=[];version=;consumes=[];produces=[] / params=[];headers=[];version=;consumes=[];produces=[]	false	unversioned	Backend maintainers	not measured; see API_SURFACE.md	not scheduled
HEAD	/api/workspaces/{id}/members	ooo.klae.connex.backend.controllers.WorkspaceController#members	authenticated	MVC workspace resolution attempted for authenticated User; effective scope delegated	AuthService#getCurrentUser:domain authorization; WorkspaceService#getMembersWithRoles:domain authorization	params=[];headers=[];version=;consumes=[];produces=[] / params=[];headers=[];version=;consumes=[];produces=[]	false	unversioned	Backend maintainers	not measured; see API_SURFACE.md	not scheduled
HEAD	/api/workspaces/{workspaceId}/roles	ooo.klae.connex.backend.controllers.RoleController#list	authenticated	MVC workspace resolution attempted for authenticated User; effective scope delegated	AuthService#getCurrentUser:domain authorization; RoleService#listRoles:domain authorization	params=[];headers=[];version=;consumes=[];produces=[] / params=[];headers=[];version=;consumes=[];produces=[]	false	unversioned	Backend maintainers	not measured; see API_SURFACE.md	not scheduled
HEAD	/api/workspaces/{workspaceId}/roles/built-in	ooo.klae.connex.backend.controllers.RoleController#builtIn	authenticated	MVC workspace resolution attempted for authenticated User; effective scope delegated	AuthService#getCurrentUser:domain authorization; RoleService#builtInRoles:domain authorization	params=[];headers=[];version=;consumes=[];produces=[] / params=[];headers=[];version=;consumes=[];produces=[]	false	unversioned	Backend maintainers	not measured; see API_SURFACE.md	not scheduled
HEAD	/api/workspaces/{workspaceId}/secret-store/diagnostics	ooo.klae.connex.backend.controllers.SecretStoreDiagnosticsController#workspaceDiagnostics	authenticated	MVC workspace resolution attempted for authenticated User; effective scope delegated	AuthService#getCurrentUser:domain authorization; SecretStoreLifecycleService#diagnosticsForWorkspace:domain authorization; WorkspaceService#requirePermission:domain authorization; explicit:WORKSPACE_SETTINGS	params=[];headers=[];version=;consumes=[];produces=[]	false	unversioned	Backend maintainers	not measured; see API_SURFACE.md	not scheduled
HEAD	/saml2/authenticate	Saml2WebSsoAuthenticationRequestFilter	permitAll; SSO enabled	no MVC workspace resolution	SAML relying-party registration	Spring default; registrationId path variable or query parameter; CSRF policy applies	false	unversioned	Backend maintainers	not measured; see API_SURFACE.md	not scheduled
HEAD	/saml2/authenticate/{registrationId}	Saml2WebSsoAuthenticationRequestFilter	permitAll; SSO enabled	no MVC workspace resolution	SAML relying-party registration	Spring default; registrationId path variable or query parameter; CSRF policy applies	false	unversioned	Backend maintainers	not measured; see API_SURFACE.md	not scheduled
OPTIONS	/api/account/connections	ooo.klae.connex.backend.controllers.ProviderConnectionController#getConnections	authenticated	MVC workspace resolution attempted for authenticated User; effective scope delegated	ProviderConnectionService#getForCurrentUser:domain authorization	params=[];headers=[];version=;consumes=[];produces=[] / params=[];headers=[];version=;consumes=[];produces=[]	false	unversioned	Backend maintainers	not measured; see API_SURFACE.md	not scheduled
OPTIONS	/api/account/connections/callback/{provider}	ooo.klae.connex.backend.controllers.ProviderConnectionController#callback	authenticated	MVC workspace resolution attempted for authenticated User; effective scope delegated	ProviderConnectionService#completeCallback:domain authorization	params=[];headers=[];version=;consumes=[];produces=[] / params=[];headers=[];version=;consumes=[];produces=[]	false	unversioned	Backend maintainers	not measured; see API_SURFACE.md	not scheduled
OPTIONS	/api/account/connections/capture	ooo.klae.connex.backend.controllers.ProviderCaptureController#overview	authenticated	MVC workspace resolution attempted for authenticated User; effective scope delegated	ProviderCapturePolicyService#getCurrentOverview:domain authorization	params=[];headers=[];version=;consumes=[];produces=[] / params=[];headers=[];version=;consumes=[];produces=[]	false	unversioned	Backend maintainers	not measured; see API_SURFACE.md	not scheduled
OPTIONS	/api/account/connections/native/complete	ooo.klae.connex.backend.controllers.NativeConnectController#complete	authenticated	MVC workspace resolution attempted for authenticated User; effective scope delegated	NativeConnectService#complete:domain authorization	params=[];headers=[];version=;consumes=[];produces=[] / params=[];headers=[];version=;consumes=[];produces=[]	false	unversioned	Backend maintainers	not measured; see API_SURFACE.md	not scheduled
OPTIONS	/api/account/connections/native/helper	ooo.klae.connex.backend.controllers.NativeConnectController#helper	authenticated	MVC workspace resolution attempted for authenticated User; effective scope delegated	NativeConnectService#helperScript:domain authorization	params=[];headers=[];version=;consumes=[];produces=[] / params=[];headers=[];version=;consumes=[];produces=[text/plain]	false	unversioned	Backend maintainers	not measured; see API_SURFACE.md	not scheduled
OPTIONS	/api/account/connections/native/prepare	ooo.klae.connex.backend.controllers.NativeConnectController#prepare	authenticated	MVC workspace resolution attempted for authenticated User; effective scope delegated	NativeConnectService#prepare:domain authorization	params=[];headers=[];version=;consumes=[];produces=[] / params=[];headers=[];version=;consumes=[];produces=[]	false	unversioned	Backend maintainers	not measured; see API_SURFACE.md	not scheduled
OPTIONS	/api/account/connections/native/{provider}/pairing	ooo.klae.connex.backend.controllers.NativeConnectController#cancelPairing	authenticated	MVC workspace resolution attempted for authenticated User; effective scope delegated	NativeConnectService#cancelPairing:domain authorization	params=[];headers=[];version=;consumes=[];produces=[] / params=[];headers=[];version=;consumes=[];produces=[]	false	unversioned	Backend maintainers	not measured; see API_SURFACE.md	not scheduled
OPTIONS	/api/account/connections/native/{provider}/pairing	ooo.klae.connex.backend.controllers.NativeConnectController#createPairing	authenticated	MVC workspace resolution attempted for authenticated User; effective scope delegated	NativeConnectService#createPairing:domain authorization	params=[];headers=[];version=;consumes=[];produces=[] / params=[];headers=[];version=;consumes=[];produces=[]	false	unversioned	Backend maintainers	not measured; see API_SURFACE.md	not scheduled
OPTIONS	/api/account/connections/native/{provider}/pairing	ooo.klae.connex.backend.controllers.NativeConnectController#pairingStatus	authenticated	MVC workspace resolution attempted for authenticated User; effective scope delegated	NativeConnectService#pairingStatus:domain authorization	params=[];headers=[];version=;consumes=[];produces=[] / params=[];headers=[];version=;consumes=[];produces=[]	false	unversioned	Backend maintainers	not measured; see API_SURFACE.md	not scheduled
OPTIONS	/api/account/connections/{provider}	ooo.klae.connex.backend.controllers.ProviderConnectionController#disconnect	authenticated	MVC workspace resolution attempted for authenticated User; effective scope delegated	ProviderConnectionService#disconnect:domain authorization	params=[];headers=[];version=;consumes=[];produces=[] / params=[];headers=[];version=;consumes=[];produces=[]	false	unversioned	Backend maintainers	not measured; see API_SURFACE.md	not scheduled
OPTIONS	/api/account/connections/{provider}/authorize	ooo.klae.connex.backend.controllers.ProviderConnectionController#authorize	authenticated	MVC workspace resolution attempted for authenticated User; effective scope delegated	ProviderConnectionService#beginAuthorization:domain authorization	params=[];headers=[];version=;consumes=[];produces=[] / params=[];headers=[];version=;consumes=[];produces=[]	false	unversioned	Backend maintainers	not measured; see API_SURFACE.md	not scheduled
OPTIONS	/api/account/connections/{provider}/capture-policy	ooo.klae.connex.backend.controllers.ProviderCaptureController#updatePolicy	authenticated	MVC workspace resolution attempted for authenticated User; effective scope delegated	ProviderCapturePolicyService#updateUserPolicy:domain authorization	params=[];headers=[];version=;consumes=[];produces=[] / params=[];headers=[];version=;consumes=[];produces=[]	false	unversioned	Backend maintainers	not measured; see API_SURFACE.md	not scheduled
OPTIONS	/api/account/connections/{provider}/captured-data	ooo.klae.connex.backend.controllers.ProviderCaptureController#purge	authenticated	MVC workspace resolution attempted for authenticated User; effective scope delegated	ProviderCaptureErasureService#eraseCurrent:domain authorization	params=[];headers=[];version=;consumes=[];produces=[] / params=[];headers=[];version=;consumes=[];produces=[]	false	unversioned	Backend maintainers	not measured; see API_SURFACE.md	not scheduled
OPTIONS	/api/account/connections/{provider}/captured/{interactionId}/approve	ooo.klae.connex.backend.controllers.ProviderCaptureController#approve	authenticated	MVC workspace resolution attempted for authenticated User; effective scope delegated	ProviderCaptureReviewService#approve:domain authorization	params=[];headers=[];version=;consumes=[];produces=[] / params=[];headers=[];version=;consumes=[];produces=[]	false	unversioned	Backend maintainers	not measured; see API_SURFACE.md	not scheduled
OPTIONS	/api/account/connections/{provider}/pause	ooo.klae.connex.backend.controllers.ProviderConnectionController#pause	authenticated	MVC workspace resolution attempted for authenticated User; effective scope delegated	ProviderConnectionService#pause:domain authorization	params=[];headers=[];version=;consumes=[];produces=[] / params=[];headers=[];version=;consumes=[];produces=[]	false	unversioned	Backend maintainers	not measured; see API_SURFACE.md	not scheduled
OPTIONS	/api/account/connections/{provider}/resume	ooo.klae.connex.backend.controllers.ProviderConnectionController#resume	authenticated	MVC workspace resolution attempted for authenticated User; effective scope delegated	ProviderConnectionService#resume:domain authorization	params=[];headers=[];version=;consumes=[];produces=[] / params=[];headers=[];version=;consumes=[];produces=[]	false	unversioned	Backend maintainers	not measured; see API_SURFACE.md	not scheduled
OPTIONS	/api/account/connections/{provider}/retained-data	ooo.klae.connex.backend.controllers.ProviderConnectionController#eraseAllCapturedDataAndReset	authenticated	MVC workspace resolution attempted for authenticated User; effective scope delegated	ProviderConnectionService#eraseAllCapturedDataAndReset:domain authorization	params=[];headers=[];version=;consumes=[];produces=[] / params=[];headers=[];version=;consumes=[];produces=[]	false	unversioned	Backend maintainers	not measured; see API_SURFACE.md	not scheduled
OPTIONS	/api/account/connections/{provider}/reviews	ooo.klae.connex.backend.controllers.ProviderCaptureController#reviews	authenticated	MVC workspace resolution attempted for authenticated User; effective scope delegated	ProviderCaptureReviewService#page:domain authorization	params=[];headers=[];version=;consumes=[];produces=[] / params=[];headers=[];version=;consumes=[];produces=[]	false	unversioned	Backend maintainers	not measured; see API_SURFACE.md	not scheduled
OPTIONS	/api/account/connections/{provider}/reviews/{reviewId}	ooo.klae.connex.backend.controllers.ProviderCaptureController#decide	authenticated	MVC workspace resolution attempted for authenticated User; effective scope delegated	ProviderCaptureReviewService#decide:domain authorization	params=[];headers=[];version=;consumes=[];produces=[] / params=[];headers=[];version=;consumes=[];produces=[]	false	unversioned	Backend maintainers	not measured; see API_SURFACE.md	not scheduled
OPTIONS	/api/account/connections/{provider}/sync	ooo.klae.connex.backend.controllers.ProviderCaptureController#sync	authenticated	MVC workspace resolution attempted for authenticated User; effective scope delegated	ProviderCapturePolicyService#queueCurrent:domain authorization	params=[];headers=[];version=;consumes=[];produces=[] / params=[];headers=[];version=;consumes=[];produces=[]	false	unversioned	Backend maintainers	not measured; see API_SURFACE.md	not scheduled
OPTIONS	/api/account/connections/{provider}/workspace-policy	ooo.klae.connex.backend.controllers.ProviderCaptureController#updateWorkspacePolicy	authenticated	MVC workspace resolution attempted for authenticated User; effective scope delegated	ProviderCapturePolicyService#updateWorkspacePolicy:domain authorization	params=[];headers=[];version=;consumes=[];produces=[] / params=[];headers=[];version=;consumes=[];produces=[]	false	unversioned	Backend maintainers	not measured; see API_SURFACE.md	not scheduled
OPTIONS	/api/activities	ooo.klae.connex.backend.controllers.ActivityController#createActivity	authenticated	MVC workspace resolution attempted for authenticated User; effective scope delegated	ActivityService#create:ACTIVITY_CREATE	params=[];headers=[];version=;consumes=[];produces=[] / params=[];headers=[];version=;consumes=[];produces=[]	false	unversioned	Backend maintainers	not measured; see API_SURFACE.md	not scheduled
OPTIONS	/api/activities	ooo.klae.connex.backend.controllers.ActivityController#getActivities	authenticated	MVC workspace resolution attempted for authenticated User; effective scope delegated	ActivityService#getActivitiesByCreatedById:domain authorization; ActivityService#getActivitiesByDealId:domain authorization; ActivityService#getActivitiesByPersonId:domain authorization; ActivityService#getActivitiesPage:domain authorization	params=[];headers=[];version=;consumes=[];produces=[] / params=[];headers=[];version=;consumes=[];produces=[]	false	unversioned	Backend maintainers	not measured; see API_SURFACE.md	not scheduled
OPTIONS	/api/activities/leaderboard	ooo.klae.connex.backend.controllers.ActivityController#getTeamLeaderboard	authenticated	MVC workspace resolution attempted for authenticated User; effective scope delegated	ActivityService#getTeamLeaderboard:domain authorization	params=[];headers=[];version=;consumes=[];produces=[] / params=[];headers=[];version=;consumes=[];produces=[]	false	unversioned	Backend maintainers	not measured; see API_SURFACE.md	not scheduled
OPTIONS	/api/activities/page	ooo.klae.connex.backend.controllers.ActivityController#getActivitiesPage	authenticated	MVC workspace resolution attempted for authenticated User; effective scope delegated	ActivityService#countActivities:domain authorization; ActivityService#getActivitiesPage:domain authorization	params=[];headers=[];version=;consumes=[];produces=[] / params=[];headers=[];version=;consumes=[];produces=[]	false	unversioned	Backend maintainers	not measured; see API_SURFACE.md	not scheduled
OPTIONS	/api/activities/upcoming-count	ooo.klae.connex.backend.controllers.ActivityController#getUpcomingCount	authenticated	MVC workspace resolution attempted for authenticated User; effective scope delegated	ActivityService#getUpcomingCount:domain authorization	params=[];headers=[];version=;consumes=[];produces=[] / params=[];headers=[];version=;consumes=[];produces=[]	false	unversioned	Backend maintainers	not measured; see API_SURFACE.md	not scheduled
OPTIONS	/api/activities/volume	ooo.klae.connex.backend.controllers.ActivityController#getActivityVolume	authenticated	MVC workspace resolution attempted for authenticated User; effective scope delegated	ActivityService#getActivityVolume:domain authorization	params=[];headers=[];version=;consumes=[];produces=[] / params=[];headers=[];version=;consumes=[];produces=[]	false	unversioned	Backend maintainers	not measured; see API_SURFACE.md	not scheduled
OPTIONS	/api/activities/{id}	ooo.klae.connex.backend.controllers.ActivityController#deleteActivity	authenticated	MVC workspace resolution attempted for authenticated User; effective scope delegated	ActivityService#delete:ACTIVITY_DELETE	params=[];headers=[];version=;consumes=[];produces=[] / params=[];headers=[];version=;consumes=[];produces=[]	false	unversioned	Backend maintainers	not measured; see API_SURFACE.md	not scheduled
OPTIONS	/api/activities/{id}	ooo.klae.connex.backend.controllers.ActivityController#getActivityById	authenticated	MVC workspace resolution attempted for authenticated User; effective scope delegated	ActivityService#getActivityById:domain authorization	params=[];headers=[];version=;consumes=[];produces=[] / params=[];headers=[];version=;consumes=[];produces=[]	false	unversioned	Backend maintainers	not measured; see API_SURFACE.md	not scheduled
OPTIONS	/api/activities/{id}	ooo.klae.connex.backend.controllers.ActivityController#updateActivity	authenticated	MVC workspace resolution attempted for authenticated User; effective scope delegated	ActivityService#update:ACTIVITY_UPDATE	params=[];headers=[];version=;consumes=[];produces=[] / params=[];headers=[];version=;consumes=[];produces=[]	false	unversioned	Backend maintainers	not measured; see API_SURFACE.md	not scheduled
OPTIONS	/api/ai/assistant/brief-schedule	ooo.klae.connex.backend.controllers.AiAssistantProactiveController#briefSchedule	authenticated	MVC workspace resolution attempted for authenticated User; effective scope delegated	AiBriefScheduleService#get:AI_USE	params=[];headers=[];version=;consumes=[];produces=[] / params=[];headers=[];version=;consumes=[];produces=[]	false	unversioned	Backend maintainers	not measured; see API_SURFACE.md	not scheduled
OPTIONS	/api/ai/assistant/brief-schedule	ooo.klae.connex.backend.controllers.AiAssistantProactiveController#replaceBriefSchedule	authenticated	MVC workspace resolution attempted for authenticated User; effective scope delegated	AiBriefScheduleService#replace:AI_USE	params=[];headers=[];version=;consumes=[];produces=[] / params=[];headers=[];version=;consumes=[];produces=[]	false	unversioned	Backend maintainers	not measured; see API_SURFACE.md	not scheduled
OPTIONS	/api/ai/assistant/command-center	ooo.klae.connex.backend.controllers.AiAssistantProactiveController#commandCenter	authenticated	MVC workspace resolution attempted for authenticated User; effective scope delegated	AiCommandCenterService#get:AI_USE	params=[];headers=[];version=;consumes=[];produces=[] / params=[];headers=[];version=;consumes=[];produces=[]	false	unversioned	Backend maintainers	not measured; see API_SURFACE.md	not scheduled
OPTIONS	/api/ai/assistant/sessions	ooo.klae.connex.backend.controllers.AiAssistantController#create	authenticated	MVC workspace resolution attempted for authenticated User; effective scope delegated	AiAssistantService#create:AI_USE	params=[];headers=[];version=;consumes=[];produces=[] / params=[];headers=[];version=;consumes=[];produces=[]	false	unversioned	Backend maintainers	not measured; see API_SURFACE.md	not scheduled
OPTIONS	/api/ai/assistant/sessions	ooo.klae.connex.backend.controllers.AiAssistantController#page	authenticated	MVC workspace resolution attempted for authenticated User; effective scope delegated	AiAssistantService#page:AI_USE	params=[];headers=[];version=;consumes=[];produces=[] / params=[];headers=[];version=;consumes=[];produces=[]	false	unversioned	Backend maintainers	not measured; see API_SURFACE.md	not scheduled
OPTIONS	/api/ai/assistant/sessions/invitations	ooo.klae.connex.backend.controllers.AiAssistantController#invitations	authenticated	MVC workspace resolution attempted for authenticated User; effective scope delegated	AiAssistantService#pageInvitations:AI_USE	params=[];headers=[];version=;consumes=[];produces=[] / params=[];headers=[];version=;consumes=[];produces=[]	false	unversioned	Backend maintainers	not measured; see API_SURFACE.md	not scheduled
OPTIONS	/api/ai/assistant/sessions/retained	ooo.klae.connex.backend.controllers.AiAssistantController#pageRetained	authenticated	MVC workspace resolution attempted for authenticated User; effective scope delegated	AiAssistantService#pageRetained:AI_SESSION_ADMIN	params=[];headers=[];version=;consumes=[];produces=[] / params=[];headers=[];version=;consumes=[];produces=[]	false	unversioned	Backend maintainers	not measured; see API_SURFACE.md	not scheduled
OPTIONS	/api/ai/assistant/sessions/scope-preview	ooo.klae.connex.backend.controllers.AiAssistantController#previewScope	authenticated	MVC workspace resolution attempted for authenticated User; effective scope delegated	AiAssistantTurnService#previewScope:AI_USE	params=[];headers=[];version=;consumes=[];produces=[] / params=[];headers=[];version=;consumes=[];produces=[]	false	unversioned	Backend maintainers	not measured; see API_SURFACE.md	not scheduled
OPTIONS	/api/ai/assistant/sessions/{id:\d+}	ooo.klae.connex.backend.controllers.AiAssistantController#archive	authenticated	MVC workspace resolution attempted for authenticated User; effective scope delegated	AiAssistantService#archive:AI_USE	params=[];headers=[];version=;consumes=[];produces=[] / params=[];headers=[];version=;consumes=[];produces=[]	false	unversioned	Backend maintainers	not measured; see API_SURFACE.md	not scheduled
OPTIONS	/api/ai/assistant/sessions/{id:\d+}	ooo.klae.connex.backend.controllers.AiAssistantController#get	authenticated	MVC workspace resolution attempted for authenticated User; effective scope delegated	AiAssistantService#get:AI_USE	params=[];headers=[];version=;consumes=[];produces=[] / params=[];headers=[];version=;consumes=[];produces=[]	false	unversioned	Backend maintainers	not measured; see API_SURFACE.md	not scheduled
OPTIONS	/api/ai/assistant/sessions/{id:\d+}	ooo.klae.connex.backend.controllers.AiAssistantController#update	authenticated	MVC workspace resolution attempted for authenticated User; effective scope delegated	AiAssistantService#update:AI_USE	params=[];headers=[];version=;consumes=[];produces=[] / params=[];headers=[];version=;consumes=[];produces=[]	false	unversioned	Backend maintainers	not measured; see API_SURFACE.md	not scheduled
OPTIONS	/api/ai/assistant/sessions/{id:\d+}/attachments	ooo.klae.connex.backend.controllers.AiAssistantController#listAttachments	authenticated	MVC workspace resolution attempted for authenticated User; effective scope delegated	AiChatAttachmentService#list:AI_USE	params=[];headers=[];version=;consumes=[];produces=[] / params=[];headers=[];version=;consumes=[];produces=[]	false	unversioned	Backend maintainers	not measured; see API_SURFACE.md	not scheduled
OPTIONS	/api/ai/assistant/sessions/{id:\d+}/attachments	ooo.klae.connex.backend.controllers.AiAssistantController#uploadAttachment	authenticated	MVC workspace resolution attempted for authenticated User; effective scope delegated	AiChatAttachmentService#upload:AI_USE	params=[];headers=[];version=;consumes=[];produces=[] / params=[];headers=[];version=;consumes=[multipart/form-data];produces=[]	false	unversioned	Backend maintainers	not measured; see API_SURFACE.md	not scheduled
OPTIONS	/api/ai/assistant/sessions/{id:\d+}/invitations	ooo.klae.connex.backend.controllers.AiAssistantController#invite	authenticated	MVC workspace resolution attempted for authenticated User; effective scope delegated	AiAssistantService#invite:AI_SESSION_SHARE	params=[];headers=[];version=;consumes=[];produces=[] / params=[];headers=[];version=;consumes=[];produces=[]	false	unversioned	Backend maintainers	not measured; see API_SURFACE.md	not scheduled
OPTIONS	/api/ai/assistant/sessions/{id:\d+}/join	ooo.klae.connex.backend.controllers.AiAssistantController#join	authenticated	MVC workspace resolution attempted for authenticated User; effective scope delegated	AiAssistantService#join:AI_USE	params=[];headers=[];version=;consumes=[];produces=[] / params=[];headers=[];version=;consumes=[];produces=[]	false	unversioned	Backend maintainers	not measured; see API_SURFACE.md	not scheduled
OPTIONS	/api/ai/assistant/sessions/{id:\d+}/leave	ooo.klae.connex.backend.controllers.AiAssistantController#leave	authenticated	MVC workspace resolution attempted for authenticated User; effective scope delegated	AiAssistantService#leave:AI_USE	params=[];headers=[];version=;consumes=[];produces=[] / params=[];headers=[];version=;consumes=[];produces=[]	false	unversioned	Backend maintainers	not measured; see API_SURFACE.md	not scheduled
OPTIONS	/api/ai/assistant/sessions/{id:\d+}/messages	ooo.klae.connex.backend.controllers.AiAssistantController#appendMessage	authenticated	MVC workspace resolution attempted for authenticated User; effective scope delegated	AiAssistantService#appendMessage:AI_USE	params=[];headers=[];version=;consumes=[];produces=[] / params=[];headers=[];version=;consumes=[];produces=[]	false	unversioned	Backend maintainers	not measured; see API_SURFACE.md	not scheduled
OPTIONS	/api/ai/assistant/sessions/{id:\d+}/participants	ooo.klae.connex.backend.controllers.AiAssistantController#participants	authenticated	MVC workspace resolution attempted for authenticated User; effective scope delegated	AiAssistantService#participants:AI_USE	params=[];headers=[];version=;consumes=[];produces=[] / params=[];headers=[];version=;consumes=[];produces=[]	false	unversioned	Backend maintainers	not measured; see API_SURFACE.md	not scheduled
OPTIONS	/api/ai/assistant/sessions/{id:\d+}/participants/{userId:\d+}	ooo.klae.connex.backend.controllers.AiAssistantController#removeParticipant	authenticated	MVC workspace resolution attempted for authenticated User; effective scope delegated	AiAssistantService#removeParticipant:AI_SESSION_SHARE	params=[];headers=[];version=;consumes=[];produces=[] / params=[];headers=[];version=;consumes=[];produces=[]	false	unversioned	Backend maintainers	not measured; see API_SURFACE.md	not scheduled
OPTIONS	/api/ai/assistant/sessions/{id:\d+}/presence	ooo.klae.connex.backend.controllers.AiAssistantController#leavePresence	authenticated	MVC workspace resolution attempted for authenticated User; effective scope delegated	AiAssistantService#leavePresence:AI_USE	params=[];headers=[];version=;consumes=[];produces=[] / params=[];headers=[];version=;consumes=[];produces=[]	false	unversioned	Backend maintainers	not measured; see API_SURFACE.md	not scheduled
OPTIONS	/api/ai/assistant/sessions/{id:\d+}/presence	ooo.klae.connex.backend.controllers.AiAssistantController#presence	authenticated	MVC workspace resolution attempted for authenticated User; effective scope delegated	AiAssistantService#presence:AI_USE	params=[];headers=[];version=;consumes=[];produces=[] / params=[];headers=[];version=;consumes=[];produces=[]	false	unversioned	Backend maintainers	not measured; see API_SURFACE.md	not scheduled
OPTIONS	/api/ai/assistant/sessions/{id:\d+}/presence	ooo.klae.connex.backend.controllers.AiAssistantController#touchPresence	authenticated	MVC workspace resolution attempted for authenticated User; effective scope delegated	AiAssistantService#touchPresence:AI_USE	params=[];headers=[];version=;consumes=[];produces=[] / params=[];headers=[];version=;consumes=[];produces=[]	false	unversioned	Backend maintainers	not measured; see API_SURFACE.md	not scheduled
OPTIONS	/api/ai/assistant/sessions/{id:\d+}/retained	ooo.klae.connex.backend.controllers.AiAssistantController#getRetained	authenticated	MVC workspace resolution attempted for authenticated User; effective scope delegated	AiAssistantService#getRetained:AI_SESSION_ADMIN	params=[];headers=[];version=;consumes=[];produces=[] / params=[];headers=[];version=;consumes=[];produces=[]	false	unversioned	Backend maintainers	not measured; see API_SURFACE.md	not scheduled
OPTIONS	/api/ai/assistant/sessions/{id:\d+}/sharing	ooo.klae.connex.backend.controllers.AiAssistantController#setShared	authenticated	MVC workspace resolution attempted for authenticated User; effective scope delegated	AiAssistantService#setShared:AI_SESSION_SHARE	params=[];headers=[];version=;consumes=[];produces=[] / params=[];headers=[];version=;consumes=[];produces=[]	false	unversioned	Backend maintainers	not measured; see API_SURFACE.md	not scheduled
OPTIONS	/api/ai/assistant/sessions/{id:\d+}/turns	ooo.klae.connex.backend.controllers.AiAssistantController#startTurn	authenticated	MVC workspace resolution attempted for authenticated User; effective scope delegated	AiAssistantTurnService#start:AI_USE	params=[];headers=[];version=;consumes=[];produces=[] / params=[];headers=[];version=;consumes=[];produces=[]	false	unversioned	Backend maintainers	not measured; see API_SURFACE.md	not scheduled
OPTIONS	/api/ai/assistant/sessions/{sessionId:\d+}/attachments/{attachmentId:\d+}	ooo.klae.connex.backend.controllers.AiAssistantController#deleteAttachment	authenticated	MVC workspace resolution attempted for authenticated User; effective scope delegated	AiChatAttachmentService#delete:AI_USE	params=[];headers=[];version=;consumes=[];produces=[] / params=[];headers=[];version=;consumes=[];produces=[]	false	unversioned	Backend maintainers	not measured; see API_SURFACE.md	not scheduled
OPTIONS	/api/ai/assistant/sessions/{sessionId:\d+}/tool-calls	ooo.klae.connex.backend.controllers.AiAssistantController#listToolCalls	authenticated	MVC workspace resolution attempted for authenticated User; effective scope delegated	AiAssistantToolCallReadService#list:domain authorization	params=[];headers=[];version=;consumes=[];produces=[] / params=[];headers=[];version=;consumes=[];produces=[]	false	unversioned	Backend maintainers	not measured; see API_SURFACE.md	not scheduled
OPTIONS	/api/ai/assistant/sessions/{sessionId:\d+}/tool-calls/retained	ooo.klae.connex.backend.controllers.AiAssistantController#listRetainedToolCalls	authenticated	MVC workspace resolution attempted for authenticated User; effective scope delegated	AiAssistantToolCallReadService#listRetained:AI_SESSION_ADMIN	params=[];headers=[];version=;consumes=[];produces=[] / params=[];headers=[];version=;consumes=[];produces=[]	false	unversioned	Backend maintainers	not measured; see API_SURFACE.md	not scheduled
OPTIONS	/api/ai/assistant/sessions/{sessionId:\d+}/tool-calls/{toolCallId:\d+}	ooo.klae.connex.backend.controllers.AiAssistantController#getToolCall	authenticated	MVC workspace resolution attempted for authenticated User; effective scope delegated	AiAssistantToolCallReadService#get:domain authorization	params=[];headers=[];version=;consumes=[];produces=[] / params=[];headers=[];version=;consumes=[];produces=[]	false	unversioned	Backend maintainers	not measured; see API_SURFACE.md	not scheduled
OPTIONS	/api/ai/assistant/sessions/{sessionId:\d+}/tool-calls/{toolCallId:\d+}/approve	ooo.klae.connex.backend.controllers.AiAssistantController#approveToolCall	authenticated	MVC workspace resolution attempted for authenticated User; effective scope delegated	AiAssistantWriteToolService#approve:domain authorization	params=[];headers=[];version=;consumes=[];produces=[] / params=[];headers=[];version=;consumes=[];produces=[]	false	unversioned	Backend maintainers	not measured; see API_SURFACE.md	not scheduled
OPTIONS	/api/ai/assistant/sessions/{sessionId:\d+}/tool-calls/{toolCallId:\d+}/reject	ooo.klae.connex.backend.controllers.AiAssistantController#rejectToolCall	authenticated	MVC workspace resolution attempted for authenticated User; effective scope delegated	AiAssistantWriteToolService#reject:domain authorization	params=[];headers=[];version=;consumes=[];produces=[] / params=[];headers=[];version=;consumes=[];produces=[]	false	unversioned	Backend maintainers	not measured; see API_SURFACE.md	not scheduled
OPTIONS	/api/ai/assistant/sessions/{sessionId:\d+}/tool-calls/{toolCallId:\d+}/retained	ooo.klae.connex.backend.controllers.AiAssistantController#getRetainedToolCall	authenticated	MVC workspace resolution attempted for authenticated User; effective scope delegated	AiAssistantToolCallReadService#getRetained:AI_SESSION_ADMIN	params=[];headers=[];version=;consumes=[];produces=[] / params=[];headers=[];version=;consumes=[];produces=[]	false	unversioned	Backend maintainers	not measured; see API_SURFACE.md	not scheduled
OPTIONS	/api/ai/assistant/sessions/{sessionId:\d+}/tool-calls/{toolCallId:\d+}/undo	ooo.klae.connex.backend.controllers.AiAssistantController#undoToolCall	authenticated	MVC workspace resolution attempted for authenticated User; effective scope delegated	AiAssistantWriteToolService#undo:domain authorization	params=[];headers=[];version=;consumes=[];produces=[] / params=[];headers=[];version=;consumes=[];produces=[]	false	unversioned	Backend maintainers	not measured; see API_SURFACE.md	not scheduled
OPTIONS	/api/ai/assistant/sessions/{sessionId:\d+}/turns/{turnId:\d+}	ooo.klae.connex.backend.controllers.AiAssistantController#getTurn	authenticated	MVC workspace resolution attempted for authenticated User; effective scope delegated	AiAssistantTurnService#get:AI_USE	params=[];headers=[];version=;consumes=[];produces=[] / params=[];headers=[];version=;consumes=[];produces=[]	false	unversioned	Backend maintainers	not measured; see API_SURFACE.md	not scheduled
OPTIONS	/api/ai/assistant/sessions/{sessionId:\d+}/turns/{turnId:\d+}/cancel	ooo.klae.connex.backend.controllers.AiAssistantController#cancelTurn	authenticated	MVC workspace resolution attempted for authenticated User; effective scope delegated	AiAssistantTurnService#cancel:domain authorization	params=[];headers=[];version=;consumes=[];produces=[] / params=[];headers=[];version=;consumes=[];produces=[]	false	unversioned	Backend maintainers	not measured; see API_SURFACE.md	not scheduled
OPTIONS	/api/ai/assistant/skills	ooo.klae.connex.backend.controllers.AiAssistantSkillController#list	authenticated	MVC workspace resolution attempted for authenticated User; effective scope delegated	AiSkillDirectoryService#list:AI_USE	params=[];headers=[];version=;consumes=[];produces=[] / params=[];headers=[];version=;consumes=[];produces=[]	false	unversioned	Backend maintainers	not measured; see API_SURFACE.md	not scheduled
OPTIONS	/api/ai/assistant/watches	ooo.klae.connex.backend.controllers.AiAssistantProactiveController#createWatch	authenticated	MVC workspace resolution attempted for authenticated User; effective scope delegated	AiWatchService#create:AI_USE	params=[];headers=[];version=;consumes=[];produces=[] / params=[];headers=[];version=;consumes=[];produces=[]	false	unversioned	Backend maintainers	not measured; see API_SURFACE.md	not scheduled
OPTIONS	/api/ai/assistant/watches	ooo.klae.connex.backend.controllers.AiAssistantProactiveController#watches	authenticated	MVC workspace resolution attempted for authenticated User; effective scope delegated	AiWatchService#list:AI_USE	params=[];headers=[];version=;consumes=[];produces=[] / params=[];headers=[];version=;consumes=[];produces=[]	false	unversioned	Backend maintainers	not measured; see API_SURFACE.md	not scheduled
OPTIONS	/api/ai/assistant/watches/{id}	ooo.klae.connex.backend.controllers.AiAssistantProactiveController#deleteWatch	authenticated	MVC workspace resolution attempted for authenticated User; effective scope delegated	AiWatchService#delete:AI_USE	params=[];headers=[];version=;consumes=[];produces=[] / params=[];headers=[];version=;consumes=[];produces=[]	false	unversioned	Backend maintainers	not measured; see API_SURFACE.md	not scheduled
OPTIONS	/api/ai/assistant/watches/{id}	ooo.klae.connex.backend.controllers.AiAssistantProactiveController#setWatchStatus	authenticated	MVC workspace resolution attempted for authenticated User; effective scope delegated	AiWatchService#setActive:AI_USE	params=[];headers=[];version=;consumes=[];produces=[] / params=[];headers=[];version=;consumes=[];produces=[]	false	unversioned	Backend maintainers	not measured; see API_SURFACE.md	not scheduled
OPTIONS	/api/ai/budget	ooo.klae.connex.backend.controllers.AiOrganizationBudgetController#get	authenticated	MVC workspace resolution attempted for authenticated User; effective scope delegated	AiOrganizationBudgetService#getForWorkspace:domain authorization; AuthService#getCurrentUser:domain authorization	params=[];headers=[];version=;consumes=[];produces=[] / params=[];headers=[];version=;consumes=[];produces=[]	false	unversioned	Backend maintainers	not measured; see API_SURFACE.md	not scheduled
OPTIONS	/api/ai/budget	ooo.klae.connex.backend.controllers.AiOrganizationBudgetController#save	authenticated	MVC workspace resolution attempted for authenticated User; effective scope delegated	AiOrganizationBudgetService#save:domain authorization; AuthService#getCurrentUser:domain authorization	params=[];headers=[];version=;consumes=[];produces=[] / params=[];headers=[];version=;consumes=[];produces=[]	false	unversioned	Backend maintainers	not measured; see API_SURFACE.md	not scheduled
OPTIONS	/api/ai/generations/{handle}	ooo.klae.connex.backend.controllers.AiGenerationController#status	authenticated	MVC workspace resolution attempted for authenticated User; effective scope delegated	AiGenerationService#status:domain authorization	params=[];headers=[];version=;consumes=[];produces=[] / params=[];headers=[];version=;consumes=[];produces=[]	false	unversioned	Backend maintainers	not measured; see API_SURFACE.md	not scheduled
OPTIONS	/api/ai/governance	ooo.klae.connex.backend.controllers.AiWorkspaceGovernanceController#get	authenticated	MVC workspace resolution attempted for authenticated User; effective scope delegated	AiWorkspaceGovernanceService#getForWorkspace:domain authorization; AuthService#getCurrentUser:domain authorization	params=[];headers=[];version=;consumes=[];produces=[] / params=[];headers=[];version=;consumes=[];produces=[]	false	unversioned	Backend maintainers	not measured; see API_SURFACE.md	not scheduled
OPTIONS	/api/ai/governance	ooo.klae.connex.backend.controllers.AiWorkspaceGovernanceController#save	authenticated	MVC workspace resolution attempted for authenticated User; effective scope delegated	AiWorkspaceGovernanceService#save:domain authorization; AuthService#getCurrentUser:domain authorization	params=[];headers=[];version=;consumes=[];produces=[] / params=[];headers=[];version=;consumes=[];produces=[]	false	unversioned	Backend maintainers	not measured; see API_SURFACE.md	not scheduled
OPTIONS	/api/ai/provider	ooo.klae.connex.backend.controllers.AiProviderConfigController#get	authenticated	MVC workspace resolution attempted for authenticated User; effective scope delegated	AiProviderConfigService#getForWorkspace:domain authorization; AuthService#getCurrentUser:domain authorization	params=[];headers=[];version=;consumes=[];produces=[] / params=[];headers=[];version=;consumes=[];produces=[]	false	unversioned	Backend maintainers	not measured; see API_SURFACE.md	not scheduled
OPTIONS	/api/ai/provider	ooo.klae.connex.backend.controllers.AiProviderConfigController#revoke	authenticated	MVC workspace resolution attempted for authenticated User; effective scope delegated	AiProviderConfigService#revoke:domain authorization; AuthService#getCurrentUser:domain authorization	params=[];headers=[];version=;consumes=[];produces=[] / params=[];headers=[];version=;consumes=[];produces=[]	false	unversioned	Backend maintainers	not measured; see API_SURFACE.md	not scheduled
OPTIONS	/api/ai/provider	ooo.klae.connex.backend.controllers.AiProviderConfigController#save	authenticated	MVC workspace resolution attempted for authenticated User; effective scope delegated	AiProviderConfigService#save:domain authorization; AuthService#getCurrentUser:domain authorization	params=[];headers=[];version=;consumes=[];produces=[] / params=[];headers=[];version=;consumes=[];produces=[]	false	unversioned	Backend maintainers	not measured; see API_SURFACE.md	not scheduled
OPTIONS	/api/ai/provider/zdr-attestation	ooo.klae.connex.backend.controllers.AiProviderConfigController#attestZeroDataRetention	authenticated	MVC workspace resolution attempted for authenticated User; effective scope delegated	AiProviderConfigService#attestZeroDataRetention:domain authorization; AuthService#getCurrentUser:domain authorization	params=[];headers=[];version=;consumes=[];produces=[] / params=[];headers=[];version=;consumes=[];produces=[]	false	unversioned	Backend maintainers	not measured; see API_SURFACE.md	not scheduled
OPTIONS	/api/api-credentials	ooo.klae.connex.backend.controllers.ApiCredentialController#issue	authenticated	MVC workspace resolution attempted for authenticated User; effective scope delegated	API_CREDENTIAL_MANAGE; ApiCredentialService#issue:API_CREDENTIAL_MANAGE	params=[];headers=[];version=;consumes=[];produces=[] / params=[];headers=[];version=;consumes=[];produces=[]	false	unversioned	Backend maintainers	not measured; see API_SURFACE.md	not scheduled
OPTIONS	/api/api-credentials	ooo.klae.connex.backend.controllers.ApiCredentialController#list	authenticated	MVC workspace resolution attempted for authenticated User; effective scope delegated	API_CREDENTIAL_MANAGE; ApiCredentialService#list:API_CREDENTIAL_MANAGE	params=[];headers=[];version=;consumes=[];produces=[] / params=[];headers=[];version=;consumes=[];produces=[]	false	unversioned	Backend maintainers	not measured; see API_SURFACE.md	not scheduled
OPTIONS	/api/api-credentials/{id:\d+}	ooo.klae.connex.backend.controllers.ApiCredentialController#revoke	authenticated	MVC workspace resolution attempted for authenticated User; effective scope delegated	API_CREDENTIAL_MANAGE; ApiCredentialService#revoke:API_CREDENTIAL_MANAGE	params=[];headers=[];version=;consumes=[];produces=[] / params=[];headers=[];version=;consumes=[];produces=[]	false	unversioned	Backend maintainers	not measured; see API_SURFACE.md	not scheduled
OPTIONS	/api/approval-policies	ooo.klae.connex.backend.controllers.ApprovalPolicyController#create	authenticated	MVC workspace resolution attempted for authenticated User; effective scope delegated	ApprovalPolicyService#create:DOCUMENT_MANAGE	params=[];headers=[];version=;consumes=[];produces=[] / params=[];headers=[];version=;consumes=[];produces=[]	false	unversioned	Backend maintainers	not measured; see API_SURFACE.md	not scheduled
OPTIONS	/api/approval-policies	ooo.klae.connex.backend.controllers.ApprovalPolicyController#getAll	authenticated	MVC workspace resolution attempted for authenticated User; effective scope delegated	ApprovalPolicyService#getAll:domain authorization	params=[];headers=[];version=;consumes=[];produces=[] / params=[];headers=[];version=;consumes=[];produces=[]	false	unversioned	Backend maintainers	not measured; see API_SURFACE.md	not scheduled
OPTIONS	/api/approval-policies/{id}	ooo.klae.connex.backend.controllers.ApprovalPolicyController#delete	authenticated	MVC workspace resolution attempted for authenticated User; effective scope delegated	ApprovalPolicyService#delete:DOCUMENT_MANAGE	params=[];headers=[];version=;consumes=[];produces=[] / params=[];headers=[];version=;consumes=[];produces=[]	false	unversioned	Backend maintainers	not measured; see API_SURFACE.md	not scheduled
OPTIONS	/api/approval-policies/{id}	ooo.klae.connex.backend.controllers.ApprovalPolicyController#update	authenticated	MVC workspace resolution attempted for authenticated User; effective scope delegated	ApprovalPolicyService#update:DOCUMENT_MANAGE	params=[];headers=[];version=;consumes=[];produces=[] / params=[];headers=[];version=;consumes=[];produces=[]	false	unversioned	Backend maintainers	not measured; see API_SURFACE.md	not scheduled
OPTIONS	/api/approval-policies/{id}/impact	ooo.klae.connex.backend.controllers.ApprovalPolicyController#impact	authenticated	MVC workspace resolution attempted for authenticated User; effective scope delegated	ApprovalPolicyService#impact:DOCUMENT_MANAGE	params=[];headers=[];version=;consumes=[];produces=[] / params=[];headers=[];version=;consumes=[];produces=[]	false	unversioned	Backend maintainers	not measured; see API_SURFACE.md	not scheduled
OPTIONS	/api/approvals/inbox	ooo.klae.connex.backend.controllers.ApprovalInboxController#inbox	authenticated	MVC workspace resolution attempted for authenticated User; effective scope delegated	DOCUMENT_APPROVE; DocumentApprovalService#inbox:DOCUMENT_APPROVE	params=[];headers=[];version=;consumes=[];produces=[] / params=[];headers=[];version=;consumes=[];produces=[]	false	unversioned	Backend maintainers	not measured; see API_SURFACE.md	not scheduled
OPTIONS	/api/attachments	ooo.klae.connex.backend.controllers.AttachmentController#createAttachment	authenticated	MVC workspace resolution attempted for authenticated User; effective scope delegated	AttachmentService#create:ATTACHMENT_CREATE; AuthService#getCurrentUser:domain authorization	params=[];headers=[];version=;consumes=[];produces=[] / params=[];headers=[];version=;consumes=[];produces=[]	false	unversioned	Backend maintainers	not measured; see API_SURFACE.md	not scheduled
OPTIONS	/api/attachments	ooo.klae.connex.backend.controllers.AttachmentController#getAttachments	authenticated	MVC workspace resolution attempted for authenticated User; effective scope delegated	AttachmentService#getAll:domain authorization; AttachmentService#getByEntity:domain authorization	params=[];headers=[];version=;consumes=[];produces=[] / params=[];headers=[];version=;consumes=[];produces=[]	false	unversioned	Backend maintainers	not measured; see API_SURFACE.md	not scheduled
OPTIONS	/api/attachments/by-url	ooo.klae.connex.backend.controllers.AttachmentController#getAttachmentByUrl	authenticated	MVC workspace resolution attempted for authenticated User; effective scope delegated	AttachmentService#getByUrl:ATTACHMENT_DELETE	params=[];headers=[];version=;consumes=[];produces=[] / params=[];headers=[];version=;consumes=[];produces=[]	false	unversioned	Backend maintainers	not measured; see API_SURFACE.md	not scheduled
OPTIONS	/api/attachments/content/{token:.+}	ooo.klae.connex.backend.controllers.AttachmentController#getAttachmentContent	authenticated	MVC workspace resolution attempted for authenticated User; effective scope delegated	AttachmentService#getManagedContent:domain authorization	params=[];headers=[];version=;consumes=[];produces=[] / params=[];headers=[];version=;consumes=[];produces=[]	false	unversioned	Backend maintainers	not measured; see API_SURFACE.md	not scheduled
OPTIONS	/api/attachments/facets	ooo.klae.connex.backend.controllers.AttachmentController#getAttachmentFacets	authenticated	MVC workspace resolution attempted for authenticated User; effective scope delegated	AttachmentService#facets:domain authorization	params=[];headers=[];version=;consumes=[];produces=[] / params=[];headers=[];version=;consumes=[];produces=[]	false	unversioned	Backend maintainers	not measured; see API_SURFACE.md	not scheduled
OPTIONS	/api/attachments/page	ooo.klae.connex.backend.controllers.AttachmentController#getAttachmentsPage	authenticated	MVC workspace resolution attempted for authenticated User; effective scope delegated	AttachmentService#countPage:domain authorization; AttachmentService#getPage:domain authorization	params=[];headers=[];version=;consumes=[];produces=[] / params=[];headers=[];version=;consumes=[];produces=[]	false	unversioned	Backend maintainers	not measured; see API_SURFACE.md	not scheduled
OPTIONS	/api/attachments/upload	ooo.klae.connex.backend.controllers.AttachmentController#uploadAttachment	authenticated	MVC workspace resolution attempted for authenticated User; effective scope delegated	AttachmentService#upload:ATTACHMENT_CREATE; AuthService#getCurrentUser:domain authorization	params=[];headers=[];version=;consumes=[];produces=[] / params=[];headers=[];version=;consumes=[multipart/form-data];produces=[]	false	unversioned	Backend maintainers	not measured; see API_SURFACE.md	not scheduled
OPTIONS	/api/attachments/upload-image	ooo.klae.connex.backend.controllers.AttachmentController#uploadInlineImage	authenticated	MVC workspace resolution attempted for authenticated User; effective scope delegated	AttachmentService#uploadInlineImage:ATTACHMENT_CREATE; AuthService#getCurrentUser:domain authorization	params=[];headers=[];version=;consumes=[];produces=[] / params=[];headers=[];version=;consumes=[multipart/form-data];produces=[]	false	unversioned	Backend maintainers	not measured; see API_SURFACE.md	not scheduled
OPTIONS	/api/attachments/{id:\d+}	ooo.klae.connex.backend.controllers.AttachmentController#getAttachmentById	authenticated	MVC workspace resolution attempted for authenticated User; effective scope delegated	AttachmentService#getById:domain authorization	params=[];headers=[];version=;consumes=[];produces=[] / params=[];headers=[];version=;consumes=[];produces=[]	false	unversioned	Backend maintainers	not measured; see API_SURFACE.md	not scheduled
OPTIONS	/api/attachments/{id}	ooo.klae.connex.backend.controllers.AttachmentController#deleteAttachment	authenticated	MVC workspace resolution attempted for authenticated User; effective scope delegated	AttachmentService#delete:ATTACHMENT_DELETE	params=[];headers=[];version=;consumes=[];produces=[] / params=[];headers=[];version=;consumes=[];produces=[]	false	unversioned	Backend maintainers	not measured; see API_SURFACE.md	not scheduled
OPTIONS	/api/attachments/{id}/quarantine	ooo.klae.connex.backend.controllers.AttachmentQuarantineController#delete	authenticated	MVC workspace resolution attempted for authenticated User; effective scope delegated	AttachmentQuarantineService#delete:ATTACHMENT_QUARANTINE_MANAGE	params=[];headers=[];version=;consumes=[];produces=[] / params=[];headers=[];version=;consumes=[];produces=[]	false	unversioned	Backend maintainers	not measured; see API_SURFACE.md	not scheduled
OPTIONS	/api/attachments/{id}/quarantine	ooo.klae.connex.backend.controllers.AttachmentQuarantineController#quarantine	authenticated	MVC workspace resolution attempted for authenticated User; effective scope delegated	AttachmentQuarantineService#quarantine:ATTACHMENT_QUARANTINE_MANAGE	params=[];headers=[];version=;consumes=[];produces=[] / params=[];headers=[];version=;consumes=[];produces=[]	false	unversioned	Backend maintainers	not measured; see API_SURFACE.md	not scheduled
OPTIONS	/api/attachments/{id}/release	ooo.klae.connex.backend.controllers.AttachmentQuarantineController#release	authenticated	MVC workspace resolution attempted for authenticated User; effective scope delegated	AttachmentQuarantineService#release:ATTACHMENT_QUARANTINE_MANAGE	params=[];headers=[];version=;consumes=[];produces=[] / params=[];headers=[];version=;consumes=[];produces=[]	false	unversioned	Backend maintainers	not measured; see API_SURFACE.md	not scheduled
OPTIONS	/api/attachments/{id}/rescan	ooo.klae.connex.backend.controllers.AttachmentQuarantineController#rescan	authenticated	MVC workspace resolution attempted for authenticated User; effective scope delegated	AttachmentQuarantineService#rescan:ATTACHMENT_QUARANTINE_MANAGE	params=[];headers=[];version=;consumes=[];produces=[] / params=[];headers=[];version=;consumes=[];produces=[]	false	unversioned	Backend maintainers	not measured; see API_SURFACE.md	not scheduled
OPTIONS	/api/attachments/{id}/tags	ooo.klae.connex.backend.controllers.AttachmentController#getTagsForAttachment	authenticated	MVC workspace resolution attempted for authenticated User; effective scope delegated	AttachmentService#getTags:domain authorization	params=[];headers=[];version=;consumes=[];produces=[] / params=[];headers=[];version=;consumes=[];produces=[]	false	unversioned	Backend maintainers	not measured; see API_SURFACE.md	not scheduled
OPTIONS	/api/attachments/{id}/tags	ooo.klae.connex.backend.controllers.AttachmentController#replaceTagsForAttachment	authenticated	MVC workspace resolution attempted for authenticated User; effective scope delegated	AttachmentService#replaceTags:ATTACHMENT_CREATE	params=[];headers=[];version=;consumes=[];produces=[] / params=[];headers=[];version=;consumes=[];produces=[]	false	unversioned	Backend maintainers	not measured; see API_SURFACE.md	not scheduled
OPTIONS	/api/attachments/{id}/tags/{tagId}	ooo.klae.connex.backend.controllers.AttachmentController#addTagToAttachment	authenticated	MVC workspace resolution attempted for authenticated User; effective scope delegated	AttachmentService#addTag:ATTACHMENT_CREATE	params=[];headers=[];version=;consumes=[];produces=[] / params=[];headers=[];version=;consumes=[];produces=[]	false	unversioned	Backend maintainers	not measured; see API_SURFACE.md	not scheduled
OPTIONS	/api/attachments/{id}/tags/{tagId}	ooo.klae.connex.backend.controllers.AttachmentController#removeTagFromAttachment	authenticated	MVC workspace resolution attempted for authenticated User; effective scope delegated	AttachmentService#removeTag:ATTACHMENT_CREATE	params=[];headers=[];version=;consumes=[];produces=[] / params=[];headers=[];version=;consumes=[];produces=[]	false	unversioned	Backend maintainers	not measured; see API_SURFACE.md	not scheduled
OPTIONS	/api/audit	ooo.klae.connex.backend.controllers.AuditController#getAuditLog	authenticated	MVC workspace resolution attempted for authenticated User; effective scope delegated	AuditService#forEntity:domain authorization; AuditService#recent:domain authorization; WorkspaceService#requirePermission:domain authorization; explicit:AUDIT_READ	params=[];headers=[];version=;consumes=[];produces=[] / params=[];headers=[];version=;consumes=[];produces=[]	false	unversioned	Backend maintainers	not measured; see API_SURFACE.md	not scheduled
OPTIONS	/api/audit/export	ooo.klae.connex.backend.controllers.AuditController#exportAuditLog	authenticated	MVC workspace resolution attempted for authenticated User; effective scope delegated	AuditService#exportForEntity:domain authorization; AuditService#exportRecent:domain authorization; WorkspaceService#requirePermission:domain authorization; explicit:AUDIT_READ	params=[];headers=[];version=;consumes=[];produces=[] / params=[];headers=[];version=;consumes=[];produces=[]	false	unversioned	Backend maintainers	not measured; see API_SURFACE.md	not scheduled
OPTIONS	/api/auth/csrf	ooo.klae.connex.backend.controllers.AuthController#csrf	permitAll	no MVC workspace resolution; domain scope if applicable	OneTimeLinkFlowCookie#ensureBrowserBinding:domain authorization; OneTimeLinkFlowService#establishBrowserBinding:domain authorization; SessionSecurityService#requestIdentity:domain authorization	params=[];headers=[];version=;consumes=[];produces=[] / params=[];headers=[];version=;consumes=[];produces=[]	false	unversioned	Backend maintainers	not measured; see API_SURFACE.md	not scheduled
OPTIONS	/api/auth/email-change/confirm	ooo.klae.connex.backend.controllers.EmailChangeController#confirm	permitAll	no MVC workspace resolution; domain scope if applicable	OneTimeLinkFlowCookie#clear:domain authorization; OneTimeLinkFlowService#consume:domain authorization	params=[];headers=[];version=;consumes=[];produces=[]	false	unversioned	Backend maintainers	not measured; see API_SURFACE.md	not scheduled
OPTIONS	/api/auth/email-change/exchange	ooo.klae.connex.backend.controllers.EmailChangeController#exchange	permitAll	no MVC workspace resolution; domain scope if applicable	EmailChangeService#exchangeToken:domain authorization; OneTimeLinkFlowCookie#set:domain authorization; OneTimeLinkFlowService#exchangeOwnerHash:domain authorization; OneTimeLinkFlowService#issue:domain authorization	params=[];headers=[];version=;consumes=[];produces=[]	false	unversioned	Backend maintainers	not measured; see API_SURFACE.md	not scheduled
OPTIONS	/api/auth/email-change/validate	ooo.klae.connex.backend.controllers.EmailChangeController#validate	permitAll	no MVC workspace resolution; domain scope if applicable	EmailChangeService#validateExchangedTokenHash:domain authorization; OneTimeLinkFlowService#require:domain authorization	params=[];headers=[];version=;consumes=[];produces=[]	false	unversioned	Backend maintainers	not measured; see API_SURFACE.md	not scheduled
OPTIONS	/api/auth/forgot-password	ooo.klae.connex.backend.controllers.AuthController#forgotPassword	permitAll	no MVC workspace resolution; domain scope if applicable	ClientIpResolver#resolve:domain authorization; PasswordResetService#requestReset:domain authorization	params=[];headers=[];version=;consumes=[];produces=[] / params=[];headers=[];version=;consumes=[];produces=[]	false	unversioned	Backend maintainers	not measured; see API_SURFACE.md	not scheduled
OPTIONS	/api/auth/login	ooo.klae.connex.backend.controllers.AuthController#login	permitAll	no MVC workspace resolution; domain scope if applicable	AuthService#login:domain authorization	params=[];headers=[];version=;consumes=[];produces=[] / params=[];headers=[];version=;consumes=[];produces=[]	false	unversioned	Backend maintainers	not measured; see API_SURFACE.md	not scheduled
OPTIONS	/api/auth/me	ooo.klae.connex.backend.controllers.AuthController#me	permitAll	no MVC workspace resolution; domain scope if applicable	AuthService#getCurrentUser:domain authorization	params=[];headers=[];version=;consumes=[];produces=[] / params=[];headers=[];version=;consumes=[];produces=[]	false	unversioned	Backend maintainers	not measured; see API_SURFACE.md	not scheduled
OPTIONS	/api/auth/register	ooo.klae.connex.backend.controllers.AuthController#register	permitAll	no MVC workspace resolution; domain scope if applicable	AuthService#login:domain authorization; AuthService#registerSelfService:domain authorization; ClientIpResolver#resolve:domain authorization	params=[];headers=[];version=;consumes=[];produces=[] / params=[];headers=[];version=;consumes=[];produces=[]	false	unversioned	Backend maintainers	not measured; see API_SURFACE.md	not scheduled
OPTIONS	/api/auth/reset-password	ooo.klae.connex.backend.controllers.AuthController#resetPassword	permitAll	no MVC workspace resolution; domain scope if applicable	OneTimeLinkFlowCookie#clear:domain authorization; OneTimeLinkFlowService#consumePasswordReset:domain authorization; OneTimeLinkFlowService#require:domain authorization; PasswordResetService#resetPasswordByHash:domain authorization; PasswordResetService#screenForReset:domain authorization	params=[];headers=[];version=;consumes=[];produces=[] / params=[];headers=[];version=;consumes=[];produces=[]	false	unversioned	Backend maintainers	not measured; see API_SURFACE.md	not scheduled
OPTIONS	/api/auth/reset-password/exchange	ooo.klae.connex.backend.controllers.AuthController#exchangeResetToken	permitAll	no MVC workspace resolution; domain scope if applicable	OneTimeLinkFlowCookie#set:domain authorization; OneTimeLinkFlowService#exchangeOwnerHash:domain authorization; OneTimeLinkFlowService#issue:domain authorization; PasswordResetService#exchangeToken:domain authorization	params=[];headers=[];version=;consumes=[];produces=[] / params=[];headers=[];version=;consumes=[];produces=[]	false	unversioned	Backend maintainers	not measured; see API_SURFACE.md	not scheduled
OPTIONS	/api/auth/reset-password/validate	ooo.klae.connex.backend.controllers.AuthController#validateResetToken	permitAll	no MVC workspace resolution; domain scope if applicable	OneTimeLinkFlowService#require:domain authorization; PasswordResetService#validateExchangedTokenHash:domain authorization	params=[];headers=[];version=;consumes=[];produces=[] / params=[];headers=[];version=;consumes=[];produces=[]	false	unversioned	Backend maintainers	not measured; see API_SURFACE.md	not scheduled
OPTIONS	/api/auth/social-login/providers	ooo.klae.connex.backend.controllers.SocialLoginController#providers	permitAll	no MVC workspace resolution; domain scope if applicable	SocialLoginClientRegistrations#isGoogleEnabled:domain authorization; SocialLoginClientRegistrations#isMicrosoftEnabled:domain authorization	params=[];headers=[];version=;consumes=[];produces=[] / params=[];headers=[];version=;consumes=[];produces=[]	false	unversioned	Backend maintainers	not measured; see API_SURFACE.md	not scheduled
OPTIONS	/api/auth/sso/config	ooo.klae.connex.backend.controllers.SsoConnectionController#get	permitAll	no MVC workspace resolution; domain scope if applicable	AuthService#getCurrentUser:domain authorization; SsoConnectionService#getForWorkspace:domain authorization	params=[];headers=[];version=;consumes=[];produces=[] / params=[];headers=[];version=;consumes=[];produces=[]	false	unversioned	Backend maintainers	not measured; see API_SURFACE.md	not scheduled
OPTIONS	/api/auth/sso/config	ooo.klae.connex.backend.controllers.SsoConnectionController#save	permitAll	no MVC workspace resolution; domain scope if applicable	AuthService#getCurrentUser:domain authorization; SsoConnectionService#save:domain authorization	params=[];headers=[];version=;consumes=[];produces=[] / params=[];headers=[];version=;consumes=[];produces=[]	false	unversioned	Backend maintainers	not measured; see API_SURFACE.md	not scheduled
OPTIONS	/api/auth/sso/discover	ooo.klae.connex.backend.controllers.SsoConnectionController#discover	permitAll	no MVC workspace resolution; domain scope if applicable	SsoConnectionService#discoverByEmail:domain authorization	params=[];headers=[];version=;consumes=[];produces=[] / params=[];headers=[];version=;consumes=[];produces=[]	false	unversioned	Backend maintainers	not measured; see API_SURFACE.md	not scheduled
OPTIONS	/api/auth/sso/enabled	ooo.klae.connex.backend.controllers.SsoConnectionController#enabled	permitAll	no MVC workspace resolution; domain scope if applicable	SsoConnectionService#isInstanceEnabled:domain authorization	params=[];headers=[];version=;consumes=[];produces=[] / params=[];headers=[];version=;consumes=[];produces=[]	false	unversioned	Backend maintainers	not measured; see API_SURFACE.md	not scheduled
OPTIONS	/api/auth/sso/link/confirm	ooo.klae.connex.backend.controllers.SsoLinkController#confirm	permitAll	no MVC workspace resolution; domain scope if applicable	ClientIpResolver#resolveWithProvenance:domain authorization; OneTimeLinkFlowCookie#clear:domain authorization; OneTimeLinkFlowService#consume:domain authorization; SsoLinkService#confirmByHash:domain authorization	params=[];headers=[];version=;consumes=[];produces=[] / params=[];headers=[];version=;consumes=[];produces=[]	false	unversioned	Backend maintainers	not measured; see API_SURFACE.md	not scheduled
OPTIONS	/api/auth/sso/link/validate	ooo.klae.connex.backend.controllers.SsoLinkController#validate	permitAll	no MVC workspace resolution; domain scope if applicable	OneTimeLinkFlowService#require:domain authorization; SsoLinkService#validateChallengeHash:domain authorization	params=[];headers=[];version=;consumes=[];produces=[] / params=[];headers=[];version=;consumes=[];produces=[]	false	unversioned	Backend maintainers	not measured; see API_SURFACE.md	not scheduled
OPTIONS	/api/auth/verify-email/confirm	ooo.klae.connex.backend.controllers.RegistrationVerificationController#confirm	permitAll	no MVC workspace resolution; domain scope if applicable	OneTimeLinkFlowCookie#clear:domain authorization; OneTimeLinkFlowService#consume:domain authorization	params=[];headers=[];version=;consumes=[];produces=[]	false	unversioned	Backend maintainers	not measured; see API_SURFACE.md	not scheduled
OPTIONS	/api/auth/verify-email/exchange	ooo.klae.connex.backend.controllers.RegistrationVerificationController#exchange	permitAll	no MVC workspace resolution; domain scope if applicable	OneTimeLinkFlowCookie#set:domain authorization; OneTimeLinkFlowService#exchangeOwnerHash:domain authorization; OneTimeLinkFlowService#issue:domain authorization; RegistrationVerificationService#exchangeToken:domain authorization	params=[];headers=[];version=;consumes=[];produces=[]	false	unversioned	Backend maintainers	not measured; see API_SURFACE.md	not scheduled
OPTIONS	/api/auth/verify-email/validate	ooo.klae.connex.backend.controllers.RegistrationVerificationController#validate	permitAll	no MVC workspace resolution; domain scope if applicable	OneTimeLinkFlowService#require:domain authorization; RegistrationVerificationService#validateExchangedTokenHash:domain authorization	params=[];headers=[];version=;consumes=[];produces=[]	false	unversioned	Backend maintainers	not measured; see API_SURFACE.md	not scheduled
OPTIONS	/api/auth/webauthn/authenticate	ooo.klae.connex.backend.controllers.WebAuthnController#authenticateVerify	permitAll	no MVC workspace resolution; domain scope if applicable	AuditService#recordFailure:domain authorization; AuditService#recordStrictIndependentScoped:domain authorization; AuthService#establishAuthenticatedSession:domain authorization; ClientIpResolver#resolveWithProvenance:domain authorization; LoginRateLimiter#isBlockedForClient:domain authorization; LoginRateLimiter#recordFailureForClient:domain authorization; SessionSecurityService#markStepUp:domain authorization; SsoConnectionService#isSsoEnforcedForUser:domain authorization; WebAuthnJsonMapper#read:domain authorization; WebAuthnService#finishLogin:domain authorization	params=[];headers=[];version=;consumes=[];produces=[] / params=[];headers=[];version=;consumes=[application/json];produces=[]	false	unversioned	Backend maintainers	not measured; see API_SURFACE.md	not scheduled
OPTIONS	/api/auth/webauthn/authenticate/options	ooo.klae.connex.backend.controllers.WebAuthnController#authenticateOptions	permitAll	no MVC workspace resolution; domain scope if applicable	ClientIpResolver#resolveWithProvenance:domain authorization; LoginRateLimiter#isBlockedForClient:domain authorization; WebAuthnJsonMapper#write:domain authorization; WebAuthnService#createLoginOptions:domain authorization	params=[];headers=[];version=;consumes=[];produces=[] / params=[];headers=[];version=;consumes=[];produces=[application/json]	false	unversioned	Backend maintainers	not measured; see API_SURFACE.md	not scheduled
OPTIONS	/api/auth/webauthn/credentials	ooo.klae.connex.backend.controllers.WebAuthnController#listCredentials	authenticated	no MVC workspace resolution; domain scope if applicable	AuthService#getCurrentUser:domain authorization; WebAuthnService#listForUser:domain authorization	params=[];headers=[];version=;consumes=[];produces=[] / params=[];headers=[];version=;consumes=[];produces=[]	false	unversioned	Backend maintainers	not measured; see API_SURFACE.md	not scheduled
OPTIONS	/api/auth/webauthn/credentials/{credentialId}	ooo.klae.connex.backend.controllers.WebAuthnController#deleteCredential	authenticated	no MVC workspace resolution; domain scope if applicable	AuditService#recordFailureScoped:domain authorization; AuthService#getCurrentUser:domain authorization; SessionSecurityService#requireRecentAuthentication:domain authorization; WebAuthnService#delete:domain authorization	params=[];headers=[];version=;consumes=[];produces=[] / params=[];headers=[];version=;consumes=[];produces=[]	false	unversioned	Backend maintainers	not measured; see API_SURFACE.md	not scheduled
OPTIONS	/api/auth/webauthn/credentials/{credentialId}	ooo.klae.connex.backend.controllers.WebAuthnController#renameCredential	authenticated	no MVC workspace resolution; domain scope if applicable	AuthService#getCurrentUser:domain authorization; SessionSecurityService#requireRecentAuthentication:domain authorization; WebAuthnService#rename:domain authorization	params=[];headers=[];version=;consumes=[];produces=[] / params=[];headers=[];version=;consumes=[];produces=[]	false	unversioned	Backend maintainers	not measured; see API_SURFACE.md	not scheduled
OPTIONS	/api/auth/webauthn/recover	ooo.klae.connex.backend.controllers.WebAuthnController#recoverCredentials	authenticated	no MVC workspace resolution; domain scope if applicable	AuditService#recordStrictFailureIndependentScoped:domain authorization; AuthService#getCurrentUser:domain authorization; MfaRecoveryService#recover:domain authorization; PasskeyBootstrapConfirmationService#invalidateForUser:domain authorization; SessionSecurityService#completeRecoveryStamp:domain authorization	params=[];headers=[];version=;consumes=[];produces=[] / params=[];headers=[];version=;consumes=[];produces=[]	false	unversioned	Backend maintainers	not measured; see API_SURFACE.md	not scheduled
OPTIONS	/api/auth/webauthn/register	ooo.klae.connex.backend.controllers.WebAuthnController#registerVerify	authenticated	no MVC workspace resolution; domain scope if applicable	AuthService#getCurrentUser:domain authorization; PasskeyBootstrapConfirmationService#isSatisfiedFor:domain authorization; SessionSecurityService#clearFirstPasskeyBootstrap:domain authorization; SessionSecurityService#clearPasskeyBootstrapConfirmation:domain authorization; SessionSecurityService#markStepUp:domain authorization; SessionSecurityService#sessionEpoch:domain authorization; WebAuthnJsonMapper#read:domain authorization; WebAuthnService#finishRegistration:domain authorization	params=[];headers=[];version=;consumes=[];produces=[] / params=[];headers=[];version=;consumes=[application/json];produces=[]	false	unversioned	Backend maintainers	not measured; see API_SURFACE.md	not scheduled
OPTIONS	/api/auth/webauthn/register/confirmation	ooo.klae.connex.backend.controllers.WebAuthnController#requestBootstrapConfirmation	authenticated	no MVC workspace resolution; domain scope if applicable	AuthService#getCurrentUser:domain authorization; ClientIpResolver#resolve:domain authorization; PasskeyBootstrapConfirmationService#request:domain authorization	params=[];headers=[];version=;consumes=[];produces=[] / params=[];headers=[];version=;consumes=[];produces=[]	false	unversioned	Backend maintainers	not measured; see API_SURFACE.md	not scheduled
OPTIONS	/api/auth/webauthn/register/confirmation/exchange	ooo.klae.connex.backend.controllers.WebAuthnController#exchangeBootstrapConfirmation	authenticated	no MVC workspace resolution; domain scope if applicable	AuthService#getCurrentUser:domain authorization; PasskeyBootstrapConfirmationService#redeem:domain authorization	params=[];headers=[];version=;consumes=[];produces=[] / params=[];headers=[];version=;consumes=[];produces=[]	false	unversioned	Backend maintainers	not measured; see API_SURFACE.md	not scheduled
OPTIONS	/api/auth/webauthn/register/options	ooo.klae.connex.backend.controllers.WebAuthnController#registerOptions	authenticated	no MVC workspace resolution; domain scope if applicable	AuthService#getCurrentUser:domain authorization; SessionSecurityService#markFirstPasskeyBootstrap:domain authorization; WebAuthnJsonMapper#write:domain authorization; WebAuthnService#createRegistrationOptions:domain authorization	params=[];headers=[];version=;consumes=[];produces=[] / params=[];headers=[];version=;consumes=[];produces=[application/json]	false	unversioned	Backend maintainers	not measured; see API_SURFACE.md	not scheduled
OPTIONS	/api/auth/webauthn/register/requirements	ooo.klae.connex.backend.controllers.WebAuthnController#registrationRequirements	authenticated	no MVC workspace resolution; domain scope if applicable	AuthService#getCurrentUser:domain authorization; AuthService#hasPasswordCredential:domain authorization; PasskeyBootstrapConfirmationService#isRequiredFor:domain authorization; PasskeyBootstrapConfirmationService#isSatisfiedFor:domain authorization; WebAuthnService#hasPasskey:domain authorization	params=[];headers=[];version=;consumes=[];produces=[] / params=[];headers=[];version=;consumes=[];produces=[]	false	unversioned	Backend maintainers	not measured; see API_SURFACE.md	not scheduled
OPTIONS	/api/auth/webauthn/step-up	ooo.klae.connex.backend.controllers.WebAuthnController#stepUpVerify	authenticated	no MVC workspace resolution; domain scope if applicable	AuditService#recordStrictIndependentScoped:domain authorization; AuthService#getCurrentUser:domain authorization; SessionSecurityService#markStepUp:domain authorization; WebAuthnJsonMapper#read:domain authorization; WebAuthnService#finishStepUp:domain authorization	params=[];headers=[];version=;consumes=[];produces=[] / params=[];headers=[];version=;consumes=[application/json];produces=[]	false	unversioned	Backend maintainers	not measured; see API_SURFACE.md	not scheduled
OPTIONS	/api/auth/webauthn/step-up/options	ooo.klae.connex.backend.controllers.WebAuthnController#stepUpOptions	authenticated	no MVC workspace resolution; domain scope if applicable	WebAuthnJsonMapper#write:domain authorization; WebAuthnService#createStepUpOptions:domain authorization	params=[];headers=[];version=;consumes=[];produces=[] / params=[];headers=[];version=;consumes=[];produces=[application/json]	false	unversioned	Backend maintainers	not measured; see API_SURFACE.md	not scheduled
OPTIONS	/api/business-cards/availability	ooo.klae.connex.backend.controllers.BusinessCardController#availability	authenticated	MVC workspace resolution attempted for authenticated User; effective scope delegated	BusinessCardService#availability:PERSON_CREATE	params=[];headers=[];version=;consumes=[];produces=[] / params=[];headers=[];version=;consumes=[];produces=[]	false	unversioned	Backend maintainers	not measured; see API_SURFACE.md	not scheduled
OPTIONS	/api/business-cards/import	ooo.klae.connex.backend.controllers.BusinessCardController#importCard	authenticated	MVC workspace resolution attempted for authenticated User; effective scope delegated	BusinessCardService#importCard:PERSON_CREATE	params=[];headers=[];version=;consumes=[];produces=[] / params=[];headers=[];version=;consumes=[multipart/form-data];produces=[]	false	unversioned	Backend maintainers	not measured; see API_SURFACE.md	not scheduled
OPTIONS	/api/business-cards/import	ooo.klae.connex.backend.controllers.BusinessCardController#importStatus	authenticated	MVC workspace resolution attempted for authenticated User; effective scope delegated	BusinessCardService#importStatus:PERSON_CREATE	params=[];headers=[];version=;consumes=[];produces=[] / params=[];headers=[];version=;consumes=[];produces=[]	false	unversioned	Backend maintainers	not measured; see API_SURFACE.md	not scheduled
OPTIONS	/api/business-cards/import/reservation	ooo.klae.connex.backend.controllers.BusinessCardController#reserveImport	authenticated	MVC workspace resolution attempted for authenticated User; effective scope delegated	BusinessCardService#reserveImport:PERSON_CREATE	params=[];headers=[];version=;consumes=[];produces=[] / params=[];headers=[];version=;consumes=[];produces=[]	false	unversioned	Backend maintainers	not measured; see API_SURFACE.md	not scheduled
OPTIONS	/api/business-cards/scan	ooo.klae.connex.backend.controllers.BusinessCardController#scan	authenticated	MVC workspace resolution attempted for authenticated User; effective scope delegated	BusinessCardService#scan:PERSON_CREATE	params=[];headers=[];version=;consumes=[];produces=[] / params=[];headers=[];version=;consumes=[multipart/form-data];produces=[]	false	unversioned	Backend maintainers	not measured; see API_SURFACE.md	not scheduled
OPTIONS	/api/campaigns	ooo.klae.connex.backend.controllers.CampaignController#create	authenticated	MVC workspace resolution attempted for authenticated User; effective scope delegated	CAMPAIGN_MANAGE; CampaignService#create:CAMPAIGN_MANAGE	params=[];headers=[];version=;consumes=[];produces=[] / params=[];headers=[];version=;consumes=[];produces=[]	false	unversioned	Backend maintainers	not measured; see API_SURFACE.md	not scheduled
OPTIONS	/api/campaigns	ooo.klae.connex.backend.controllers.CampaignController#list	authenticated	MVC workspace resolution attempted for authenticated User; effective scope delegated	CAMPAIGN_VIEW; CampaignService#list:CAMPAIGN_VIEW	params=[];headers=[];version=;consumes=[];produces=[] / params=[];headers=[];version=;consumes=[];produces=[]	false	unversioned	Backend maintainers	not measured; see API_SURFACE.md	not scheduled
OPTIONS	/api/campaigns/{id}	ooo.klae.connex.backend.controllers.CampaignController#delete	authenticated	MVC workspace resolution attempted for authenticated User; effective scope delegated	CAMPAIGN_MANAGE; CampaignService#delete:CAMPAIGN_MANAGE	params=[];headers=[];version=;consumes=[];produces=[] / params=[];headers=[];version=;consumes=[];produces=[]	false	unversioned	Backend maintainers	not measured; see API_SURFACE.md	not scheduled
OPTIONS	/api/campaigns/{id}	ooo.klae.connex.backend.controllers.CampaignController#get	authenticated	MVC workspace resolution attempted for authenticated User; effective scope delegated	CAMPAIGN_VIEW; CampaignService#get:CAMPAIGN_VIEW	params=[];headers=[];version=;consumes=[];produces=[] / params=[];headers=[];version=;consumes=[];produces=[]	false	unversioned	Backend maintainers	not measured; see API_SURFACE.md	not scheduled
OPTIONS	/api/campaigns/{id}	ooo.klae.connex.backend.controllers.CampaignController#update	authenticated	MVC workspace resolution attempted for authenticated User; effective scope delegated	CAMPAIGN_MANAGE; CampaignService#update:CAMPAIGN_MANAGE	params=[];headers=[];version=;consumes=[];produces=[] / params=[];headers=[];version=;consumes=[];produces=[]	false	unversioned	Backend maintainers	not measured; see API_SURFACE.md	not scheduled
OPTIONS	/api/campaigns/{id}/audience	ooo.klae.connex.backend.controllers.CampaignController#getAudience	authenticated	MVC workspace resolution attempted for authenticated User; effective scope delegated	CAMPAIGN_VIEW; CampaignService#getAudience:CAMPAIGN_VIEW	params=[];headers=[];version=;consumes=[];produces=[] / params=[];headers=[];version=;consumes=[];produces=[]	false	unversioned	Backend maintainers	not measured; see API_SURFACE.md	not scheduled
OPTIONS	/api/campaigns/{id}/audience	ooo.klae.connex.backend.controllers.CampaignController#setAudience	authenticated	MVC workspace resolution attempted for authenticated User; effective scope delegated	CAMPAIGN_MANAGE; CampaignService#setAudience:CAMPAIGN_MANAGE	params=[];headers=[];version=;consumes=[];produces=[] / params=[];headers=[];version=;consumes=[];produces=[]	false	unversioned	Backend maintainers	not measured; see API_SURFACE.md	not scheduled
OPTIONS	/api/campaigns/{id}/audience/estimate	ooo.klae.connex.backend.controllers.CampaignController#estimateAudience	authenticated	MVC workspace resolution attempted for authenticated User; effective scope delegated	CAMPAIGN_VIEW; CampaignService#estimateAudience:CAMPAIGN_VIEW	params=[];headers=[];version=;consumes=[];produces=[] / params=[];headers=[];version=;consumes=[];produces=[]	false	unversioned	Backend maintainers	not measured; see API_SURFACE.md	not scheduled
OPTIONS	/api/campaigns/{id}/audience/snapshot	ooo.klae.connex.backend.controllers.CampaignController#snapshotAudience	authenticated	MVC workspace resolution attempted for authenticated User; effective scope delegated	CAMPAIGN_MANAGE; CampaignService#snapshotAudience:CAMPAIGN_MANAGE	params=[];headers=[];version=;consumes=[];produces=[] / params=[];headers=[];version=;consumes=[];produces=[]	false	unversioned	Backend maintainers	not measured; see API_SURFACE.md	not scheduled
OPTIONS	/api/campaigns/{id}/audience/snapshots	ooo.klae.connex.backend.controllers.CampaignController#listSnapshots	authenticated	MVC workspace resolution attempted for authenticated User; effective scope delegated	CAMPAIGN_VIEW; CampaignService#listSnapshots:CAMPAIGN_VIEW	params=[];headers=[];version=;consumes=[];produces=[] / params=[];headers=[];version=;consumes=[];produces=[]	false	unversioned	Backend maintainers	not measured; see API_SURFACE.md	not scheduled
OPTIONS	/api/campaigns/{id}/audience/snapshots/{version}	ooo.klae.connex.backend.controllers.CampaignController#getSnapshot	authenticated	MVC workspace resolution attempted for authenticated User; effective scope delegated	CAMPAIGN_VIEW; CampaignService#getSnapshot:CAMPAIGN_VIEW	params=[];headers=[];version=;consumes=[];produces=[] / params=[];headers=[];version=;consumes=[];produces=[]	false	unversioned	Backend maintainers	not measured; see API_SURFACE.md	not scheduled
OPTIONS	/api/campaigns/{id}/engagement	ooo.klae.connex.backend.controllers.CampaignEngagementController#engagement	authenticated	MVC workspace resolution attempted for authenticated User; effective scope delegated	CAMPAIGN_VIEW; CampaignEngagementService#getCampaignEngagement:CAMPAIGN_VIEW	params=[];headers=[];version=;consumes=[];produces=[] / params=[];headers=[];version=;consumes=[];produces=[]	false	unversioned	Backend maintainers	not measured; see API_SURFACE.md	not scheduled
OPTIONS	/api/campaigns/{id}/exports	ooo.klae.connex.backend.controllers.CampaignExportController#create	authenticated	MVC workspace resolution attempted for authenticated User; effective scope delegated	AudienceExportService#createExport:CAMPAIGN_MANAGE; CAMPAIGN_MANAGE	params=[];headers=[];version=;consumes=[];produces=[] / params=[];headers=[];version=;consumes=[];produces=[]	false	unversioned	Backend maintainers	not measured; see API_SURFACE.md	not scheduled
OPTIONS	/api/campaigns/{id}/exports	ooo.klae.connex.backend.controllers.CampaignExportController#list	authenticated	MVC workspace resolution attempted for authenticated User; effective scope delegated	AudienceExportService#listExports:CAMPAIGN_VIEW; CAMPAIGN_VIEW	params=[];headers=[];version=;consumes=[];produces=[] / params=[];headers=[];version=;consumes=[];produces=[]	false	unversioned	Backend maintainers	not measured; see API_SURFACE.md	not scheduled
OPTIONS	/api/campaigns/{id}/exports/{exportId}	ooo.klae.connex.backend.controllers.CampaignExportController#get	authenticated	MVC workspace resolution attempted for authenticated User; effective scope delegated	AudienceExportService#getExport:CAMPAIGN_VIEW; CAMPAIGN_VIEW	params=[];headers=[];version=;consumes=[];produces=[] / params=[];headers=[];version=;consumes=[];produces=[]	false	unversioned	Backend maintainers	not measured; see API_SURFACE.md	not scheduled
OPTIONS	/api/campaigns/{id}/exports/{exportId}/reconcile	ooo.klae.connex.backend.controllers.CampaignExportController#reconcile	authenticated	MVC workspace resolution attempted for authenticated User; effective scope delegated	AudienceExportService#reconcileExport:CAMPAIGN_MANAGE; CAMPAIGN_MANAGE	params=[];headers=[];version=;consumes=[];produces=[] / params=[];headers=[];version=;consumes=[];produces=[]	false	unversioned	Backend maintainers	not measured; see API_SURFACE.md	not scheduled
OPTIONS	/api/campaigns/{id}/messages	ooo.klae.connex.backend.controllers.CampaignMessageController#create	authenticated	MVC workspace resolution attempted for authenticated User; effective scope delegated	CAMPAIGN_MANAGE; CampaignSendService#createMessage:CAMPAIGN_MANAGE	params=[];headers=[];version=;consumes=[];produces=[] / params=[];headers=[];version=;consumes=[];produces=[]	false	unversioned	Backend maintainers	not measured; see API_SURFACE.md	not scheduled
OPTIONS	/api/campaigns/{id}/messages	ooo.klae.connex.backend.controllers.CampaignMessageController#list	authenticated	MVC workspace resolution attempted for authenticated User; effective scope delegated	CAMPAIGN_VIEW; CampaignSendService#listMessages:CAMPAIGN_VIEW	params=[];headers=[];version=;consumes=[];produces=[] / params=[];headers=[];version=;consumes=[];produces=[]	false	unversioned	Backend maintainers	not measured; see API_SURFACE.md	not scheduled
OPTIONS	/api/campaigns/{id}/messages/{messageId}	ooo.klae.connex.backend.controllers.CampaignMessageController#get	authenticated	MVC workspace resolution attempted for authenticated User; effective scope delegated	CAMPAIGN_VIEW; CampaignSendService#getMessage:CAMPAIGN_VIEW	params=[];headers=[];version=;consumes=[];produces=[] / params=[];headers=[];version=;consumes=[];produces=[]	false	unversioned	Backend maintainers	not measured; see API_SURFACE.md	not scheduled
OPTIONS	/api/campaigns/{id}/messages/{messageId}/revisions	ooo.klae.connex.backend.controllers.CampaignMessageController#addRevision	authenticated	MVC workspace resolution attempted for authenticated User; effective scope delegated	CAMPAIGN_MANAGE; CampaignSendService#addRevision:CAMPAIGN_MANAGE	params=[];headers=[];version=;consumes=[];produces=[] / params=[];headers=[];version=;consumes=[];produces=[]	false	unversioned	Backend maintainers	not measured; see API_SURFACE.md	not scheduled
OPTIONS	/api/campaigns/{id}/recipients	ooo.klae.connex.backend.controllers.CampaignEngagementController#recipients	authenticated	MVC workspace resolution attempted for authenticated User; effective scope delegated	CAMPAIGN_VIEW; CampaignRecipientService#getRecipients:CAMPAIGN_VIEW	params=[];headers=[];version=;consumes=[];produces=[] / params=[];headers=[];version=;consumes=[];produces=[]	false	unversioned	Backend maintainers	not measured; see API_SURFACE.md	not scheduled
OPTIONS	/api/campaigns/{id}/recipients/{deliveryId}/reconcile	ooo.klae.connex.backend.controllers.CampaignEngagementController#reconcileRecipient	authenticated	MVC workspace resolution attempted for authenticated User; effective scope delegated	CAMPAIGN_MANAGE; CampaignTriggeredSendService#reconcile:CAMPAIGN_MANAGE	params=[];headers=[];version=;consumes=[];produces=[] / params=[];headers=[];version=;consumes=[];produces=[]	false	unversioned	Backend maintainers	not measured; see API_SURFACE.md	not scheduled
OPTIONS	/api/campaigns/{id}/sends	ooo.klae.connex.backend.controllers.CampaignSendController#create	authenticated	MVC workspace resolution attempted for authenticated User; effective scope delegated	CAMPAIGN_MANAGE; CampaignSendService#createSend:CAMPAIGN_MANAGE	params=[];headers=[];version=;consumes=[];produces=[] / params=[];headers=[];version=;consumes=[];produces=[]	false	unversioned	Backend maintainers	not measured; see API_SURFACE.md	not scheduled
OPTIONS	/api/campaigns/{id}/sends	ooo.klae.connex.backend.controllers.CampaignSendController#list	authenticated	MVC workspace resolution attempted for authenticated User; effective scope delegated	CAMPAIGN_VIEW; CampaignSendService#listSends:CAMPAIGN_VIEW	params=[];headers=[];version=;consumes=[];produces=[] / params=[];headers=[];version=;consumes=[];produces=[]	false	unversioned	Backend maintainers	not measured; see API_SURFACE.md	not scheduled
OPTIONS	/api/campaigns/{id}/sends/{sendId}	ooo.klae.connex.backend.controllers.CampaignSendController#get	authenticated	MVC workspace resolution attempted for authenticated User; effective scope delegated	CAMPAIGN_VIEW; CampaignSendService#getSend:CAMPAIGN_VIEW	params=[];headers=[];version=;consumes=[];produces=[] / params=[];headers=[];version=;consumes=[];produces=[]	false	unversioned	Backend maintainers	not measured; see API_SURFACE.md	not scheduled
OPTIONS	/api/campaigns/{id}/sends/{sendId}/cancel	ooo.klae.connex.backend.controllers.CampaignSendController#cancel	authenticated	MVC workspace resolution attempted for authenticated User; effective scope delegated	CAMPAIGN_SEND; CampaignSendService#cancelSend:CAMPAIGN_SEND	params=[];headers=[];version=;consumes=[];produces=[] / params=[];headers=[];version=;consumes=[];produces=[]	false	unversioned	Backend maintainers	not measured; see API_SURFACE.md	not scheduled
OPTIONS	/api/campaigns/{id}/sends/{sendId}/engagement	ooo.klae.connex.backend.controllers.CampaignEngagementController#sendEngagement	authenticated	MVC workspace resolution attempted for authenticated User; effective scope delegated	CAMPAIGN_VIEW; CampaignEngagementService#getSendEngagement:CAMPAIGN_VIEW	params=[];headers=[];version=;consumes=[];produces=[] / params=[];headers=[];version=;consumes=[];produces=[]	false	unversioned	Backend maintainers	not measured; see API_SURFACE.md	not scheduled
OPTIONS	/api/campaigns/{id}/sends/{sendId}/pause	ooo.klae.connex.backend.controllers.CampaignSendController#pause	authenticated	MVC workspace resolution attempted for authenticated User; effective scope delegated	CAMPAIGN_SEND; CampaignSendService#pauseSend:CAMPAIGN_SEND	params=[];headers=[];version=;consumes=[];produces=[] / params=[];headers=[];version=;consumes=[];produces=[]	false	unversioned	Backend maintainers	not measured; see API_SURFACE.md	not scheduled
OPTIONS	/api/campaigns/{id}/sends/{sendId}/queue	ooo.klae.connex.backend.controllers.CampaignSendController#queue	authenticated	MVC workspace resolution attempted for authenticated User; effective scope delegated	CAMPAIGN_SEND; CampaignSendService#queueSend:CAMPAIGN_SEND	params=[];headers=[];version=;consumes=[];produces=[] / params=[];headers=[];version=;consumes=[];produces=[]	false	unversioned	Backend maintainers	not measured; see API_SURFACE.md	not scheduled
OPTIONS	/api/capabilities	ooo.klae.connex.backend.controllers.CapabilitiesController#capabilities	authenticated	no MVC workspace resolution; domain scope if applicable	CapabilityRegistry#isAvailable:domain authorization; PrivilegedMfaProperties#isEnforced:domain authorization; WorkflowTriggeredSendGate#enabled:domain authorization	params=[];headers=[];version=;consumes=[];produces=[] / params=[];headers=[];version=;consumes=[];produces=[]	false	unversioned	Backend maintainers	not measured; see API_SURFACE.md	not scheduled
OPTIONS	/api/client-errors	ooo.klae.connex.backend.controllers.ClientErrorController#report	authenticated	MVC workspace resolution attempted for authenticated User; effective scope delegated	ClientErrorService#report:domain authorization	params=[];headers=[];version=;consumes=[];produces=[] / params=[];headers=[];version=;consumes=[];produces=[]	false	unversioned	Backend maintainers	not measured; see API_SURFACE.md	not scheduled
OPTIONS	/api/comment-threads	ooo.klae.connex.backend.controllers.RecordCommentController#createThread	authenticated	MVC workspace resolution attempted for authenticated User; effective scope delegated	COMMENT_CREATE; RecordCommentService#createThread:COMMENT_CREATE	params=[];headers=[];version=;consumes=[];produces=[] / params=[];headers=[];version=;consumes=[];produces=[]	false	unversioned	Backend maintainers	not measured; see API_SURFACE.md	not scheduled
OPTIONS	/api/comment-threads	ooo.klae.connex.backend.controllers.RecordCommentController#listThreads	authenticated	MVC workspace resolution attempted for authenticated User; effective scope delegated	RecordCommentService#listThreads:domain authorization	params=[];headers=[];version=;consumes=[];produces=[] / params=[];headers=[];version=;consumes=[];produces=[]	false	unversioned	Backend maintainers	not measured; see API_SURFACE.md	not scheduled
OPTIONS	/api/comment-threads/count	ooo.klae.connex.backend.controllers.RecordCommentController#countThreads	authenticated	MVC workspace resolution attempted for authenticated User; effective scope delegated	RecordCommentService#countThreads:domain authorization	params=[];headers=[];version=;consumes=[];produces=[] / params=[];headers=[];version=;consumes=[];produces=[]	false	unversioned	Backend maintainers	not measured; see API_SURFACE.md	not scheduled
OPTIONS	/api/comment-threads/indicators	ooo.klae.connex.backend.controllers.RecordCommentController#getIndicators	authenticated	MVC workspace resolution attempted for authenticated User; effective scope delegated	RecordCommentService#getIndicators:domain authorization	params=[];headers=[];version=;consumes=[];produces=[] / params=[];headers=[];version=;consumes=[];produces=[]	false	unversioned	Backend maintainers	not measured; see API_SURFACE.md	not scheduled
OPTIONS	/api/comment-threads/{threadId}	ooo.klae.connex.backend.controllers.RecordCommentController#getThread	authenticated	MVC workspace resolution attempted for authenticated User; effective scope delegated	RecordCommentService#getThread:domain authorization	params=[];headers=[];version=;consumes=[];produces=[] / params=[];headers=[];version=;consumes=[];produces=[]	false	unversioned	Backend maintainers	not measured; see API_SURFACE.md	not scheduled
OPTIONS	/api/comment-threads/{threadId}/comments	ooo.klae.connex.backend.controllers.RecordCommentController#reply	authenticated	MVC workspace resolution attempted for authenticated User; effective scope delegated	COMMENT_CREATE; RecordCommentService#reply:COMMENT_CREATE	params=[];headers=[];version=;consumes=[];produces=[] / params=[];headers=[];version=;consumes=[];produces=[]	false	unversioned	Backend maintainers	not measured; see API_SURFACE.md	not scheduled
OPTIONS	/api/comment-threads/{threadId}/reopen	ooo.klae.connex.backend.controllers.RecordCommentController#reopen	authenticated	MVC workspace resolution attempted for authenticated User; effective scope delegated	COMMENT_CREATE; RecordCommentService#reopen:COMMENT_CREATE	params=[];headers=[];version=;consumes=[];produces=[] / params=[];headers=[];version=;consumes=[];produces=[]	false	unversioned	Backend maintainers	not measured; see API_SURFACE.md	not scheduled
OPTIONS	/api/comment-threads/{threadId}/resolve	ooo.klae.connex.backend.controllers.RecordCommentController#resolve	authenticated	MVC workspace resolution attempted for authenticated User; effective scope delegated	COMMENT_CREATE; RecordCommentService#resolve:COMMENT_CREATE	params=[];headers=[];version=;consumes=[];produces=[] / params=[];headers=[];version=;consumes=[];produces=[]	false	unversioned	Backend maintainers	not measured; see API_SURFACE.md	not scheduled
OPTIONS	/api/comments/{commentId}	ooo.klae.connex.backend.controllers.RecordCommentController#deleteComment	authenticated	MVC workspace resolution attempted for authenticated User; effective scope delegated	RecordCommentService#deleteComment:COMMENT_CREATE	params=[];headers=[];version=;consumes=[];produces=[] / params=[];headers=[];version=;consumes=[];produces=[]	false	unversioned	Backend maintainers	not measured; see API_SURFACE.md	not scheduled
OPTIONS	/api/comments/{commentId}	ooo.klae.connex.backend.controllers.RecordCommentController#editComment	authenticated	MVC workspace resolution attempted for authenticated User; effective scope delegated	COMMENT_CREATE; RecordCommentService#editComment:COMMENT_CREATE	params=[];headers=[];version=;consumes=[];produces=[] / params=[];headers=[];version=;consumes=[];produces=[]	false	unversioned	Backend maintainers	not measured; see API_SURFACE.md	not scheduled
OPTIONS	/api/comments/{commentId}/reactions/{reaction}	ooo.klae.connex.backend.controllers.RecordCommentController#addReaction	authenticated	MVC workspace resolution attempted for authenticated User; effective scope delegated	COMMENT_CREATE; RecordCommentService#addReaction:COMMENT_CREATE	params=[];headers=[];version=;consumes=[];produces=[] / params=[];headers=[];version=;consumes=[];produces=[]	false	unversioned	Backend maintainers	not measured; see API_SURFACE.md	not scheduled
OPTIONS	/api/comments/{commentId}/reactions/{reaction}	ooo.klae.connex.backend.controllers.RecordCommentController#removeReaction	authenticated	MVC workspace resolution attempted for authenticated User; effective scope delegated	COMMENT_CREATE; RecordCommentService#removeReaction:COMMENT_CREATE	params=[];headers=[];version=;consumes=[];produces=[] / params=[];headers=[];version=;consumes=[];produces=[]	false	unversioned	Backend maintainers	not measured; see API_SURFACE.md	not scheduled
OPTIONS	/api/companies	ooo.klae.connex.backend.controllers.CompanyController#getAllCompanies	authenticated	MVC workspace resolution attempted for authenticated User; effective scope delegated	CompanyService#getCompaniesByTagId:domain authorization	params=[];headers=[];version=;consumes=[];produces=[] / params=[];headers=[];version=;consumes=[];produces=[]	false	unversioned	Backend maintainers	not measured; see API_SURFACE.md	not scheduled
OPTIONS	/api/companies	ooo.klae.connex.backend.controllers.GuidedRecordCreationController#createCompany	authenticated	MVC workspace resolution attempted for authenticated User; effective scope delegated	GuidedRecordCreationService#createCompany:COMPANY_CREATE	params=[];headers=[];version=;consumes=[];produces=[] / feature=connex.record-creation:[guided-cutover-enabled]=true;matchIfMissing=false	false	unversioned	Backend maintainers	not measured; see API_SURFACE.md	not scheduled
OPTIONS	/api/companies	ooo.klae.connex.backend.controllers.LegacyRecordCreationController#createCompany	authenticated	MVC workspace resolution attempted for authenticated User; effective scope delegated	CompanyService#createCompanyReviewed:COMPANY_CREATE	params=[];headers=[];version=;consumes=[];produces=[] / feature=connex.record-creation:[guided-cutover-enabled]=false;matchIfMissing=true	false	unversioned	Backend maintainers	not measured; see API_SURFACE.md	not scheduled
OPTIONS	/api/companies/bulk/archive	ooo.klae.connex.backend.controllers.CompanyController#bulkArchive	authenticated	MVC workspace resolution attempted for authenticated User; effective scope delegated	BulkOperationService#archiveCompanies:COMPANY_DELETE	params=[];headers=[];version=;consumes=[];produces=[] / params=[];headers=[];version=;consumes=[];produces=[]	false	unversioned	Backend maintainers	not measured; see API_SURFACE.md	not scheduled
OPTIONS	/api/companies/bulk/owner	ooo.klae.connex.backend.controllers.CompanyController#bulkAssignOwner	authenticated	MVC workspace resolution attempted for authenticated User; effective scope delegated	BulkOperationService#assignOwnerToCompanies:COMPANY_UPDATE	params=[];headers=[];version=;consumes=[];produces=[] / params=[];headers=[];version=;consumes=[];produces=[]	false	unversioned	Backend maintainers	not measured; see API_SURFACE.md	not scheduled
OPTIONS	/api/companies/bulk/restore	ooo.klae.connex.backend.controllers.CompanyController#bulkRestore	authenticated	MVC workspace resolution attempted for authenticated User; effective scope delegated	BulkOperationService#restoreCompanies:COMPANY_DELETE	params=[];headers=[];version=;consumes=[];produces=[] / params=[];headers=[];version=;consumes=[];produces=[]	false	unversioned	Backend maintainers	not measured; see API_SURFACE.md	not scheduled
OPTIONS	/api/companies/bulk/tags/add	ooo.klae.connex.backend.controllers.CompanyController#bulkAddTag	authenticated	MVC workspace resolution attempted for authenticated User; effective scope delegated	BulkOperationService#addTagToCompanies:COMPANY_UPDATE	params=[];headers=[];version=;consumes=[];produces=[] / params=[];headers=[];version=;consumes=[];produces=[]	false	unversioned	Backend maintainers	not measured; see API_SURFACE.md	not scheduled
OPTIONS	/api/companies/bulk/tags/remove	ooo.klae.connex.backend.controllers.CompanyController#bulkRemoveTag	authenticated	MVC workspace resolution attempted for authenticated User; effective scope delegated	BulkOperationService#removeTagFromCompanies:COMPANY_UPDATE	params=[];headers=[];version=;consumes=[];produces=[] / params=[];headers=[];version=;consumes=[];produces=[]	false	unversioned	Backend maintainers	not measured; see API_SURFACE.md	not scheduled
OPTIONS	/api/companies/custom-field-values	ooo.klae.connex.backend.controllers.CompanyController#getCustomFieldValuesForCompanies	authenticated	MVC workspace resolution attempted for authenticated User; effective scope delegated	CompanyService#getCustomFieldValues:domain authorization	params=[];headers=[];version=;consumes=[];produces=[] / params=[];headers=[];version=;consumes=[];produces=[]	false	unversioned	Backend maintainers	not measured; see API_SURFACE.md	not scheduled
OPTIONS	/api/companies/facets	ooo.klae.connex.backend.controllers.CompanyController#getCompanyFacets	authenticated	MVC workspace resolution attempted for authenticated User; effective scope delegated	CompanyService#countArchivedCompanies:domain authorization; CompanyService#countsByOwner:domain authorization; CompanyService#countsByWarmthBand:domain authorization; CompanyService#distinctIndustries:domain authorization; CompanyService#hasCompanyWithoutIndustry:domain authorization; WarmthFilterResolver#forFacets:domain authorization	params=[];headers=[];version=;consumes=[];produces=[] / params=[];headers=[];version=;consumes=[];produces=[]	false	unversioned	Backend maintainers	not measured; see API_SURFACE.md	not scheduled
OPTIONS	/api/companies/ids	ooo.klae.connex.backend.controllers.CompanyController#getCompanyIds	authenticated	MVC workspace resolution attempted for authenticated User; effective scope delegated	CompanyService#getMatchingCompanyIds:domain authorization; WarmthFilterResolver#resolve:domain authorization	params=[];headers=[];version=;consumes=[];produces=[] / params=[];headers=[];version=;consumes=[];produces=[]	false	unversioned	Backend maintainers	not measured; see API_SURFACE.md	not scheduled
OPTIONS	/api/companies/page	ooo.klae.connex.backend.controllers.CompanyController#getCompaniesPage	authenticated	MVC workspace resolution attempted for authenticated User; effective scope delegated	CompanyService#countCompanies:domain authorization; CompanyService#getCompaniesPage:domain authorization; WarmthFilterResolver#resolve:domain authorization	params=[];headers=[];version=;consumes=[];produces=[] / params=[];headers=[];version=;consumes=[];produces=[]	false	unversioned	Backend maintainers	not measured; see API_SURFACE.md	not scheduled
OPTIONS	/api/companies/segment/ids	ooo.klae.connex.backend.controllers.CompanyController#getSegmentCompanyIds	authenticated	MVC workspace resolution attempted for authenticated User; effective scope delegated	CompanyService#getMatchingSegmentCompanyIds:domain authorization	params=[];headers=[];version=;consumes=[];produces=[] / params=[];headers=[];version=;consumes=[];produces=[]	false	unversioned	Backend maintainers	not measured; see API_SURFACE.md	not scheduled
OPTIONS	/api/companies/segment/page	ooo.klae.connex.backend.controllers.CompanyController#getSegmentCompaniesPage	authenticated	MVC workspace resolution attempted for authenticated User; effective scope delegated	CompanyService#getSegmentCompaniesPage:domain authorization	params=[];headers=[];version=;consumes=[];produces=[] / params=[];headers=[];version=;consumes=[];produces=[]	false	unversioned	Backend maintainers	not measured; see API_SURFACE.md	not scheduled
OPTIONS	/api/companies/{id}	ooo.klae.connex.backend.controllers.CompanyController#oneCompany	authenticated	MVC workspace resolution attempted for authenticated User; effective scope delegated	CompanyService#getCompanyById:domain authorization	params=[];headers=[];version=;consumes=[];produces=[] / params=[];headers=[];version=;consumes=[];produces=[]	false	unversioned	Backend maintainers	not measured; see API_SURFACE.md	not scheduled
OPTIONS	/api/companies/{id}	ooo.klae.connex.backend.controllers.CompanyController#updateCompany	authenticated	MVC workspace resolution attempted for authenticated User; effective scope delegated	CompanyService#updateCompany:COMPANY_UPDATE	params=[];headers=[];version=;consumes=[];produces=[] / params=[];headers=[];version=;consumes=[];produces=[]	false	unversioned	Backend maintainers	not measured; see API_SURFACE.md	not scheduled
OPTIONS	/api/companies/{id}/archive	ooo.klae.connex.backend.controllers.CompanyController#archiveCompany	authenticated	MVC workspace resolution attempted for authenticated User; effective scope delegated	CompanyService#archiveCompany:COMPANY_DELETE	params=[];headers=[];version=;consumes=[];produces=[] / params=[];headers=[];version=;consumes=[];produces=[]	false	unversioned	Backend maintainers	not measured; see API_SURFACE.md	not scheduled
OPTIONS	/api/companies/{id}/custom-fields	ooo.klae.connex.backend.controllers.CompanyController#getCustomFieldsForCompany	authenticated	MVC workspace resolution attempted for authenticated User; effective scope delegated	CompanyService#getCustomFields:domain authorization	params=[];headers=[];version=;consumes=[];produces=[] / params=[];headers=[];version=;consumes=[];produces=[]	false	unversioned	Backend maintainers	not measured; see API_SURFACE.md	not scheduled
OPTIONS	/api/companies/{id}/custom-fields	ooo.klae.connex.backend.controllers.CompanyController#updateCustomFieldsForCompany	authenticated	MVC workspace resolution attempted for authenticated User; effective scope delegated	CompanyService#updateCustomFields:COMPANY_UPDATE	params=[];headers=[];version=;consumes=[];produces=[] / params=[];headers=[];version=;consumes=[];produces=[]	false	unversioned	Backend maintainers	not measured; see API_SURFACE.md	not scheduled
OPTIONS	/api/companies/{id}/custom-fields/{definitionId}	ooo.klae.connex.backend.controllers.CompanyController#updateCustomFieldForCompany	authenticated	MVC workspace resolution attempted for authenticated User; effective scope delegated	CompanyService#updateCustomField:COMPANY_UPDATE	params=[];headers=[];version=;consumes=[];produces=[] / params=[];headers=[];version=;consumes=[];produces=[]	false	unversioned	Backend maintainers	not measured; see API_SURFACE.md	not scheduled
OPTIONS	/api/companies/{id}/deals	ooo.klae.connex.backend.controllers.CompanyController#getDealsForCompany	authenticated	MVC workspace resolution attempted for authenticated User; effective scope delegated	CompanyService#getDealsByCompanyId:domain authorization	params=[];headers=[];version=;consumes=[];produces=[] / params=[];headers=[];version=;consumes=[];produces=[]	false	unversioned	Backend maintainers	not measured; see API_SURFACE.md	not scheduled
OPTIONS	/api/companies/{id}/engagement	ooo.klae.connex.backend.controllers.CompanyController#getCompanyEngagement	authenticated	MVC workspace resolution attempted for authenticated User; effective scope delegated	CompanyService#getCompanyEngagement:domain authorization	params=[];headers=[];version=;consumes=[];produces=[] / params=[];headers=[];version=;consumes=[];produces=[]	false	unversioned	Backend maintainers	not measured; see API_SURFACE.md	not scheduled
OPTIONS	/api/companies/{id}/logo	ooo.klae.connex.backend.controllers.CompanyController#updateLogo	authenticated	MVC workspace resolution attempted for authenticated User; effective scope delegated	CompanyService#updateLogo:COMPANY_UPDATE	params=[];headers=[];version=;consumes=[];produces=[] / params=[];headers=[];version=;consumes=[multipart/form-data];produces=[]	false	unversioned	Backend maintainers	not measured; see API_SURFACE.md	not scheduled
OPTIONS	/api/companies/{id}/logo/{token:.+}	ooo.klae.connex.backend.controllers.CompanyController#getLogo	authenticated	MVC workspace resolution attempted for authenticated User; effective scope delegated	CompanyService#getLogoContent:domain authorization	params=[];headers=[];version=;consumes=[];produces=[] / params=[];headers=[];version=;consumes=[];produces=[]	false	unversioned	Backend maintainers	not measured; see API_SURFACE.md	not scheduled
OPTIONS	/api/companies/{id}/owner	ooo.klae.connex.backend.controllers.CompanyController#updateOwner	authenticated	MVC workspace resolution attempted for authenticated User; effective scope delegated	CompanyService#updateOwner:COMPANY_UPDATE	params=[];headers=[];version=;consumes=[];produces=[] / params=[];headers=[];version=;consumes=[];produces=[]	false	unversioned	Backend maintainers	not measured; see API_SURFACE.md	not scheduled
OPTIONS	/api/companies/{id}/people	ooo.klae.connex.backend.controllers.CompanyController#getPeopleForCompany	authenticated	MVC workspace resolution attempted for authenticated User; effective scope delegated	CompanyService#getPersonsByCompanyId:domain authorization	params=[];headers=[];version=;consumes=[];produces=[] / params=[];headers=[];version=;consumes=[];produces=[]	false	unversioned	Backend maintainers	not measured; see API_SURFACE.md	not scheduled
OPTIONS	/api/companies/{id}/restore	ooo.klae.connex.backend.controllers.CompanyController#restoreCompany	authenticated	MVC workspace resolution attempted for authenticated User; effective scope delegated	CompanyService#restoreCompany:COMPANY_DELETE	params=[];headers=[];version=;consumes=[];produces=[] / params=[];headers=[];version=;consumes=[];produces=[]	false	unversioned	Backend maintainers	not measured; see API_SURFACE.md	not scheduled
OPTIONS	/api/companies/{id}/tags	ooo.klae.connex.backend.controllers.CompanyController#getTagsForCompany	authenticated	MVC workspace resolution attempted for authenticated User; effective scope delegated	CompanyService#getTagsByCompanyId:domain authorization	params=[];headers=[];version=;consumes=[];produces=[] / params=[];headers=[];version=;consumes=[];produces=[]	false	unversioned	Backend maintainers	not measured; see API_SURFACE.md	not scheduled
OPTIONS	/api/companies/{id}/tags	ooo.klae.connex.backend.controllers.CompanyController#replaceTagsForCompany	authenticated	MVC workspace resolution attempted for authenticated User; effective scope delegated	CompanyService#replaceTags:COMPANY_UPDATE	params=[];headers=[];version=;consumes=[];produces=[] / params=[];headers=[];version=;consumes=[];produces=[]	false	unversioned	Backend maintainers	not measured; see API_SURFACE.md	not scheduled
OPTIONS	/api/companies/{id}/tags/{tagId}	ooo.klae.connex.backend.controllers.CompanyController#addTagToCompany	authenticated	MVC workspace resolution attempted for authenticated User; effective scope delegated	CompanyService#addTag:COMPANY_UPDATE	params=[];headers=[];version=;consumes=[];produces=[] / params=[];headers=[];version=;consumes=[];produces=[]	false	unversioned	Backend maintainers	not measured; see API_SURFACE.md	not scheduled
OPTIONS	/api/companies/{id}/tags/{tagId}	ooo.klae.connex.backend.controllers.CompanyController#removeTagFromCompany	authenticated	MVC workspace resolution attempted for authenticated User; effective scope delegated	CompanyService#removeTag:COMPANY_UPDATE	params=[];headers=[];version=;consumes=[];produces=[] / params=[];headers=[];version=;consumes=[];produces=[]	false	unversioned	Backend maintainers	not measured; see API_SURFACE.md	not scheduled
OPTIONS	/api/companies/{id}/timeline	ooo.klae.connex.backend.controllers.CompanyController#getCompanyTimeline	authenticated	MVC workspace resolution attempted for authenticated User; effective scope delegated	CompanyService#getCompanyTimeline:domain authorization	params=[];headers=[];version=;consumes=[];produces=[] / params=[];headers=[];version=;consumes=[];produces=[]	false	unversioned	Backend maintainers	not measured; see API_SURFACE.md	not scheduled
OPTIONS	/api/csp-reports	ooo.klae.connex.backend.controllers.CspReportController#report	authenticated	no MVC workspace resolution; domain scope if applicable	ClientIpResolver#resolveWithProvenance:domain authorization; CspReportService#ingest:domain authorization	params=[];headers=[];version=;consumes=[];produces=[] / params=[];headers=[];version=;consumes=[application/csp-report, application/reports+json, application/json];produces=[]	false	unversioned	Backend maintainers	not measured; see API_SURFACE.md	not scheduled
OPTIONS	/api/custom-fields	ooo.klae.connex.backend.controllers.CustomFieldController#create	authenticated	MVC workspace resolution attempted for authenticated User; effective scope delegated	CustomFieldDefinitionService#create:CUSTOM_FIELD_MANAGE	params=[];headers=[];version=;consumes=[];produces=[] / params=[];headers=[];version=;consumes=[];produces=[]	false	unversioned	Backend maintainers	not measured; see API_SURFACE.md	not scheduled
OPTIONS	/api/custom-fields	ooo.klae.connex.backend.controllers.CustomFieldController#list	authenticated	MVC workspace resolution attempted for authenticated User; effective scope delegated	CustomFieldDefinitionService#getAll:CUSTOM_FIELD_MANAGE; CustomFieldDefinitionService#getByEntityType:CUSTOM_FIELD_MANAGE	params=[];headers=[];version=;consumes=[];produces=[] / params=[];headers=[];version=;consumes=[];produces=[]	false	unversioned	Backend maintainers	not measured; see API_SURFACE.md	not scheduled
OPTIONS	/api/custom-fields/schema	ooo.klae.connex.backend.controllers.CustomFieldController#schema	authenticated	MVC workspace resolution attempted for authenticated User; effective scope delegated	CustomFieldDefinitionService#getVisibleSchema:domain authorization	params=[];headers=[];version=;consumes=[];produces=[] / params=[];headers=[];version=;consumes=[];produces=[]	false	unversioned	Backend maintainers	not measured; see API_SURFACE.md	not scheduled
OPTIONS	/api/custom-fields/{id}	ooo.klae.connex.backend.controllers.CustomFieldController#delete	authenticated	MVC workspace resolution attempted for authenticated User; effective scope delegated	CustomFieldDefinitionService#delete:CUSTOM_FIELD_MANAGE	params=[];headers=[];version=;consumes=[];produces=[] / params=[];headers=[];version=;consumes=[];produces=[]	false	unversioned	Backend maintainers	not measured; see API_SURFACE.md	not scheduled
OPTIONS	/api/custom-fields/{id}	ooo.klae.connex.backend.controllers.CustomFieldController#getById	authenticated	MVC workspace resolution attempted for authenticated User; effective scope delegated	CustomFieldDefinitionService#getById:CUSTOM_FIELD_MANAGE	params=[];headers=[];version=;consumes=[];produces=[] / params=[];headers=[];version=;consumes=[];produces=[]	false	unversioned	Backend maintainers	not measured; see API_SURFACE.md	not scheduled
OPTIONS	/api/custom-fields/{id}	ooo.klae.connex.backend.controllers.CustomFieldController#update	authenticated	MVC workspace resolution attempted for authenticated User; effective scope delegated	CustomFieldDefinitionService#update:CUSTOM_FIELD_MANAGE	params=[];headers=[];version=;consumes=[];produces=[] / params=[];headers=[];version=;consumes=[];produces=[]	false	unversioned	Backend maintainers	not measured; see API_SURFACE.md	not scheduled
OPTIONS	/api/dashboard-layout	ooo.klae.connex.backend.controllers.DashboardLayoutController#get	authenticated	MVC workspace resolution attempted for authenticated User; effective scope delegated	DashboardLayoutService#getLayout:domain authorization	params=[];headers=[];version=;consumes=[];produces=[] / params=[];headers=[];version=;consumes=[];produces=[]	false	unversioned	Backend maintainers	not measured; see API_SURFACE.md	not scheduled
OPTIONS	/api/dashboard-layout	ooo.klae.connex.backend.controllers.DashboardLayoutController#reset	authenticated	MVC workspace resolution attempted for authenticated User; effective scope delegated	DashboardLayoutService#resetLayout:domain authorization	params=[];headers=[];version=;consumes=[];produces=[] / params=[];headers=[];version=;consumes=[];produces=[]	false	unversioned	Backend maintainers	not measured; see API_SURFACE.md	not scheduled
OPTIONS	/api/dashboard-layout	ooo.klae.connex.backend.controllers.DashboardLayoutController#save	authenticated	MVC workspace resolution attempted for authenticated User; effective scope delegated	DashboardLayoutService#saveLayout:domain authorization	params=[];headers=[];version=;consumes=[];produces=[] / params=[];headers=[];version=;consumes=[];produces=[]	false	unversioned	Backend maintainers	not measured; see API_SURFACE.md	not scheduled
OPTIONS	/api/deals	ooo.klae.connex.backend.controllers.DealController#getDeals	authenticated	MVC workspace resolution attempted for authenticated User; effective scope delegated	DealService#getDealsByCompanyId:domain authorization; DealService#getDealsByPersonId:domain authorization; DealService#getDealsByPipelineId:domain authorization; DealService#getDealsByStageId:domain authorization; DealService#getDealsByTagId:domain authorization	params=[];headers=[];version=;consumes=[];produces=[] / params=[];headers=[];version=;consumes=[];produces=[]	false	unversioned	Backend maintainers	not measured; see API_SURFACE.md	not scheduled
OPTIONS	/api/deals	ooo.klae.connex.backend.controllers.GuidedRecordCreationController#createDeal	authenticated	MVC workspace resolution attempted for authenticated User; effective scope delegated	GuidedRecordCreationService#createDeal:DEAL_CREATE	params=[];headers=[];version=;consumes=[];produces=[] / feature=connex.record-creation:[guided-cutover-enabled]=true;matchIfMissing=false	false	unversioned	Backend maintainers	not measured; see API_SURFACE.md	not scheduled
OPTIONS	/api/deals	ooo.klae.connex.backend.controllers.LegacyRecordCreationController#createDeal	authenticated	MVC workspace resolution attempted for authenticated User; effective scope delegated	DealService#createReviewed:DEAL_CREATE	params=[];headers=[];version=;consumes=[];produces=[] / feature=connex.record-creation:[guided-cutover-enabled]=false;matchIfMissing=true	false	unversioned	Backend maintainers	not measured; see API_SURFACE.md	not scheduled
OPTIONS	/api/deals/aging	ooo.klae.connex.backend.controllers.DealController#getDealAging	authenticated	MVC workspace resolution attempted for authenticated User; effective scope delegated	DealService#getDealAging:domain authorization	params=[];headers=[];version=;consumes=[];produces=[] / params=[];headers=[];version=;consumes=[];produces=[]	false	unversioned	Backend maintainers	not measured; see API_SURFACE.md	not scheduled
OPTIONS	/api/deals/board	ooo.klae.connex.backend.controllers.DealController#getDealBoard	authenticated	MVC workspace resolution attempted for authenticated User; effective scope delegated	DealService#getDealBoard:domain authorization	params=[];headers=[];version=;consumes=[];produces=[] / params=[];headers=[];version=;consumes=[];produces=[]	false	unversioned	Backend maintainers	not measured; see API_SURFACE.md	not scheduled
OPTIONS	/api/deals/bulk/delete	ooo.klae.connex.backend.controllers.DealController#bulkDelete	authenticated	MVC workspace resolution attempted for authenticated User; effective scope delegated	BulkOperationService#deleteDeals:DEAL_DELETE	params=[];headers=[];version=;consumes=[];produces=[] / params=[];headers=[];version=;consumes=[];produces=[]	false	unversioned	Backend maintainers	not measured; see API_SURFACE.md	not scheduled
OPTIONS	/api/deals/bulk/owner	ooo.klae.connex.backend.controllers.DealController#bulkAssignOwner	authenticated	MVC workspace resolution attempted for authenticated User; effective scope delegated	BulkOperationService#assignOwnerToDeals:DEAL_UPDATE	params=[];headers=[];version=;consumes=[];produces=[] / params=[];headers=[];version=;consumes=[];produces=[]	false	unversioned	Backend maintainers	not measured; see API_SURFACE.md	not scheduled
OPTIONS	/api/deals/bulk/stage	ooo.klae.connex.backend.controllers.DealController#bulkChangeStage	authenticated	MVC workspace resolution attempted for authenticated User; effective scope delegated	BulkOperationService#changeStageForDeals:DEAL_UPDATE	params=[];headers=[];version=;consumes=[];produces=[] / params=[];headers=[];version=;consumes=[];produces=[]	false	unversioned	Backend maintainers	not measured; see API_SURFACE.md	not scheduled
OPTIONS	/api/deals/bulk/tags/add	ooo.klae.connex.backend.controllers.DealController#bulkAddTag	authenticated	MVC workspace resolution attempted for authenticated User; effective scope delegated	BulkOperationService#addTagToDeals:DEAL_UPDATE	params=[];headers=[];version=;consumes=[];produces=[] / params=[];headers=[];version=;consumes=[];produces=[]	false	unversioned	Backend maintainers	not measured; see API_SURFACE.md	not scheduled
OPTIONS	/api/deals/bulk/tags/remove	ooo.klae.connex.backend.controllers.DealController#bulkRemoveTag	authenticated	MVC workspace resolution attempted for authenticated User; effective scope delegated	BulkOperationService#removeTagFromDeals:DEAL_UPDATE	params=[];headers=[];version=;consumes=[];produces=[] / params=[];headers=[];version=;consumes=[];produces=[]	false	unversioned	Backend maintainers	not measured; see API_SURFACE.md	not scheduled
OPTIONS	/api/deals/closing-soon	ooo.klae.connex.backend.controllers.DealController#getClosingSoonDeals	authenticated	MVC workspace resolution attempted for authenticated User; effective scope delegated	DealService#getClosingSoonDeals:domain authorization	params=[];headers=[];version=;consumes=[];produces=[] / params=[];headers=[];version=;consumes=[];produces=[]	false	unversioned	Backend maintainers	not measured; see API_SURFACE.md	not scheduled
OPTIONS	/api/deals/closing-soon-count	ooo.klae.connex.backend.controllers.DealController#getClosingSoonCount	authenticated	MVC workspace resolution attempted for authenticated User; effective scope delegated	DealService#getClosingSoonCount:domain authorization	params=[];headers=[];version=;consumes=[];produces=[] / params=[];headers=[];version=;consumes=[];produces=[]	false	unversioned	Backend maintainers	not measured; see API_SURFACE.md	not scheduled
OPTIONS	/api/deals/custom-field-values	ooo.klae.connex.backend.controllers.DealController#getCustomFieldValuesForDeals	authenticated	MVC workspace resolution attempted for authenticated User; effective scope delegated	DealService#getCustomFieldValues:domain authorization	params=[];headers=[];version=;consumes=[];produces=[] / params=[];headers=[];version=;consumes=[];produces=[]	false	unversioned	Backend maintainers	not measured; see API_SURFACE.md	not scheduled
OPTIONS	/api/deals/facets	ooo.klae.connex.backend.controllers.DealController#getDealFacets	authenticated	MVC workspace resolution attempted for authenticated User; effective scope delegated	DealService#getDealFacets:domain authorization	params=[];headers=[];version=;consumes=[];produces=[] / params=[];headers=[];version=;consumes=[];produces=[]	false	unversioned	Backend maintainers	not measured; see API_SURFACE.md	not scheduled
OPTIONS	/api/deals/ids	ooo.klae.connex.backend.controllers.DealController#getDealIds	authenticated	MVC workspace resolution attempted for authenticated User; effective scope delegated	DealService#getMatchingDealIds:domain authorization	params=[];headers=[];version=;consumes=[];produces=[] / params=[];headers=[];version=;consumes=[];produces=[]	false	unversioned	Backend maintainers	not measured; see API_SURFACE.md	not scheduled
OPTIONS	/api/deals/kpis	ooo.klae.connex.backend.controllers.DealController#getDealKpis	authenticated	MVC workspace resolution attempted for authenticated User; effective scope delegated	DealService#getDealKpis:domain authorization	params=[];headers=[];version=;consumes=[];produces=[] / params=[];headers=[];version=;consumes=[];produces=[]	false	unversioned	Backend maintainers	not measured; see API_SURFACE.md	not scheduled
OPTIONS	/api/deals/metrics	ooo.klae.connex.backend.controllers.DealController#getDealMetrics	authenticated	MVC workspace resolution attempted for authenticated User; effective scope delegated	DealService#queryDealMetrics:domain authorization	params=[];headers=[];version=;consumes=[];produces=[] / params=[];headers=[];version=;consumes=[];produces=[]	false	unversioned	Backend maintainers	not measured; see API_SURFACE.md	not scheduled
OPTIONS	/api/deals/page	ooo.klae.connex.backend.controllers.DealController#getDealsPage	authenticated	MVC workspace resolution attempted for authenticated User; effective scope delegated	DealService#queryDealsPage:domain authorization	params=[];headers=[];version=;consumes=[];produces=[] / params=[];headers=[];version=;consumes=[];produces=[]	false	unversioned	Backend maintainers	not measured; see API_SURFACE.md	not scheduled
OPTIONS	/api/deals/people/primary	ooo.klae.connex.backend.controllers.DealController#getPrimaryContacts	authenticated	MVC workspace resolution attempted for authenticated User; effective scope delegated	DealService#getPrimaryContacts:domain authorization	params=[];headers=[];version=;consumes=[];produces=[] / params=[];headers=[];version=;consumes=[];produces=[]	false	unversioned	Backend maintainers	not measured; see API_SURFACE.md	not scheduled
OPTIONS	/api/deals/pipeline-value	ooo.klae.connex.backend.controllers.DealController#getDealPipelineValue	authenticated	MVC workspace resolution attempted for authenticated User; effective scope delegated	DealService#getDealPipelineValue:domain authorization	params=[];headers=[];version=;consumes=[];produces=[] / params=[];headers=[];version=;consumes=[];produces=[]	false	unversioned	Backend maintainers	not measured; see API_SURFACE.md	not scheduled
OPTIONS	/api/deals/revenue-series	ooo.klae.connex.backend.controllers.DealController#getRevenueSeries	authenticated	MVC workspace resolution attempted for authenticated User; effective scope delegated	DealService#getRevenueSeries:domain authorization; WorkspaceService#getCurrentAnalyticsTimezone:domain authorization	params=[];headers=[];version=;consumes=[];produces=[] / params=[];headers=[];version=;consumes=[];produces=[]	false	unversioned	Backend maintainers	not measured; see API_SURFACE.md	not scheduled
OPTIONS	/api/deals/revenue-timeseries	ooo.klae.connex.backend.controllers.DealController#getRevenueTimeseries	authenticated	MVC workspace resolution attempted for authenticated User; effective scope delegated	DealService#getRevenueTimeseries:domain authorization; WorkspaceService#getCurrentAnalyticsTimezone:domain authorization	params=[];headers=[];version=;consumes=[];produces=[] / params=[];headers=[];version=;consumes=[];produces=[]	false	unversioned	Backend maintainers	not measured; see API_SURFACE.md	not scheduled
OPTIONS	/api/deals/risk	ooo.klae.connex.backend.controllers.DealController#getDealRisks	authenticated	MVC workspace resolution attempted for authenticated User; effective scope delegated	DealRiskService#assessDeals:domain authorization; WorkspaceService#getCurrentWorkspaceId:domain authorization	params=[];headers=[];version=;consumes=[];produces=[] / params=[];headers=[];version=;consumes=[];produces=[]	false	unversioned	Backend maintainers	not measured; see API_SURFACE.md	not scheduled
OPTIONS	/api/deals/risk/analytics	ooo.klae.connex.backend.controllers.DealController#getDealRiskAnalytics	authenticated	MVC workspace resolution attempted for authenticated User; effective scope delegated	DealRiskService#analytics:domain authorization; WorkspaceService#getCurrentWorkspaceId:domain authorization	params=[];headers=[];version=;consumes=[];produces=[] / params=[];headers=[];version=;consumes=[];produces=[]	false	unversioned	Backend maintainers	not measured; see API_SURFACE.md	not scheduled
OPTIONS	/api/deals/segment/ids	ooo.klae.connex.backend.controllers.DealController#getSegmentDealIds	authenticated	MVC workspace resolution attempted for authenticated User; effective scope delegated	DealService#getMatchingSegmentDealIds:domain authorization	params=[];headers=[];version=;consumes=[];produces=[] / params=[];headers=[];version=;consumes=[];produces=[]	false	unversioned	Backend maintainers	not measured; see API_SURFACE.md	not scheduled
OPTIONS	/api/deals/segment/metrics	ooo.klae.connex.backend.controllers.DealController#getSegmentDealMetrics	authenticated	MVC workspace resolution attempted for authenticated User; effective scope delegated	DealService#querySegmentDealMetrics:domain authorization	params=[];headers=[];version=;consumes=[];produces=[] / params=[];headers=[];version=;consumes=[];produces=[]	false	unversioned	Backend maintainers	not measured; see API_SURFACE.md	not scheduled
OPTIONS	/api/deals/segment/page	ooo.klae.connex.backend.controllers.DealController#getSegmentDealsPage	authenticated	MVC workspace resolution attempted for authenticated User; effective scope delegated	DealService#querySegmentDealsPage:domain authorization	params=[];headers=[];version=;consumes=[];produces=[] / params=[];headers=[];version=;consumes=[];produces=[]	false	unversioned	Backend maintainers	not measured; see API_SURFACE.md	not scheduled
OPTIONS	/api/deals/stage-distribution	ooo.klae.connex.backend.controllers.DealController#getStageDistribution	authenticated	MVC workspace resolution attempted for authenticated User; effective scope delegated	DealService#getStageDistribution:domain authorization	params=[];headers=[];version=;consumes=[];produces=[] / params=[];headers=[];version=;consumes=[];produces=[]	false	unversioned	Backend maintainers	not measured; see API_SURFACE.md	not scheduled
OPTIONS	/api/deals/top	ooo.klae.connex.backend.controllers.DealController#getTopDeals	authenticated	MVC workspace resolution attempted for authenticated User; effective scope delegated	DealService#getTopDeals:domain authorization	params=[];headers=[];version=;consumes=[];produces=[] / params=[];headers=[];version=;consumes=[];produces=[]	false	unversioned	Backend maintainers	not measured; see API_SURFACE.md	not scheduled
OPTIONS	/api/deals/{dealId}/documents	ooo.klae.connex.backend.controllers.DealDocumentController#generate	authenticated	MVC workspace resolution attempted for authenticated User; effective scope delegated	DealDocumentService#generate:DEAL_UPDATE	params=[];headers=[];version=;consumes=[];produces=[] / params=[];headers=[];version=;consumes=[];produces=[]	false	unversioned	Backend maintainers	not measured; see API_SURFACE.md	not scheduled
OPTIONS	/api/deals/{dealId}/documents	ooo.klae.connex.backend.controllers.DealDocumentController#getForDeal	authenticated	MVC workspace resolution attempted for authenticated User; effective scope delegated	DealDocumentService#getForDeal:domain authorization	params=[];headers=[];version=;consumes=[];produces=[] / params=[];headers=[];version=;consumes=[];produces=[]	false	unversioned	Backend maintainers	not measured; see API_SURFACE.md	not scheduled
OPTIONS	/api/deals/{dealId}/documents/{documentId}	ooo.klae.connex.backend.controllers.DealDocumentController#delete	authenticated	MVC workspace resolution attempted for authenticated User; effective scope delegated	DealDocumentService#delete:DEAL_UPDATE	params=[];headers=[];version=;consumes=[];produces=[] / params=[];headers=[];version=;consumes=[];produces=[]	false	unversioned	Backend maintainers	not measured; see API_SURFACE.md	not scheduled
OPTIONS	/api/deals/{dealId}/documents/{documentId}	ooo.klae.connex.backend.controllers.DealDocumentController#getOne	authenticated	MVC workspace resolution attempted for authenticated User; effective scope delegated	DealDocumentService#getOne:domain authorization	params=[];headers=[];version=;consumes=[];produces=[] / params=[];headers=[];version=;consumes=[];produces=[]	false	unversioned	Backend maintainers	not measured; see API_SURFACE.md	not scheduled
OPTIONS	/api/deals/{dealId}/documents/{documentId}/approval	ooo.klae.connex.backend.controllers.DocumentApprovalController#getForDocument	authenticated	MVC workspace resolution attempted for authenticated User; effective scope delegated	DocumentApprovalService#getForDocument:domain authorization	params=[];headers=[];version=;consumes=[];produces=[] / params=[];headers=[];version=;consumes=[];produces=[]	false	unversioned	Backend maintainers	not measured; see API_SURFACE.md	not scheduled
OPTIONS	/api/deals/{dealId}/documents/{documentId}/approval	ooo.klae.connex.backend.controllers.DocumentApprovalController#request	authenticated	MVC workspace resolution attempted for authenticated User; effective scope delegated	DocumentApprovalService#requestApproval:DEAL_UPDATE	params=[];headers=[];version=;consumes=[];produces=[] / params=[];headers=[];version=;consumes=[];produces=[]	false	unversioned	Backend maintainers	not measured; see API_SURFACE.md	not scheduled
OPTIONS	/api/deals/{dealId}/documents/{documentId}/approval/cancel	ooo.klae.connex.backend.controllers.DocumentApprovalController#cancel	authenticated	MVC workspace resolution attempted for authenticated User; effective scope delegated	DocumentApprovalService#cancel:DEAL_UPDATE	params=[];headers=[];version=;consumes=[];produces=[] / params=[];headers=[];version=;consumes=[];produces=[]	false	unversioned	Backend maintainers	not measured; see API_SURFACE.md	not scheduled
OPTIONS	/api/deals/{dealId}/documents/{documentId}/approval/decision	ooo.klae.connex.backend.controllers.DocumentApprovalController#decide	authenticated	MVC workspace resolution attempted for authenticated User; effective scope delegated	DocumentApprovalService#decide:DOCUMENT_APPROVE	params=[];headers=[];version=;consumes=[];produces=[] / params=[];headers=[];version=;consumes=[];produces=[]	false	unversioned	Backend maintainers	not measured; see API_SURFACE.md	not scheduled
OPTIONS	/api/deals/{dealId}/documents/{documentId}/approval/steps/{stepId}/approvers	ooo.klae.connex.backend.controllers.DocumentApprovalController#addApprovers	authenticated	MVC workspace resolution attempted for authenticated User; effective scope delegated	DocumentApprovalService#addStepApprovers:DOCUMENT_MANAGE	params=[];headers=[];version=;consumes=[];produces=[] / params=[];headers=[];version=;consumes=[];produces=[]	false	unversioned	Backend maintainers	not measured; see API_SURFACE.md	not scheduled
OPTIONS	/api/deals/{dealId}/documents/{documentId}/approval/steps/{stepId}/approvers	ooo.klae.connex.backend.controllers.DocumentApprovalController#replaceApprovers	authenticated	MVC workspace resolution attempted for authenticated User; effective scope delegated	DocumentApprovalService#replaceStepApprovers:DOCUMENT_MANAGE	params=[];headers=[];version=;consumes=[];produces=[] / params=[];headers=[];version=;consumes=[];produces=[]	false	unversioned	Backend maintainers	not measured; see API_SURFACE.md	not scheduled
OPTIONS	/api/deals/{dealId}/documents/{documentId}/approval/steps/{stepId}/delegate	ooo.klae.connex.backend.controllers.DocumentApprovalController#delegate	authenticated	MVC workspace resolution attempted for authenticated User; effective scope delegated	DocumentApprovalService#createDelegation:DOCUMENT_APPROVE	params=[];headers=[];version=;consumes=[];produces=[] / params=[];headers=[];version=;consumes=[];produces=[]	false	unversioned	Backend maintainers	not measured; see API_SURFACE.md	not scheduled
OPTIONS	/api/deals/{dealId}/documents/{documentId}/approval/steps/{stepId}/delegate-candidates	ooo.klae.connex.backend.controllers.DocumentApprovalController#delegateCandidates	authenticated	MVC workspace resolution attempted for authenticated User; effective scope delegated	DOCUMENT_APPROVE; DocumentApprovalService#eligibleDelegates:DOCUMENT_APPROVE	params=[];headers=[];version=;consumes=[];produces=[] / params=[];headers=[];version=;consumes=[];produces=[]	false	unversioned	Backend maintainers	not measured; see API_SURFACE.md	not scheduled
OPTIONS	/api/deals/{dealId}/documents/{documentId}/delivery	ooo.klae.connex.backend.controllers.DocumentDeliveryController#getForDocument	authenticated	MVC workspace resolution attempted for authenticated User; effective scope delegated	DocumentDeliveryService#getForDocument:DOCUMENT_SEND	params=[];headers=[];version=;consumes=[];produces=[] / params=[];headers=[];version=;consumes=[];produces=[]	false	unversioned	Backend maintainers	not measured; see API_SURFACE.md	not scheduled
OPTIONS	/api/deals/{dealId}/documents/{documentId}/delivery	ooo.klae.connex.backend.controllers.DocumentDeliveryController#send	authenticated	MVC workspace resolution attempted for authenticated User; effective scope delegated	DocumentDeliveryService#send:DOCUMENT_SEND	params=[];headers=[];version=;consumes=[];produces=[] / params=[];headers=[];version=;consumes=[];produces=[]	false	unversioned	Backend maintainers	not measured; see API_SURFACE.md	not scheduled
OPTIONS	/api/deals/{dealId}/documents/{documentId}/delivery/{deliveryId}/artifacts/{artifactId}	ooo.klae.connex.backend.controllers.DocumentDeliveryController#downloadArtifact	authenticated	MVC workspace resolution attempted for authenticated User; effective scope delegated	DocumentDeliveryService#downloadArtifact:DOCUMENT_SEND	params=[];headers=[];version=;consumes=[];produces=[] / params=[];headers=[];version=;consumes=[];produces=[]	false	unversioned	Backend maintainers	not measured; see API_SURFACE.md	not scheduled
OPTIONS	/api/deals/{dealId}/documents/{documentId}/delivery/{deliveryId}/recipients/{recipientId}/resend	ooo.klae.connex.backend.controllers.DocumentDeliveryController#resend	authenticated	MVC workspace resolution attempted for authenticated User; effective scope delegated	DocumentDeliveryService#resend:DOCUMENT_SEND	params=[];headers=[];version=;consumes=[];produces=[] / params=[];headers=[];version=;consumes=[];produces=[]	false	unversioned	Backend maintainers	not measured; see API_SURFACE.md	not scheduled
OPTIONS	/api/deals/{dealId}/documents/{documentId}/delivery/{deliveryId}/void	ooo.klae.connex.backend.controllers.DocumentDeliveryController#voidDelivery	authenticated	MVC workspace resolution attempted for authenticated User; effective scope delegated	DocumentDeliveryService#voidDelivery:DOCUMENT_SEND	params=[];headers=[];version=;consumes=[];produces=[] / params=[];headers=[];version=;consumes=[];produces=[]	false	unversioned	Backend maintainers	not measured; see API_SURFACE.md	not scheduled
OPTIONS	/api/deals/{dealId}/documents/{documentId}/status	ooo.klae.connex.backend.controllers.DealDocumentController#updateStatus	authenticated	MVC workspace resolution attempted for authenticated User; effective scope delegated	DealDocumentService#updateStatus:DEAL_UPDATE	params=[];headers=[];version=;consumes=[];produces=[] / params=[];headers=[];version=;consumes=[];produces=[]	false	unversioned	Backend maintainers	not measured; see API_SURFACE.md	not scheduled
OPTIONS	/api/deals/{dealId}/line-items	ooo.klae.connex.backend.controllers.DealLineItemController#create	authenticated	MVC workspace resolution attempted for authenticated User; effective scope delegated	DealLineItemService#create:DEAL_UPDATE	params=[];headers=[];version=;consumes=[];produces=[] / params=[];headers=[];version=;consumes=[];produces=[]	false	unversioned	Backend maintainers	not measured; see API_SURFACE.md	not scheduled
OPTIONS	/api/deals/{dealId}/line-items	ooo.klae.connex.backend.controllers.DealLineItemController#getForDeal	authenticated	MVC workspace resolution attempted for authenticated User; effective scope delegated	DealLineItemService#getForDeal:domain authorization	params=[];headers=[];version=;consumes=[];produces=[] / params=[];headers=[];version=;consumes=[];produces=[]	false	unversioned	Backend maintainers	not measured; see API_SURFACE.md	not scheduled
OPTIONS	/api/deals/{dealId}/line-items/{itemId}	ooo.klae.connex.backend.controllers.DealLineItemController#delete	authenticated	MVC workspace resolution attempted for authenticated User; effective scope delegated	DealLineItemService#delete:DEAL_UPDATE	params=[];headers=[];version=;consumes=[];produces=[] / params=[];headers=[];version=;consumes=[];produces=[]	false	unversioned	Backend maintainers	not measured; see API_SURFACE.md	not scheduled
OPTIONS	/api/deals/{dealId}/line-items/{itemId}	ooo.klae.connex.backend.controllers.DealLineItemController#update	authenticated	MVC workspace resolution attempted for authenticated User; effective scope delegated	DealLineItemService#update:DEAL_UPDATE	params=[];headers=[];version=;consumes=[];produces=[] / params=[];headers=[];version=;consumes=[];produces=[]	false	unversioned	Backend maintainers	not measured; see API_SURFACE.md	not scheduled
OPTIONS	/api/deals/{id}	ooo.klae.connex.backend.controllers.DealController#deleteDeal	authenticated	MVC workspace resolution attempted for authenticated User; effective scope delegated	DealService#delete:DEAL_DELETE	params=[];headers=[];version=;consumes=[];produces=[] / params=[];headers=[];version=;consumes=[];produces=[]	false	unversioned	Backend maintainers	not measured; see API_SURFACE.md	not scheduled
OPTIONS	/api/deals/{id}	ooo.klae.connex.backend.controllers.DealController#getDealById	authenticated	MVC workspace resolution attempted for authenticated User; effective scope delegated	DealService#getDealById:domain authorization	params=[];headers=[];version=;consumes=[];produces=[] / params=[];headers=[];version=;consumes=[];produces=[]	false	unversioned	Backend maintainers	not measured; see API_SURFACE.md	not scheduled
OPTIONS	/api/deals/{id}	ooo.klae.connex.backend.controllers.DealController#updateDeal	authenticated	MVC workspace resolution attempted for authenticated User; effective scope delegated	DealService#update:DEAL_UPDATE	params=[];headers=[];version=;consumes=[];produces=[] / params=[];headers=[];version=;consumes=[];produces=[]	false	unversioned	Backend maintainers	not measured; see API_SURFACE.md	not scheduled
OPTIONS	/api/deals/{id}/activities	ooo.klae.connex.backend.controllers.DealController#getActivitiesForDeal	authenticated	MVC workspace resolution attempted for authenticated User; effective scope delegated	DealService#getActivitiesByDealId:domain authorization	params=[];headers=[];version=;consumes=[];produces=[] / params=[];headers=[];version=;consumes=[];produces=[]	false	unversioned	Backend maintainers	not measured; see API_SURFACE.md	not scheduled
OPTIONS	/api/deals/{id}/brief	ooo.klae.connex.backend.controllers.DealController#brief	authenticated	MVC workspace resolution attempted for authenticated User; effective scope delegated	AiGenerationAdapterService#startDealBrief:domain authorization	params=[];headers=[];version=;consumes=[];produces=[] / params=[];headers=[];version=;consumes=[];produces=[]	false	unversioned	Backend maintainers	not measured; see API_SURFACE.md	not scheduled
OPTIONS	/api/deals/{id}/close	ooo.klae.connex.backend.controllers.DealController#closeDeal	authenticated	MVC workspace resolution attempted for authenticated User; effective scope delegated	DealService#close:DEAL_UPDATE	params=[];headers=[];version=;consumes=[];produces=[] / params=[];headers=[];version=;consumes=[];produces=[]	false	unversioned	Backend maintainers	not measured; see API_SURFACE.md	not scheduled
OPTIONS	/api/deals/{id}/collaborators	ooo.klae.connex.backend.controllers.DealController#getCollaborators	authenticated	MVC workspace resolution attempted for authenticated User; effective scope delegated	DealService#getCollaborators:domain authorization	params=[];headers=[];version=;consumes=[];produces=[] / params=[];headers=[];version=;consumes=[];produces=[]	false	unversioned	Backend maintainers	not measured; see API_SURFACE.md	not scheduled
OPTIONS	/api/deals/{id}/collaborators	ooo.klae.connex.backend.controllers.DealController#replaceCollaborators	authenticated	MVC workspace resolution attempted for authenticated User; effective scope delegated	DealService#replaceCollaborators:DEAL_UPDATE	params=[];headers=[];version=;consumes=[];produces=[] / params=[];headers=[];version=;consumes=[];produces=[]	false	unversioned	Backend maintainers	not measured; see API_SURFACE.md	not scheduled
OPTIONS	/api/deals/{id}/custom-fields	ooo.klae.connex.backend.controllers.DealController#getCustomFieldsForDeal	authenticated	MVC workspace resolution attempted for authenticated User; effective scope delegated	DealService#getCustomFields:domain authorization	params=[];headers=[];version=;consumes=[];produces=[] / params=[];headers=[];version=;consumes=[];produces=[]	false	unversioned	Backend maintainers	not measured; see API_SURFACE.md	not scheduled
OPTIONS	/api/deals/{id}/custom-fields	ooo.klae.connex.backend.controllers.DealController#updateCustomFieldsForDeal	authenticated	MVC workspace resolution attempted for authenticated User; effective scope delegated	DealService#updateCustomFields:DEAL_UPDATE	params=[];headers=[];version=;consumes=[];produces=[] / params=[];headers=[];version=;consumes=[];produces=[]	false	unversioned	Backend maintainers	not measured; see API_SURFACE.md	not scheduled
OPTIONS	/api/deals/{id}/custom-fields/{definitionId}	ooo.klae.connex.backend.controllers.DealController#updateCustomFieldForDeal	authenticated	MVC workspace resolution attempted for authenticated User; effective scope delegated	DealService#updateCustomField:DEAL_UPDATE	params=[];headers=[];version=;consumes=[];produces=[] / params=[];headers=[];version=;consumes=[];produces=[]	false	unversioned	Backend maintainers	not measured; see API_SURFACE.md	not scheduled
OPTIONS	/api/deals/{id}/evaluation	ooo.klae.connex.backend.controllers.DealController#updateEvaluation	authenticated	MVC workspace resolution attempted for authenticated User; effective scope delegated	DealService#updateRiskExcluded:DEAL_UPDATE	params=[];headers=[];version=;consumes=[];produces=[] / params=[];headers=[];version=;consumes=[];produces=[]	false	unversioned	Backend maintainers	not measured; see API_SURFACE.md	not scheduled
OPTIONS	/api/deals/{id}/move	ooo.klae.connex.backend.controllers.DealController#moveDeal	authenticated	MVC workspace resolution attempted for authenticated User; effective scope delegated	DealService#move:DEAL_UPDATE	params=[];headers=[];version=;consumes=[];produces=[] / params=[];headers=[];version=;consumes=[];produces=[]	false	unversioned	Backend maintainers	not measured; see API_SURFACE.md	not scheduled
OPTIONS	/api/deals/{id}/name	ooo.klae.connex.backend.controllers.DealController#updateDealName	authenticated	MVC workspace resolution attempted for authenticated User; effective scope delegated	DealService#updateName:DEAL_UPDATE	params=[];headers=[];version=;consumes=[];produces=[] / params=[];headers=[];version=;consumes=[];produces=[]	false	unversioned	Backend maintainers	not measured; see API_SURFACE.md	not scheduled
OPTIONS	/api/deals/{id}/notes	ooo.klae.connex.backend.controllers.DealController#getNotesForDeal	authenticated	MVC workspace resolution attempted for authenticated User; effective scope delegated	DealService#getNotesByDealId:domain authorization	params=[];headers=[];version=;consumes=[];produces=[] / params=[];headers=[];version=;consumes=[];produces=[]	false	unversioned	Backend maintainers	not measured; see API_SURFACE.md	not scheduled
OPTIONS	/api/deals/{id}/owner	ooo.klae.connex.backend.controllers.DealController#updateOwner	authenticated	MVC workspace resolution attempted for authenticated User; effective scope delegated	DealService#updateOwner:DEAL_UPDATE	params=[];headers=[];version=;consumes=[];produces=[] / params=[];headers=[];version=;consumes=[];produces=[]	false	unversioned	Backend maintainers	not measured; see API_SURFACE.md	not scheduled
OPTIONS	/api/deals/{id}/people	ooo.klae.connex.backend.controllers.DealController#getPeopleForDeal	authenticated	MVC workspace resolution attempted for authenticated User; effective scope delegated	DealService#getPeopleByDealId:domain authorization	params=[];headers=[];version=;consumes=[];produces=[] / params=[];headers=[];version=;consumes=[];produces=[]	false	unversioned	Backend maintainers	not measured; see API_SURFACE.md	not scheduled
OPTIONS	/api/deals/{id}/people	ooo.klae.connex.backend.controllers.DealController#replacePeopleForDeal	authenticated	MVC workspace resolution attempted for authenticated User; effective scope delegated	DealService#replacePeople:DEAL_UPDATE	params=[];headers=[];version=;consumes=[];produces=[] / params=[];headers=[];version=;consumes=[];produces=[]	false	unversioned	Backend maintainers	not measured; see API_SURFACE.md	not scheduled
OPTIONS	/api/deals/{id}/people/{personId}	ooo.klae.connex.backend.controllers.DealController#addPersonToDeal	authenticated	MVC workspace resolution attempted for authenticated User; effective scope delegated	DealService#addPerson:DEAL_UPDATE	params=[];headers=[];version=;consumes=[];produces=[] / params=[];headers=[];version=;consumes=[];produces=[]	false	unversioned	Backend maintainers	not measured; see API_SURFACE.md	not scheduled
OPTIONS	/api/deals/{id}/people/{personId}	ooo.klae.connex.backend.controllers.DealController#removePersonFromDeal	authenticated	MVC workspace resolution attempted for authenticated User; effective scope delegated	DealService#removePerson:DEAL_UPDATE	params=[];headers=[];version=;consumes=[];produces=[] / params=[];headers=[];version=;consumes=[];produces=[]	false	unversioned	Backend maintainers	not measured; see API_SURFACE.md	not scheduled
OPTIONS	/api/deals/{id}/people/{personId}	ooo.klae.connex.backend.controllers.DealController#updatePersonRoleOnDeal	authenticated	MVC workspace resolution attempted for authenticated User; effective scope delegated	DealService#updatePersonRole:DEAL_UPDATE	params=[];headers=[];version=;consumes=[];produces=[] / params=[];headers=[];version=;consumes=[];produces=[]	false	unversioned	Backend maintainers	not measured; see API_SURFACE.md	not scheduled
OPTIONS	/api/deals/{id}/rationale	ooo.klae.connex.backend.controllers.DealController#rationale	authenticated	MVC workspace resolution attempted for authenticated User; effective scope delegated	AiGenerationAdapterService#startDealRationale:domain authorization	params=[];headers=[];version=;consumes=[];produces=[] / params=[];headers=[];version=;consumes=[];produces=[]	false	unversioned	Backend maintainers	not measured; see API_SURFACE.md	not scheduled
OPTIONS	/api/deals/{id}/reopen	ooo.klae.connex.backend.controllers.DealController#reopenDeal	authenticated	MVC workspace resolution attempted for authenticated User; effective scope delegated	DealService#reopen:DEAL_UPDATE	params=[];headers=[];version=;consumes=[];produces=[] / params=[];headers=[];version=;consumes=[];produces=[]	false	unversioned	Backend maintainers	not measured; see API_SURFACE.md	not scheduled
OPTIONS	/api/deals/{id}/reschedule	ooo.klae.connex.backend.controllers.DealController#rescheduleDeal	authenticated	MVC workspace resolution attempted for authenticated User; effective scope delegated	DealService#reschedule:DEAL_UPDATE	params=[];headers=[];version=;consumes=[];produces=[] / params=[];headers=[];version=;consumes=[];produces=[]	false	unversioned	Backend maintainers	not measured; see API_SURFACE.md	not scheduled
OPTIONS	/api/deals/{id}/risk	ooo.klae.connex.backend.controllers.DealController#getDealRisk	authenticated	MVC workspace resolution attempted for authenticated User; effective scope delegated	DealRiskService#assessDeal:domain authorization; WorkspaceService#getCurrentWorkspaceId:domain authorization	params=[];headers=[];version=;consumes=[];produces=[] / params=[];headers=[];version=;consumes=[];produces=[]	false	unversioned	Backend maintainers	not measured; see API_SURFACE.md	not scheduled
OPTIONS	/api/deals/{id}/stage-history	ooo.klae.connex.backend.controllers.DealController#getStageHistory	authenticated	MVC workspace resolution attempted for authenticated User; effective scope delegated	DealService#getStageHistory:domain authorization	params=[];headers=[];version=;consumes=[];produces=[] / params=[];headers=[];version=;consumes=[];produces=[]	false	unversioned	Backend maintainers	not measured; see API_SURFACE.md	not scheduled
OPTIONS	/api/deals/{id}/summary	ooo.klae.connex.backend.controllers.DealController#getDealSummary	authenticated	MVC workspace resolution attempted for authenticated User; effective scope delegated	DealService#getDealSummary:domain authorization	params=[];headers=[];version=;consumes=[];produces=[] / params=[];headers=[];version=;consumes=[];produces=[]	false	unversioned	Backend maintainers	not measured; see API_SURFACE.md	not scheduled
OPTIONS	/api/deals/{id}/tags	ooo.klae.connex.backend.controllers.DealController#getTagsForDeal	authenticated	MVC workspace resolution attempted for authenticated User; effective scope delegated	DealService#getTagsByDealId:domain authorization	params=[];headers=[];version=;consumes=[];produces=[] / params=[];headers=[];version=;consumes=[];produces=[]	false	unversioned	Backend maintainers	not measured; see API_SURFACE.md	not scheduled
OPTIONS	/api/deals/{id}/tags	ooo.klae.connex.backend.controllers.DealController#replaceTagsForDeal	authenticated	MVC workspace resolution attempted for authenticated User; effective scope delegated	DealService#replaceTags:DEAL_UPDATE	params=[];headers=[];version=;consumes=[];produces=[] / params=[];headers=[];version=;consumes=[];produces=[]	false	unversioned	Backend maintainers	not measured; see API_SURFACE.md	not scheduled
OPTIONS	/api/deals/{id}/tags/{tagId}	ooo.klae.connex.backend.controllers.DealController#addTagToDeal	authenticated	MVC workspace resolution attempted for authenticated User; effective scope delegated	DealService#addTag:DEAL_UPDATE	params=[];headers=[];version=;consumes=[];produces=[] / params=[];headers=[];version=;consumes=[];produces=[]	false	unversioned	Backend maintainers	not measured; see API_SURFACE.md	not scheduled
OPTIONS	/api/deals/{id}/tags/{tagId}	ooo.klae.connex.backend.controllers.DealController#removeTagFromDeal	authenticated	MVC workspace resolution attempted for authenticated User; effective scope delegated	DealService#removeTag:DEAL_UPDATE	params=[];headers=[];version=;consumes=[];produces=[] / params=[];headers=[];version=;consumes=[];produces=[]	false	unversioned	Backend maintainers	not measured; see API_SURFACE.md	not scheduled
OPTIONS	/api/deals/{id}/tasks	ooo.klae.connex.backend.controllers.DealController#getTasksForDeal	authenticated	MVC workspace resolution attempted for authenticated User; effective scope delegated	DealService#getTasksByDealId:domain authorization	params=[];headers=[];version=;consumes=[];produces=[] / params=[];headers=[];version=;consumes=[];produces=[]	false	unversioned	Backend maintainers	not measured; see API_SURFACE.md	not scheduled
OPTIONS	/api/deals/{id}/value	ooo.klae.connex.backend.controllers.DealController#updateDealValue	authenticated	MVC workspace resolution attempted for authenticated User; effective scope delegated	DealService#updateValue:DEAL_UPDATE	params=[];headers=[];version=;consumes=[];produces=[] / params=[];headers=[];version=;consumes=[];produces=[]	false	unversioned	Backend maintainers	not measured; see API_SURFACE.md	not scheduled
OPTIONS	/api/delivery/connectors	ooo.klae.connex.backend.controllers.ConnectorConfigController#list	authenticated	MVC workspace resolution attempted for authenticated User; effective scope delegated	ConnectorConfigService#list:WORKSPACE_SETTINGS	params=[];headers=[];version=;consumes=[];produces=[] / params=[];headers=[];version=;consumes=[];produces=[]	false	unversioned	Backend maintainers	not measured; see API_SURFACE.md	not scheduled
OPTIONS	/api/delivery/connectors	ooo.klae.connex.backend.controllers.ConnectorConfigController#save	authenticated	MVC workspace resolution attempted for authenticated User; effective scope delegated	ConnectorConfigService#save:WORKSPACE_SETTINGS	params=[];headers=[];version=;consumes=[];produces=[] / params=[];headers=[];version=;consumes=[];produces=[]	false	unversioned	Backend maintainers	not measured; see API_SURFACE.md	not scheduled
OPTIONS	/api/delivery/connectors/{connector}	ooo.klae.connex.backend.controllers.ConnectorConfigController#delete	authenticated	MVC workspace resolution attempted for authenticated User; effective scope delegated	ConnectorConfigService#delete:WORKSPACE_SETTINGS	params=[];headers=[];version=;consumes=[];produces=[] / params=[];headers=[];version=;consumes=[];produces=[]	false	unversioned	Backend maintainers	not measured; see API_SURFACE.md	not scheduled
OPTIONS	/api/delivery/providers	ooo.klae.connex.backend.controllers.DeliveryProviderConfigController#list	authenticated	MVC workspace resolution attempted for authenticated User; effective scope delegated	DeliveryProviderConfigService#list:WORKSPACE_SETTINGS	params=[];headers=[];version=;consumes=[];produces=[] / params=[];headers=[];version=;consumes=[];produces=[]	false	unversioned	Backend maintainers	not measured; see API_SURFACE.md	not scheduled
OPTIONS	/api/delivery/providers	ooo.klae.connex.backend.controllers.DeliveryProviderConfigController#save	authenticated	MVC workspace resolution attempted for authenticated User; effective scope delegated	DeliveryProviderConfigService#save:WORKSPACE_SETTINGS	params=[];headers=[];version=;consumes=[];produces=[] / params=[];headers=[];version=;consumes=[];produces=[]	false	unversioned	Backend maintainers	not measured; see API_SURFACE.md	not scheduled
OPTIONS	/api/delivery/providers/{channel}	ooo.klae.connex.backend.controllers.DeliveryProviderConfigController#delete	authenticated	MVC workspace resolution attempted for authenticated User; effective scope delegated	DeliveryProviderConfigService#delete:WORKSPACE_SETTINGS	params=[];headers=[];version=;consumes=[];produces=[] / params=[];headers=[];version=;consumes=[];produces=[]	false	unversioned	Backend maintainers	not measured; see API_SURFACE.md	not scheduled
OPTIONS	/api/delivery/providers/{channel}/webhook-token	ooo.klae.connex.backend.controllers.DeliveryProviderConfigController#issueWebhookToken	authenticated	MVC workspace resolution attempted for authenticated User; effective scope delegated	DeliveryProviderConfigService#issueWebhookToken:WORKSPACE_SETTINGS	params=[];headers=[];version=;consumes=[];produces=[] / params=[];headers=[];version=;consumes=[];produces=[]	false	unversioned	Backend maintainers	not measured; see API_SURFACE.md	not scheduled
OPTIONS	/api/delivery/unsubscribe	ooo.klae.connex.backend.controllers.DeliveryUnsubscribeController#preview	permitAll	MVC workspace resolution attempted for authenticated User; effective scope delegated	DeliveryUnsubscribeService#preview:domain authorization; OneTimeLinkFlowService#requireFlow:domain authorization	params=[];headers=[];version=;consumes=[];produces=[] / params=[];headers=[];version=;consumes=[];produces=[]	false	unversioned	Backend maintainers	not measured; see API_SURFACE.md	not scheduled
OPTIONS	/api/delivery/unsubscribe	ooo.klae.connex.backend.controllers.DeliveryUnsubscribeController#unsubscribe	permitAll	MVC workspace resolution attempted for authenticated User; effective scope delegated	DeliveryUnsubscribeService#unsubscribe:domain authorization; OneTimeLinkFlowService#requireBoundFlow:domain authorization	params=[];headers=[];version=;consumes=[];produces=[] / params=[];headers=[];version=;consumes=[];produces=[]	false	unversioned	Backend maintainers	not measured; see API_SURFACE.md	not scheduled
OPTIONS	/api/delivery/unsubscribe/exchange	ooo.klae.connex.backend.controllers.DeliveryUnsubscribeController#exchange	permitAll	MVC workspace resolution attempted for authenticated User; effective scope delegated	DeliveryUnsubscribeService#exchange:domain authorization; OneTimeLinkFlowCookie#set:domain authorization; OneTimeLinkFlowService#issue:domain authorization	params=[];headers=[];version=;consumes=[];produces=[] / params=[];headers=[];version=;consumes=[];produces=[]	false	unversioned	Backend maintainers	not measured; see API_SURFACE.md	not scheduled
OPTIONS	/api/delivery/webhooks/{provider}/{token}	ooo.klae.connex.backend.controllers.DeliveryWebhookController#ingest	permitAll	MVC workspace resolution attempted for authenticated User; effective scope delegated	DeliveryWebhookService#ingest:domain authorization	params=[];headers=[];version=;consumes=[];produces=[] / params=[];headers=[];version=;consumes=[];produces=[]	false	unversioned	Backend maintainers	not measured; see API_SURFACE.md	not scheduled
OPTIONS	/api/disqualification-reasons	ooo.klae.connex.backend.controllers.DisqualificationReasonController#create	authenticated	MVC workspace resolution attempted for authenticated User; effective scope delegated	DisqualificationReasonService#create:WORKSPACE_SETTINGS	params=[];headers=[];version=;consumes=[];produces=[] / params=[];headers=[];version=;consumes=[];produces=[]	false	unversioned	Backend maintainers	not measured; see API_SURFACE.md	not scheduled
OPTIONS	/api/disqualification-reasons	ooo.klae.connex.backend.controllers.DisqualificationReasonController#getReasons	authenticated	MVC workspace resolution attempted for authenticated User; effective scope delegated	DisqualificationReasonService#getActive:domain authorization; DisqualificationReasonService#getAll:domain authorization	params=[];headers=[];version=;consumes=[];produces=[] / params=[];headers=[];version=;consumes=[];produces=[]	false	unversioned	Backend maintainers	not measured; see API_SURFACE.md	not scheduled
OPTIONS	/api/disqualification-reasons/{id}	ooo.klae.connex.backend.controllers.DisqualificationReasonController#archive	authenticated	MVC workspace resolution attempted for authenticated User; effective scope delegated	DisqualificationReasonService#archive:WORKSPACE_SETTINGS	params=[];headers=[];version=;consumes=[];produces=[] / params=[];headers=[];version=;consumes=[];produces=[]	false	unversioned	Backend maintainers	not measured; see API_SURFACE.md	not scheduled
OPTIONS	/api/disqualification-reasons/{id}	ooo.klae.connex.backend.controllers.DisqualificationReasonController#update	authenticated	MVC workspace resolution attempted for authenticated User; effective scope delegated	DisqualificationReasonService#update:WORKSPACE_SETTINGS	params=[];headers=[];version=;consumes=[];produces=[] / params=[];headers=[];version=;consumes=[];produces=[]	false	unversioned	Backend maintainers	not measured; see API_SURFACE.md	not scheduled
OPTIONS	/api/disqualification-reasons/{id}/restore	ooo.klae.connex.backend.controllers.DisqualificationReasonController#restore	authenticated	MVC workspace resolution attempted for authenticated User; effective scope delegated	DisqualificationReasonService#restore:WORKSPACE_SETTINGS	params=[];headers=[];version=;consumes=[];produces=[] / params=[];headers=[];version=;consumes=[];produces=[]	false	unversioned	Backend maintainers	not measured; see API_SURFACE.md	not scheduled
OPTIONS	/api/document-acceptance	ooo.klae.connex.backend.controllers.DocumentAcceptanceController#preview	permitAll	MVC workspace resolution attempted for authenticated User; effective scope delegated	ClientIpResolver#resolve:domain authorization; DocumentAcceptanceService#admitGrant:domain authorization; DocumentAcceptanceService#preview:domain authorization	params=[];headers=[];version=;consumes=[];produces=[] / params=[];headers=[];version=;consumes=[];produces=[]	false	unversioned	Backend maintainers	not measured; see API_SURFACE.md	not scheduled
OPTIONS	/api/document-acceptance/accept	ooo.klae.connex.backend.controllers.DocumentAcceptanceController#accept	permitAll	MVC workspace resolution attempted for authenticated User; effective scope delegated	ClientIpResolver#resolve:domain authorization; DocumentAcceptanceService#accept:domain authorization; DocumentAcceptanceService#admitGrant:domain authorization	params=[];headers=[];version=;consumes=[];produces=[] / params=[];headers=[];version=;consumes=[];produces=[]	false	unversioned	Backend maintainers	not measured; see API_SURFACE.md	not scheduled
OPTIONS	/api/document-acceptance/decline	ooo.klae.connex.backend.controllers.DocumentAcceptanceController#decline	permitAll	MVC workspace resolution attempted for authenticated User; effective scope delegated	ClientIpResolver#resolve:domain authorization; DocumentAcceptanceService#admitGrant:domain authorization; DocumentAcceptanceService#decline:domain authorization	params=[];headers=[];version=;consumes=[];produces=[] / params=[];headers=[];version=;consumes=[];produces=[]	false	unversioned	Backend maintainers	not measured; see API_SURFACE.md	not scheduled
OPTIONS	/api/document-acceptance/exchange	ooo.klae.connex.backend.controllers.DocumentAcceptanceController#exchange	permitAll	MVC workspace resolution attempted for authenticated User; effective scope delegated	ClientIpResolver#resolve:domain authorization; DocumentAcceptanceService#exchange:domain authorization; OneTimeLinkFlowCookie#set:domain authorization; OneTimeLinkFlowService#issueRouted:domain authorization	params=[];headers=[];version=;consumes=[];produces=[] / params=[];headers=[];version=;consumes=[];produces=[]	false	unversioned	Backend maintainers	not measured; see API_SURFACE.md	not scheduled
OPTIONS	/api/document-acceptance/viewed	ooo.klae.connex.backend.controllers.DocumentAcceptanceController#markViewed	permitAll	MVC workspace resolution attempted for authenticated User; effective scope delegated	ClientIpResolver#resolve:domain authorization; DocumentAcceptanceService#admitGrant:domain authorization; DocumentAcceptanceService#markViewed:domain authorization	params=[];headers=[];version=;consumes=[];produces=[] / params=[];headers=[];version=;consumes=[];produces=[]	false	unversioned	Backend maintainers	not measured; see API_SURFACE.md	not scheduled
OPTIONS	/api/document-signature/webhooks/{provider}	ooo.klae.connex.backend.controllers.DocumentSignatureWebhookController#ingest	permitAll	MVC workspace resolution attempted for authenticated User; effective scope delegated	DocumentSignatureWebhookService#ingest:domain authorization	params=[];headers=[];version=;consumes=[];produces=[] / params=[];headers=[];version=;consumes=[];produces=[]	false	unversioned	Backend maintainers	not measured; see API_SURFACE.md	not scheduled
OPTIONS	/api/document-templates	ooo.klae.connex.backend.controllers.DocumentTemplateController#create	authenticated	MVC workspace resolution attempted for authenticated User; effective scope delegated	DocumentTemplateService#create:DOCUMENT_MANAGE	params=[];headers=[];version=;consumes=[];produces=[] / params=[];headers=[];version=;consumes=[];produces=[]	false	unversioned	Backend maintainers	not measured; see API_SURFACE.md	not scheduled
OPTIONS	/api/document-templates	ooo.klae.connex.backend.controllers.DocumentTemplateController#getAll	authenticated	MVC workspace resolution attempted for authenticated User; effective scope delegated	DocumentTemplateService#getAll:domain authorization	params=[];headers=[];version=;consumes=[];produces=[] / params=[];headers=[];version=;consumes=[];produces=[]	false	unversioned	Backend maintainers	not measured; see API_SURFACE.md	not scheduled
OPTIONS	/api/document-templates/{id}	ooo.klae.connex.backend.controllers.DocumentTemplateController#delete	authenticated	MVC workspace resolution attempted for authenticated User; effective scope delegated	DocumentTemplateService#delete:DOCUMENT_MANAGE	params=[];headers=[];version=;consumes=[];produces=[] / params=[];headers=[];version=;consumes=[];produces=[]	false	unversioned	Backend maintainers	not measured; see API_SURFACE.md	not scheduled
OPTIONS	/api/document-templates/{id}	ooo.klae.connex.backend.controllers.DocumentTemplateController#getById	authenticated	MVC workspace resolution attempted for authenticated User; effective scope delegated	DocumentTemplateService#getById:domain authorization	params=[];headers=[];version=;consumes=[];produces=[] / params=[];headers=[];version=;consumes=[];produces=[]	false	unversioned	Backend maintainers	not measured; see API_SURFACE.md	not scheduled
OPTIONS	/api/document-templates/{id}	ooo.klae.connex.backend.controllers.DocumentTemplateController#update	authenticated	MVC workspace resolution attempted for authenticated User; effective scope delegated	DocumentTemplateService#update:DOCUMENT_MANAGE	params=[];headers=[];version=;consumes=[];produces=[] / params=[];headers=[];version=;consumes=[];produces=[]	false	unversioned	Backend maintainers	not measured; see API_SURFACE.md	not scheduled
OPTIONS	/api/documents	ooo.klae.connex.backend.controllers.GeneratedDocumentController#getDocumentsPage	authenticated	MVC workspace resolution attempted for authenticated User; effective scope delegated	DealDocumentService#getWorkspacePage:domain authorization; MemberScopeResolver#resolve:domain authorization; WorkspaceService#getCurrentUserId:domain authorization	params=[];headers=[];version=;consumes=[];produces=[] / params=[];headers=[];version=;consumes=[];produces=[]	false	unversioned	Backend maintainers	not measured; see API_SURFACE.md	not scheduled
OPTIONS	/api/duplicate-preflight/companies	ooo.klae.connex.backend.controllers.DuplicatePreflightController#companies	authenticated	MVC workspace resolution attempted for authenticated User; effective scope delegated	COMPANY_CREATE; DuplicatePreflightService#preflightCompany:COMPANY_CREATE	params=[];headers=[];version=;consumes=[];produces=[] / params=[];headers=[];version=;consumes=[];produces=[]	false	unversioned	Backend maintainers	not measured; see API_SURFACE.md	not scheduled
OPTIONS	/api/duplicate-preflight/deals	ooo.klae.connex.backend.controllers.DuplicatePreflightController#deals	authenticated	MVC workspace resolution attempted for authenticated User; effective scope delegated	DEAL_CREATE; DuplicatePreflightService#preflightDeal:DEAL_CREATE	params=[];headers=[];version=;consumes=[];produces=[] / params=[];headers=[];version=;consumes=[];produces=[]	false	unversioned	Backend maintainers	not measured; see API_SURFACE.md	not scheduled
OPTIONS	/api/duplicate-preflight/persons	ooo.klae.connex.backend.controllers.DuplicatePreflightController#persons	authenticated	MVC workspace resolution attempted for authenticated User; effective scope delegated	DuplicatePreflightService#preflightPerson:PERSON_CREATE; PERSON_CREATE	params=[];headers=[];version=;consumes=[];produces=[] / params=[];headers=[];version=;consumes=[];produces=[]	false	unversioned	Backend maintainers	not measured; see API_SURFACE.md	not scheduled
OPTIONS	/api/duplicate-reviews	ooo.klae.connex.backend.controllers.DuplicateReviewController#list	authenticated	MVC workspace resolution attempted for authenticated User; effective scope delegated	DuplicateReviewService#list:REPORT_READ; REPORT_READ	params=[];headers=[];version=;consumes=[];produces=[] / params=[];headers=[];version=;consumes=[];produces=[]	false	unversioned	Backend maintainers	not measured; see API_SURFACE.md	not scheduled
OPTIONS	/api/duplicate-reviews/dismiss	ooo.klae.connex.backend.controllers.DuplicateReviewController#dismiss	authenticated	MVC workspace resolution attempted for authenticated User; effective scope delegated	DuplicateReviewService#dismiss:REPORT_READ; REPORT_READ	params=[];headers=[];version=;consumes=[];produces=[] / params=[];headers=[];version=;consumes=[];produces=[]	false	unversioned	Backend maintainers	not measured; see API_SURFACE.md	not scheduled
OPTIONS	/api/duplicate-reviews/reopen	ooo.klae.connex.backend.controllers.DuplicateReviewController#reopen	authenticated	MVC workspace resolution attempted for authenticated User; effective scope delegated	DuplicateReviewService#reopen:REPORT_READ; REPORT_READ	params=[];headers=[];version=;consumes=[];produces=[] / params=[];headers=[];version=;consumes=[];produces=[]	false	unversioned	Backend maintainers	not measured; see API_SURFACE.md	not scheduled
OPTIONS	/api/duplicate-reviews/summary	ooo.klae.connex.backend.controllers.DuplicateReviewController#summary	authenticated	MVC workspace resolution attempted for authenticated User; effective scope delegated	DuplicateReviewService#summary:REPORT_READ; REPORT_READ	params=[];headers=[];version=;consumes=[];produces=[] / params=[];headers=[];version=;consumes=[];produces=[]	false	unversioned	Backend maintainers	not measured; see API_SURFACE.md	not scheduled
OPTIONS	/api/exports/companies	ooo.klae.connex.backend.controllers.ExportController#exportCompanies	authenticated	MVC workspace resolution attempted for authenticated User; effective scope delegated	ExportService#exportCompanies:domain authorization; WarmthFilterResolver#resolve:domain authorization	params=[];headers=[];version=;consumes=[];produces=[] / params=[];headers=[];version=;consumes=[];produces=[]	false	unversioned	Backend maintainers	not measured; see API_SURFACE.md	not scheduled
OPTIONS	/api/exports/deals	ooo.klae.connex.backend.controllers.ExportController#exportDeals	authenticated	MVC workspace resolution attempted for authenticated User; effective scope delegated	ExportService#exportDeals:domain authorization	params=[];headers=[];version=;consumes=[];produces=[] / params=[];headers=[];version=;consumes=[];produces=[]	false	unversioned	Backend maintainers	not measured; see API_SURFACE.md	not scheduled
OPTIONS	/api/exports/deals/segment	ooo.klae.connex.backend.controllers.ExportController#exportSegmentDeals	authenticated	MVC workspace resolution attempted for authenticated User; effective scope delegated	ExportService#exportSegmentDeals:domain authorization	params=[];headers=[];version=;consumes=[];produces=[] / params=[];headers=[];version=;consumes=[];produces=[]	false	unversioned	Backend maintainers	not measured; see API_SURFACE.md	not scheduled
OPTIONS	/api/exports/persons	ooo.klae.connex.backend.controllers.ExportController#exportPersons	authenticated	MVC workspace resolution attempted for authenticated User; effective scope delegated	ExportService#exportPersons:domain authorization; WarmthFilterResolver#resolve:domain authorization	params=[];headers=[];version=;consumes=[];produces=[] / params=[];headers=[];version=;consumes=[];produces=[]	false	unversioned	Backend maintainers	not measured; see API_SURFACE.md	not scheduled
OPTIONS	/api/exports/products	ooo.klae.connex.backend.controllers.ExportController#exportProducts	authenticated	MVC workspace resolution attempted for authenticated User; effective scope delegated	ExportService#exportProducts:domain authorization	params=[];headers=[];version=;consumes=[];produces=[] / params=[];headers=[];version=;consumes=[];produces=[]	false	unversioned	Backend maintainers	not measured; see API_SURFACE.md	not scheduled
OPTIONS	/api/goals	ooo.klae.connex.backend.controllers.GoalController#create	authenticated	MVC workspace resolution attempted for authenticated User; effective scope delegated	GOAL_MANAGE; GoalService#create:GOAL_MANAGE	params=[];headers=[];version=;consumes=[];produces=[] / params=[];headers=[];version=;consumes=[];produces=[]	false	unversioned	Backend maintainers	not measured; see API_SURFACE.md	not scheduled
OPTIONS	/api/goals	ooo.klae.connex.backend.controllers.GoalController#list	authenticated	MVC workspace resolution attempted for authenticated User; effective scope delegated	GOAL_READ; GoalService#list:GOAL_READ	params=[];headers=[];version=;consumes=[];produces=[] / params=[];headers=[];version=;consumes=[];produces=[]	false	unversioned	Backend maintainers	not measured; see API_SURFACE.md	not scheduled
OPTIONS	/api/goals/{id}	ooo.klae.connex.backend.controllers.GoalController#delete	authenticated	MVC workspace resolution attempted for authenticated User; effective scope delegated	GOAL_MANAGE; GoalService#delete:GOAL_MANAGE	params=[];headers=[];version=;consumes=[];produces=[] / params=[];headers=[];version=;consumes=[];produces=[]	false	unversioned	Backend maintainers	not measured; see API_SURFACE.md	not scheduled
OPTIONS	/api/goals/{id}	ooo.klae.connex.backend.controllers.GoalController#get	authenticated	MVC workspace resolution attempted for authenticated User; effective scope delegated	GOAL_READ; GoalService#get:GOAL_READ	params=[];headers=[];version=;consumes=[];produces=[] / params=[];headers=[];version=;consumes=[];produces=[]	false	unversioned	Backend maintainers	not measured; see API_SURFACE.md	not scheduled
OPTIONS	/api/goals/{id}	ooo.klae.connex.backend.controllers.GoalController#update	authenticated	MVC workspace resolution attempted for authenticated User; effective scope delegated	GOAL_MANAGE; GoalService#update:GOAL_MANAGE	params=[];headers=[];version=;consumes=[];produces=[] / params=[];headers=[];version=;consumes=[];produces=[]	false	unversioned	Backend maintainers	not measured; see API_SURFACE.md	not scheduled
OPTIONS	/api/health	ooo.klae.connex.backend.controllers.HealthController#health	authenticated	no MVC workspace resolution; domain scope if applicable	controller/filter boundary; no direct annotated service call	params=[];headers=[];version=;consumes=[];produces=[] / params=[];headers=[];version=;consumes=[];produces=[]	false	unversioned	Backend maintainers	not measured; see API_SURFACE.md	not scheduled
OPTIONS	/api/health/ready	ooo.klae.connex.backend.controllers.HealthController#ready	authenticated	no MVC workspace resolution; domain scope if applicable	HealthService#readiness:domain authorization	params=[];headers=[];version=;consumes=[];produces=[] / params=[];headers=[];version=;consumes=[];produces=[]	false	unversioned	Backend maintainers	not measured; see API_SURFACE.md	not scheduled
OPTIONS	/api/identity-collisions	ooo.klae.connex.backend.controllers.IdentityCollisionController#list	authenticated	MVC workspace resolution attempted for authenticated User; effective scope delegated	IdentityCollisionService#list:REPORT_READ; REPORT_READ	params=[];headers=[];version=;consumes=[];produces=[] / params=[];headers=[];version=;consumes=[];produces=[]	false	unversioned	Backend maintainers	not measured; see API_SURFACE.md	not scheduled
OPTIONS	/api/identity-collisions/members/query	ooo.klae.connex.backend.controllers.IdentityCollisionController#listMembers	authenticated	MVC workspace resolution attempted for authenticated User; effective scope delegated	IdentityCollisionService#listMembers:REPORT_READ; REPORT_READ	params=[];headers=[];version=;consumes=[];produces=[] / params=[];headers=[];version=;consumes=[];produces=[]	false	unversioned	Backend maintainers	not measured; see API_SURFACE.md	not scheduled
OPTIONS	/api/imports/companies	ooo.klae.connex.backend.controllers.ImportController#importCompanies	authenticated	MVC workspace resolution attempted for authenticated User; effective scope delegated	ImportService#commitCompanies:COMPANY_CREATE	params=[];headers=[];version=;consumes=[];produces=[] / params=[];headers=[];version=;consumes=[];produces=[]	false	unversioned	Backend maintainers	not measured; see API_SURFACE.md	not scheduled
OPTIONS	/api/imports/companies/preview	ooo.klae.connex.backend.controllers.ImportController#previewCompanies	authenticated	MVC workspace resolution attempted for authenticated User; effective scope delegated	ImportService#previewCompanies:COMPANY_CREATE	params=[];headers=[];version=;consumes=[];produces=[] / params=[];headers=[];version=;consumes=[];produces=[]	false	unversioned	Backend maintainers	not measured; see API_SURFACE.md	not scheduled
OPTIONS	/api/imports/deals	ooo.klae.connex.backend.controllers.ImportController#importDeals	authenticated	MVC workspace resolution attempted for authenticated User; effective scope delegated	ImportService#commitDeals:DEAL_CREATE	params=[];headers=[];version=;consumes=[];produces=[] / params=[];headers=[];version=;consumes=[];produces=[]	false	unversioned	Backend maintainers	not measured; see API_SURFACE.md	not scheduled
OPTIONS	/api/imports/deals/preview	ooo.klae.connex.backend.controllers.ImportController#previewDeals	authenticated	MVC workspace resolution attempted for authenticated User; effective scope delegated	ImportService#previewDeals:DEAL_CREATE	params=[];headers=[];version=;consumes=[];produces=[] / params=[];headers=[];version=;consumes=[];produces=[]	false	unversioned	Backend maintainers	not measured; see API_SURFACE.md	not scheduled
OPTIONS	/api/imports/history/activities	ooo.klae.connex.backend.controllers.InteractionHistoryImportController#importActivities	authenticated	MVC workspace resolution attempted for authenticated User; effective scope delegated	InteractionHistoryImportService#commitActivities:ACTIVITY_CREATE	params=[];headers=[];version=;consumes=[];produces=[] / params=[];headers=[];version=;consumes=[];produces=[]	false	unversioned	Backend maintainers	not measured; see API_SURFACE.md	not scheduled
OPTIONS	/api/imports/history/activities/preview	ooo.klae.connex.backend.controllers.InteractionHistoryImportController#previewActivities	authenticated	MVC workspace resolution attempted for authenticated User; effective scope delegated	InteractionHistoryImportService#previewActivities:ACTIVITY_CREATE	params=[];headers=[];version=;consumes=[];produces=[] / params=[];headers=[];version=;consumes=[];produces=[]	false	unversioned	Backend maintainers	not measured; see API_SURFACE.md	not scheduled
OPTIONS	/api/imports/history/notes	ooo.klae.connex.backend.controllers.InteractionHistoryImportController#importNotes	authenticated	MVC workspace resolution attempted for authenticated User; effective scope delegated	InteractionHistoryImportService#commitNotes:NOTE_CREATE	params=[];headers=[];version=;consumes=[];produces=[] / params=[];headers=[];version=;consumes=[];produces=[]	false	unversioned	Backend maintainers	not measured; see API_SURFACE.md	not scheduled
OPTIONS	/api/imports/history/notes/preview	ooo.klae.connex.backend.controllers.InteractionHistoryImportController#previewNotes	authenticated	MVC workspace resolution attempted for authenticated User; effective scope delegated	InteractionHistoryImportService#previewNotes:NOTE_CREATE	params=[];headers=[];version=;consumes=[];produces=[] / params=[];headers=[];version=;consumes=[];produces=[]	false	unversioned	Backend maintainers	not measured; see API_SURFACE.md	not scheduled
OPTIONS	/api/imports/history/tasks	ooo.klae.connex.backend.controllers.InteractionHistoryImportController#importTasks	authenticated	MVC workspace resolution attempted for authenticated User; effective scope delegated	InteractionHistoryImportService#commitTasks:TASK_CREATE	params=[];headers=[];version=;consumes=[];produces=[] / params=[];headers=[];version=;consumes=[];produces=[]	false	unversioned	Backend maintainers	not measured; see API_SURFACE.md	not scheduled
OPTIONS	/api/imports/history/tasks/preview	ooo.klae.connex.backend.controllers.InteractionHistoryImportController#previewTasks	authenticated	MVC workspace resolution attempted for authenticated User; effective scope delegated	InteractionHistoryImportService#previewTasks:TASK_CREATE	params=[];headers=[];version=;consumes=[];produces=[] / params=[];headers=[];version=;consumes=[];produces=[]	false	unversioned	Backend maintainers	not measured; see API_SURFACE.md	not scheduled
OPTIONS	/api/imports/persons	ooo.klae.connex.backend.controllers.ImportController#importPersons	authenticated	MVC workspace resolution attempted for authenticated User; effective scope delegated	ImportService#commitPersons:PERSON_CREATE	params=[];headers=[];version=;consumes=[];produces=[] / params=[];headers=[];version=;consumes=[];produces=[]	false	unversioned	Backend maintainers	not measured; see API_SURFACE.md	not scheduled
OPTIONS	/api/imports/persons/preview	ooo.klae.connex.backend.controllers.ImportController#previewPersons	authenticated	MVC workspace resolution attempted for authenticated User; effective scope delegated	ImportService#previewPersons:PERSON_CREATE	params=[];headers=[];version=;consumes=[];produces=[] / params=[];headers=[];version=;consumes=[];produces=[]	false	unversioned	Backend maintainers	not measured; see API_SURFACE.md	not scheduled
OPTIONS	/api/imports/products	ooo.klae.connex.backend.controllers.ProductImportController#importProducts	authenticated	MVC workspace resolution attempted for authenticated User; effective scope delegated	ProductImportService#commitProducts:PRODUCT_MANAGE	params=[];headers=[];version=;consumes=[];produces=[] / params=[];headers=[];version=;consumes=[];produces=[]	false	unversioned	Backend maintainers	not measured; see API_SURFACE.md	not scheduled
OPTIONS	/api/imports/products/preview	ooo.klae.connex.backend.controllers.ProductImportController#previewProducts	authenticated	MVC workspace resolution attempted for authenticated User; effective scope delegated	ProductImportService#previewProducts:PRODUCT_MANAGE	params=[];headers=[];version=;consumes=[];produces=[] / params=[];headers=[];version=;consumes=[];produces=[]	false	unversioned	Backend maintainers	not measured; see API_SURFACE.md	not scheduled
OPTIONS	/api/introductions	ooo.klae.connex.backend.controllers.IntroductionController#getLineage	authenticated	MVC workspace resolution attempted for authenticated User; effective scope delegated	IntroductionService#getLineage:domain authorization	params=[];headers=[];version=;consumes=[];produces=[] / params=[];headers=[];version=;consumes=[];produces=[]	false	unversioned	Backend maintainers	not measured; see API_SURFACE.md	not scheduled
OPTIONS	/api/introductions	ooo.klae.connex.backend.controllers.IntroductionController#recordIntroduction	authenticated	MVC workspace resolution attempted for authenticated User; effective scope delegated	IntroductionService#createIntroduction:PERSON_UPDATE	params=[];headers=[];version=;consumes=[];produces=[] / params=[];headers=[];version=;consumes=[];produces=[]	false	unversioned	Backend maintainers	not measured; see API_SURFACE.md	not scheduled
OPTIONS	/api/introductions/dismiss	ooo.klae.connex.backend.controllers.IntroductionController#dismissSuggestion	authenticated	MVC workspace resolution attempted for authenticated User; effective scope delegated	IntroductionService#dismissSuggestion:PERSON_UPDATE	params=[];headers=[];version=;consumes=[];produces=[] / params=[];headers=[];version=;consumes=[];produces=[]	false	unversioned	Backend maintainers	not measured; see API_SURFACE.md	not scheduled
OPTIONS	/api/introductions/overview	ooo.klae.connex.backend.controllers.IntroductionController#getOverview	authenticated	MVC workspace resolution attempted for authenticated User; effective scope delegated	IntroductionService#getOverview:domain authorization	params=[];headers=[];version=;consumes=[];produces=[] / params=[];headers=[];version=;consumes=[];produces=[]	false	unversioned	Backend maintainers	not measured; see API_SURFACE.md	not scheduled
OPTIONS	/api/introductions/paths	ooo.klae.connex.backend.controllers.IntroductionController#getPaths	authenticated	MVC workspace resolution attempted for authenticated User; effective scope delegated	WarmPathService#getPaths:domain authorization	params=[];headers=[];version=;consumes=[];produces=[] / params=[];headers=[];version=;consumes=[];produces=[]	false	unversioned	Backend maintainers	not measured; see API_SURFACE.md	not scheduled
OPTIONS	/api/introductions/paths/accept	ooo.klae.connex.backend.controllers.IntroductionController#acceptPath	authenticated	MVC workspace resolution attempted for authenticated User; effective scope delegated	WarmPathService#acceptPath:PERSON_UPDATE	params=[];headers=[];version=;consumes=[];produces=[] / params=[];headers=[];version=;consumes=[];produces=[]	false	unversioned	Backend maintainers	not measured; see API_SURFACE.md	not scheduled
OPTIONS	/api/introductions/paths/dismiss	ooo.klae.connex.backend.controllers.IntroductionController#dismissPath	authenticated	MVC workspace resolution attempted for authenticated User; effective scope delegated	WarmPathService#dismissPath:PERSON_UPDATE	params=[];headers=[];version=;consumes=[];produces=[] / params=[];headers=[];version=;consumes=[];produces=[]	false	unversioned	Backend maintainers	not measured; see API_SURFACE.md	not scheduled
OPTIONS	/api/introductions/suggestions	ooo.klae.connex.backend.controllers.IntroductionController#getSuggestions	authenticated	MVC workspace resolution attempted for authenticated User; effective scope delegated	IntroductionService#getSuggestions:domain authorization	params=[];headers=[];version=;consumes=[];produces=[] / params=[];headers=[];version=;consumes=[];produces=[]	false	unversioned	Backend maintainers	not measured; see API_SURFACE.md	not scheduled
OPTIONS	/api/introductions/suggestions/rationale	ooo.klae.connex.backend.controllers.IntroductionController#rationale	authenticated	MVC workspace resolution attempted for authenticated User; effective scope delegated	AiGenerationAdapterService#startIntroRationale:domain authorization	params=[];headers=[];version=;consumes=[];produces=[] / params=[];headers=[];version=;consumes=[];produces=[]	false	unversioned	Backend maintainers	not measured; see API_SURFACE.md	not scheduled
OPTIONS	/api/invite-links	ooo.klae.connex.backend.controllers.InviteLinkController#preview	authenticated	MVC workspace resolution attempted for authenticated User; effective scope delegated	InviteLinkService#previewLinkByHash:domain authorization; OneTimeLinkFlowService#requireFlow:domain authorization	params=[];headers=[];version=;consumes=[];produces=[] / params=[];headers=[];version=;consumes=[];produces=[]	false	unversioned	Backend maintainers	not measured; see API_SURFACE.md	not scheduled
OPTIONS	/api/invite-links/accept	ooo.klae.connex.backend.controllers.InviteLinkController#accept	authenticated	MVC workspace resolution attempted for authenticated User; effective scope delegated	AuthService#getCurrentUser:domain authorization; InviteLinkService#redeemLinkByHash:domain authorization; OneTimeLinkFlowCookie#clear:domain authorization; OneTimeLinkFlowService#consumeBound:domain authorization; WorkspaceCookie#set:domain authorization	params=[];headers=[];version=;consumes=[];produces=[] / params=[];headers=[];version=;consumes=[];produces=[]	false	unversioned	Backend maintainers	not measured; see API_SURFACE.md	not scheduled
OPTIONS	/api/invite-links/exchange	ooo.klae.connex.backend.controllers.InviteLinkController#exchange	authenticated	MVC workspace resolution attempted for authenticated User; effective scope delegated	InviteLinkService#exchangeToken:domain authorization; OneTimeLinkFlowCookie#set:domain authorization; OneTimeLinkFlowService#issue:domain authorization	params=[];headers=[];version=;consumes=[];produces=[] / params=[];headers=[];version=;consumes=[];produces=[]	false	unversioned	Backend maintainers	not measured; see API_SURFACE.md	not scheduled
OPTIONS	/api/invites	ooo.klae.connex.backend.controllers.InviteController#preview	authenticated	MVC workspace resolution attempted for authenticated User; effective scope delegated	InviteService#previewInviteByHash:domain authorization; OneTimeLinkFlowService#requireFlow:domain authorization	params=[];headers=[];version=;consumes=[];produces=[] / params=[];headers=[];version=;consumes=[];produces=[]	false	unversioned	Backend maintainers	not measured; see API_SURFACE.md	not scheduled
OPTIONS	/api/invites/accept	ooo.klae.connex.backend.controllers.InviteController#accept	authenticated	MVC workspace resolution attempted for authenticated User; effective scope delegated	AuthService#getCurrentUser:domain authorization; InviteService#acceptInviteByHash:domain authorization; OneTimeLinkFlowCookie#clear:domain authorization; OneTimeLinkFlowService#consumeBound:domain authorization; WorkspaceCookie#set:domain authorization	params=[];headers=[];version=;consumes=[];produces=[] / params=[];headers=[];version=;consumes=[];produces=[]	false	unversioned	Backend maintainers	not measured; see API_SURFACE.md	not scheduled
OPTIONS	/api/invites/exchange	ooo.klae.connex.backend.controllers.InviteController#exchange	authenticated	MVC workspace resolution attempted for authenticated User; effective scope delegated	InviteService#exchangeToken:domain authorization; OneTimeLinkFlowCookie#set:domain authorization; OneTimeLinkFlowService#exchangeOwnerHash:domain authorization; OneTimeLinkFlowService#issue:domain authorization	params=[];headers=[];version=;consumes=[];produces=[] / params=[];headers=[];version=;consumes=[];produces=[]	false	unversioned	Backend maintainers	not measured; see API_SURFACE.md	not scheduled
OPTIONS	/api/login/oauth2/code/*	OAuth2LoginAuthenticationFilter	permitAll; OAuth state/code verification	no MVC workspace resolution; handler-owned scope	framework authentication protocol	filter/handshake route; CSRF policy and protocol validation apply	false	unversioned	Backend maintainers	not measured; see API_SURFACE.md	not scheduled
OPTIONS	/api/login/saml2/sso/{registrationId}	Saml2WebSsoAuthenticationFilter	permitAll; SSO enabled; signed solicited response	no MVC workspace resolution; handler-owned scope	framework authentication protocol	filter/handshake route; CSRF policy and protocol validation apply	false	unversioned	Backend maintainers	not measured; see API_SURFACE.md	not scheduled
OPTIONS	/api/mail/managed	ooo.klae.connex.backend.controllers.MailManagedController#managed	authenticated	no MVC workspace resolution; domain scope if applicable	MailProperties#isManaged:domain authorization	params=[];headers=[];version=;consumes=[];produces=[] / params=[];headers=[];version=;consumes=[];produces=[]	false	unversioned	Backend maintainers	not measured; see API_SURFACE.md	not scheduled
OPTIONS	/api/map/replay	ooo.klae.connex.backend.controllers.MapReplayController#replay	authenticated	MVC workspace resolution attempted for authenticated User; effective scope delegated	MapReplayService#buildReplay:domain authorization; WorkspaceService#getCurrentWorkspaceId:domain authorization	params=[];headers=[];version=;consumes=[];produces=[] / params=[];headers=[];version=;consumes=[];produces=[]	false	unversioned	Backend maintainers	not measured; see API_SURFACE.md	not scheduled
OPTIONS	/api/metrics	ooo.klae.connex.backend.controllers.MetricsController#metrics	hasAuthority:MetricsScrapeTokenFilter.SCRAPE_AUTHORITY	no MVC workspace resolution; domain scope if applicable	controller/filter boundary; no direct annotated service call	params=[];headers=[];version=;consumes=[];produces=[] / params=[];headers=[];version=;consumes=[];produces=[text/plain; version=0.0.4; charset=utf-8]	false	unversioned	Backend maintainers	not measured; see API_SURFACE.md	not scheduled
OPTIONS	/api/my-work	ooo.klae.connex.backend.controllers.MyWorkController#get	authenticated	MVC workspace resolution attempted for authenticated User; effective scope delegated	WorkItemService#getPage:domain authorization	params=[];headers=[];version=;consumes=[];produces=[] / params=[];headers=[];version=;consumes=[];produces=[]	false	unversioned	Backend maintainers	not measured; see API_SURFACE.md	not scheduled
OPTIONS	/api/my-work/document-approvals/{id}/decision	ooo.klae.connex.backend.controllers.MyWorkController#decideApproval	authenticated	MVC workspace resolution attempted for authenticated User; effective scope delegated	WorkItemService#decideApproval:domain authorization	params=[];headers=[];version=;consumes=[];produces=[] / params=[];headers=[];version=;consumes=[];produces=[]	false	unversioned	Backend maintainers	not measured; see API_SURFACE.md	not scheduled
OPTIONS	/api/my-work/notifications/{id}/dismiss	ooo.klae.connex.backend.controllers.MyWorkController#dismissNotification	authenticated	MVC workspace resolution attempted for authenticated User; effective scope delegated	WorkItemService#dismissNotification:domain authorization	params=[];headers=[];version=;consumes=[];produces=[] / params=[];headers=[];version=;consumes=[];produces=[]	false	unversioned	Backend maintainers	not measured; see API_SURFACE.md	not scheduled
OPTIONS	/api/my-work/notifications/{id}/snooze	ooo.klae.connex.backend.controllers.MyWorkController#snoozeNotification	authenticated	MVC workspace resolution attempted for authenticated User; effective scope delegated	WorkItemService#snoozeNotification:domain authorization	params=[];headers=[];version=;consumes=[];produces=[] / params=[];headers=[];version=;consumes=[];produces=[]	false	unversioned	Backend maintainers	not measured; see API_SURFACE.md	not scheduled
OPTIONS	/api/my-work/summary	ooo.klae.connex.backend.controllers.MyWorkController#summary	authenticated	MVC workspace resolution attempted for authenticated User; effective scope delegated	WorkItemService#summary:domain authorization	params=[];headers=[];version=;consumes=[];produces=[] / params=[];headers=[];version=;consumes=[];produces=[]	false	unversioned	Backend maintainers	not measured; see API_SURFACE.md	not scheduled
OPTIONS	/api/my-work/tasks/{id}/complete	ooo.klae.connex.backend.controllers.MyWorkController#completeTask	authenticated	MVC workspace resolution attempted for authenticated User; effective scope delegated	WorkItemService#completeTask:domain authorization	params=[];headers=[];version=;consumes=[];produces=[] / params=[];headers=[];version=;consumes=[];produces=[]	false	unversioned	Backend maintainers	not measured; see API_SURFACE.md	not scheduled
OPTIONS	/api/notes	ooo.klae.connex.backend.controllers.NoteController#createNote	authenticated	MVC workspace resolution attempted for authenticated User; effective scope delegated	NoteService#create:NOTE_CREATE	params=[];headers=[];version=;consumes=[];produces=[] / params=[];headers=[];version=;consumes=[];produces=[]	false	unversioned	Backend maintainers	not measured; see API_SURFACE.md	not scheduled
OPTIONS	/api/notes	ooo.klae.connex.backend.controllers.NoteController#getNotes	authenticated	MVC workspace resolution attempted for authenticated User; effective scope delegated	NoteService#getNotesByAuthorId:domain authorization; NoteService#getNotesByDealId:domain authorization; NoteService#getNotesByPersonId:domain authorization	params=[];headers=[];version=;consumes=[];produces=[] / params=[];headers=[];version=;consumes=[];produces=[]	false	unversioned	Backend maintainers	not measured; see API_SURFACE.md	not scheduled
OPTIONS	/api/notes/page	ooo.klae.connex.backend.controllers.NoteController#getNotesPage	authenticated	MVC workspace resolution attempted for authenticated User; effective scope delegated	NoteService#countNotes:domain authorization; NoteService#getNotesPage:domain authorization	params=[];headers=[];version=;consumes=[];produces=[] / params=[];headers=[];version=;consumes=[];produces=[]	false	unversioned	Backend maintainers	not measured; see API_SURFACE.md	not scheduled
OPTIONS	/api/notes/referencing	ooo.klae.connex.backend.controllers.NoteController#getNotesReferencing	authenticated	MVC workspace resolution attempted for authenticated User; effective scope delegated	NoteService#getNotesReferencing:domain authorization	params=[];headers=[];version=;consumes=[];produces=[] / params=[];headers=[];version=;consumes=[];produces=[]	false	unversioned	Backend maintainers	not measured; see API_SURFACE.md	not scheduled
OPTIONS	/api/notes/{id}	ooo.klae.connex.backend.controllers.NoteController#deleteNote	authenticated	MVC workspace resolution attempted for authenticated User; effective scope delegated	NoteService#delete:NOTE_DELETE	params=[];headers=[];version=;consumes=[];produces=[] / params=[];headers=[];version=;consumes=[];produces=[]	false	unversioned	Backend maintainers	not measured; see API_SURFACE.md	not scheduled
OPTIONS	/api/notes/{id}	ooo.klae.connex.backend.controllers.NoteController#getNoteById	authenticated	MVC workspace resolution attempted for authenticated User; effective scope delegated	NoteService#getNoteById:domain authorization	params=[];headers=[];version=;consumes=[];produces=[] / params=[];headers=[];version=;consumes=[];produces=[]	false	unversioned	Backend maintainers	not measured; see API_SURFACE.md	not scheduled
OPTIONS	/api/notes/{id}	ooo.klae.connex.backend.controllers.NoteController#updateNote	authenticated	MVC workspace resolution attempted for authenticated User; effective scope delegated	NoteService#update:NOTE_UPDATE	params=[];headers=[];version=;consumes=[];produces=[] / params=[];headers=[];version=;consumes=[];produces=[]	false	unversioned	Backend maintainers	not measured; see API_SURFACE.md	not scheduled
OPTIONS	/api/notification-preferences	ooo.klae.connex.backend.controllers.NotificationController#getPreferences	authenticated	MVC workspace resolution attempted for authenticated User; effective scope delegated	NotificationPreferenceService#getCurrentPreferences:domain authorization	params=[];headers=[];version=;consumes=[];produces=[]	false	unversioned	Backend maintainers	not measured; see API_SURFACE.md	not scheduled
OPTIONS	/api/notification-preferences	ooo.klae.connex.backend.controllers.NotificationController#updatePreferences	authenticated	MVC workspace resolution attempted for authenticated User; effective scope delegated	NotificationPreferenceService#updateCurrentPreferences:domain authorization	params=[];headers=[];version=;consumes=[];produces=[]	false	unversioned	Backend maintainers	not measured; see API_SURFACE.md	not scheduled
OPTIONS	/api/notification-preferences/quiet-hours	ooo.klae.connex.backend.controllers.NotificationController#getQuietHours	authenticated	MVC workspace resolution attempted for authenticated User; effective scope delegated	NotificationQuietHoursService#getCurrent:domain authorization	params=[];headers=[];version=;consumes=[];produces=[]	false	unversioned	Backend maintainers	not measured; see API_SURFACE.md	not scheduled
OPTIONS	/api/notification-preferences/quiet-hours	ooo.klae.connex.backend.controllers.NotificationController#updateQuietHours	authenticated	MVC workspace resolution attempted for authenticated User; effective scope delegated	NotificationQuietHoursService#updateCurrent:domain authorization	params=[];headers=[];version=;consumes=[];produces=[]	false	unversioned	Backend maintainers	not measured; see API_SURFACE.md	not scheduled
OPTIONS	/api/notifications	ooo.klae.connex.backend.controllers.NotificationController#getNotifications	authenticated	MVC workspace resolution attempted for authenticated User; effective scope delegated	NotificationService#getPage:domain authorization	params=[];headers=[];version=;consumes=[];produces=[]	false	unversioned	Backend maintainers	not measured; see API_SURFACE.md	not scheduled
OPTIONS	/api/notifications/counts	ooo.klae.connex.backend.controllers.NotificationController#getCounts	authenticated	MVC workspace resolution attempted for authenticated User; effective scope delegated	NotificationService#getUnreadCounts:domain authorization	params=[];headers=[];version=;consumes=[];produces=[]	false	unversioned	Backend maintainers	not measured; see API_SURFACE.md	not scheduled
OPTIONS	/api/notifications/facets	ooo.klae.connex.backend.controllers.NotificationController#getFacets	authenticated	MVC workspace resolution attempted for authenticated User; effective scope delegated	NotificationService#getFacets:domain authorization	params=[];headers=[];version=;consumes=[];produces=[]	false	unversioned	Backend maintainers	not measured; see API_SURFACE.md	not scheduled
OPTIONS	/api/notifications/read-all	ooo.klae.connex.backend.controllers.NotificationController#markAllRead	authenticated	MVC workspace resolution attempted for authenticated User; effective scope delegated	NotificationService#markAllRead:domain authorization	params=[];headers=[];version=;consumes=[];produces=[]	false	unversioned	Backend maintainers	not measured; see API_SURFACE.md	not scheduled
OPTIONS	/api/notifications/{id}/dismiss	ooo.klae.connex.backend.controllers.NotificationController#dismiss	authenticated	MVC workspace resolution attempted for authenticated User; effective scope delegated	NotificationService#dismiss:domain authorization	params=[];headers=[];version=;consumes=[];produces=[]	false	unversioned	Backend maintainers	not measured; see API_SURFACE.md	not scheduled
OPTIONS	/api/notifications/{id}/read	ooo.klae.connex.backend.controllers.NotificationController#markRead	authenticated	MVC workspace resolution attempted for authenticated User; effective scope delegated	NotificationService#markRead:domain authorization	params=[];headers=[];version=;consumes=[];produces=[]	false	unversioned	Backend maintainers	not measured; see API_SURFACE.md	not scheduled
OPTIONS	/api/notifications/{id}/restore	ooo.klae.connex.backend.controllers.NotificationController#restore	authenticated	MVC workspace resolution attempted for authenticated User; effective scope delegated	NotificationService#restore:domain authorization	params=[];headers=[];version=;consumes=[];produces=[]	false	unversioned	Backend maintainers	not measured; see API_SURFACE.md	not scheduled
OPTIONS	/api/notifications/{id}/snooze	ooo.klae.connex.backend.controllers.NotificationController#snooze	authenticated	MVC workspace resolution attempted for authenticated User; effective scope delegated	NotificationService#snooze:domain authorization	params=[];headers=[];version=;consumes=[];produces=[]	false	unversioned	Backend maintainers	not measured; see API_SURFACE.md	not scheduled
OPTIONS	/api/notifications/{id}/unread	ooo.klae.connex.backend.controllers.NotificationController#markUnread	authenticated	MVC workspace resolution attempted for authenticated User; effective scope delegated	NotificationService#markUnread:domain authorization	params=[];headers=[];version=;consumes=[];produces=[]	false	unversioned	Backend maintainers	not measured; see API_SURFACE.md	not scheduled
OPTIONS	/api/notifications/{id}/unsnooze	ooo.klae.connex.backend.controllers.NotificationController#unsnooze	authenticated	MVC workspace resolution attempted for authenticated User; effective scope delegated	NotificationService#unsnooze:domain authorization	params=[];headers=[];version=;consumes=[];produces=[]	false	unversioned	Backend maintainers	not measured; see API_SURFACE.md	not scheduled
OPTIONS	/api/oauth2/authorization/{registrationId}	OAuth2AuthorizationRequestRedirectFilter	permitAll; OAuth enabled	no MVC workspace resolution; handler-owned scope	framework authentication protocol	filter/handshake route; CSRF policy and protocol validation apply	false	unversioned	Backend maintainers	not measured; see API_SURFACE.md	not scheduled
OPTIONS	/api/orgs	ooo.klae.connex.backend.controllers.OrgMemberController#myOrganizations	authenticated	MVC workspace resolution attempted for authenticated User; effective scope delegated	AuthService#getCurrentUser:domain authorization; OrgMemberService#membershipsForUser:domain authorization	params=[];headers=[];version=;consumes=[];produces=[] / params=[];headers=[];version=;consumes=[];produces=[]	false	unversioned	Backend maintainers	not measured; see API_SURFACE.md	not scheduled
OPTIONS	/api/orgs/{id}/diagnostics	ooo.klae.connex.backend.controllers.TenantDiagnosticsController#organizationDiagnostics	authenticated	MVC workspace resolution attempted for authenticated User; effective scope delegated	AuthService#getCurrentUser:domain authorization; OrgMemberService#requireOrgAdmin:domain authorization; TenantDiagnosticsService#forOrganization:domain authorization	params=[];headers=[];version=;consumes=[];produces=[]	false	unversioned	Backend maintainers	not measured; see API_SURFACE.md	not scheduled
OPTIONS	/api/orgs/{orgId}	ooo.klae.connex.backend.controllers.OrganizationController#rename	authenticated	MVC workspace resolution attempted for authenticated User; effective scope delegated	AuthService#getCurrentUser:domain authorization; OrganizationService#rename:domain authorization	params=[];headers=[];version=;consumes=[];produces=[] / params=[];headers=[];version=;consumes=[];produces=[]	false	unversioned	Backend maintainers	not measured; see API_SURFACE.md	not scheduled
OPTIONS	/api/orgs/{orgId}	ooo.klae.connex.backend.controllers.TenantTeardownController#teardownOrganization	authenticated	MVC workspace resolution attempted for authenticated User; effective scope delegated	AuthService#getCurrentUser:domain authorization; TenantTeardownService#teardownOrganization:domain authorization	params=[];headers=[];version=;consumes=[];produces=[] / params=[];headers=[];version=;consumes=[];produces=[]	false	unversioned	Backend maintainers	not measured; see API_SURFACE.md	not scheduled
OPTIONS	/api/orgs/{orgId}/allowed-domains	ooo.klae.connex.backend.controllers.OrgAllowedDomainController#add	authenticated	MVC workspace resolution attempted for authenticated User; effective scope delegated	AuthService#getCurrentUser:domain authorization; OrgAllowedDomainService#addDomain:domain authorization	params=[];headers=[];version=;consumes=[];produces=[] / params=[];headers=[];version=;consumes=[];produces=[]	false	unversioned	Backend maintainers	not measured; see API_SURFACE.md	not scheduled
OPTIONS	/api/orgs/{orgId}/allowed-domains	ooo.klae.connex.backend.controllers.OrgAllowedDomainController#list	authenticated	MVC workspace resolution attempted for authenticated User; effective scope delegated	AuthService#getCurrentUser:domain authorization; OrgAllowedDomainService#listDomains:domain authorization	params=[];headers=[];version=;consumes=[];produces=[] / params=[];headers=[];version=;consumes=[];produces=[]	false	unversioned	Backend maintainers	not measured; see API_SURFACE.md	not scheduled
OPTIONS	/api/orgs/{orgId}/allowed-domains	ooo.klae.connex.backend.controllers.OrgAllowedDomainController#remove	authenticated	MVC workspace resolution attempted for authenticated User; effective scope delegated	AuthService#getCurrentUser:domain authorization; OrgAllowedDomainService#removeDomain:domain authorization	params=[];headers=[];version=;consumes=[];produces=[] / params=[];headers=[];version=;consumes=[];produces=[]	false	unversioned	Backend maintainers	not measured; see API_SURFACE.md	not scheduled
OPTIONS	/api/orgs/{orgId}/appi-incidents	ooo.klae.connex.backend.controllers.AppiIncidentController#create	authenticated	MVC workspace resolution attempted for authenticated User; effective scope delegated	AppiIncidentService#create:domain authorization; AuthService#getCurrentUser:domain authorization	params=[];headers=[];version=;consumes=[];produces=[] / params=[];headers=[];version=;consumes=[];produces=[]	false	unversioned	Backend maintainers	not measured; see API_SURFACE.md	not scheduled
OPTIONS	/api/orgs/{orgId}/appi-incidents	ooo.klae.connex.backend.controllers.AppiIncidentController#list	authenticated	MVC workspace resolution attempted for authenticated User; effective scope delegated	AppiIncidentService#list:domain authorization; AuthService#getCurrentUser:domain authorization	params=[];headers=[];version=;consumes=[];produces=[] / params=[];headers=[];version=;consumes=[];produces=[]	false	unversioned	Backend maintainers	not measured; see API_SURFACE.md	not scheduled
OPTIONS	/api/orgs/{orgId}/appi-incidents/{incidentId}	ooo.klae.connex.backend.controllers.AppiIncidentController#get	authenticated	MVC workspace resolution attempted for authenticated User; effective scope delegated	AppiIncidentService#get:domain authorization; AuthService#getCurrentUser:domain authorization	params=[];headers=[];version=;consumes=[];produces=[] / params=[];headers=[];version=;consumes=[];produces=[]	false	unversioned	Backend maintainers	not measured; see API_SURFACE.md	not scheduled
OPTIONS	/api/orgs/{orgId}/appi-incidents/{incidentId}	ooo.klae.connex.backend.controllers.AppiIncidentController#update	authenticated	MVC workspace resolution attempted for authenticated User; effective scope delegated	AppiIncidentService#update:domain authorization; AuthService#getCurrentUser:domain authorization	params=[];headers=[];version=;consumes=[];produces=[] / params=[];headers=[];version=;consumes=[];produces=[]	false	unversioned	Backend maintainers	not measured; see API_SURFACE.md	not scheduled
OPTIONS	/api/orgs/{orgId}/appi-incidents/{incidentId}/scope	ooo.klae.connex.backend.controllers.AppiIncidentController#scope	authenticated	MVC workspace resolution attempted for authenticated User; effective scope delegated	AppiIncidentService#scope:domain authorization; AuthService#getCurrentUser:domain authorization	params=[];headers=[];version=;consumes=[];produces=[] / params=[];headers=[];version=;consumes=[];produces=[]	false	unversioned	Backend maintainers	not measured; see API_SURFACE.md	not scheduled
OPTIONS	/api/orgs/{orgId}/audit	ooo.klae.connex.backend.controllers.OrgAuditController#orgAudit	authenticated	MVC workspace resolution attempted for authenticated User; effective scope delegated	AuditService#recentForOrg:domain authorization; AuthService#getCurrentUser:domain authorization; OrgMemberService#requireOrgAdmin:domain authorization	params=[];headers=[];version=;consumes=[];produces=[] / params=[];headers=[];version=;consumes=[];produces=[]	false	unversioned	Backend maintainers	not measured; see API_SURFACE.md	not scheduled
OPTIONS	/api/orgs/{orgId}/audit/export	ooo.klae.connex.backend.controllers.OrgAuditController#exportOrgAudit	authenticated	MVC workspace resolution attempted for authenticated User; effective scope delegated	AuditService#exportRecentForOrg:domain authorization; AuthService#getCurrentUser:domain authorization; OrgMemberService#requireOrgAdmin:domain authorization	params=[];headers=[];version=;consumes=[];produces=[] / params=[];headers=[];version=;consumes=[];produces=[]	false	unversioned	Backend maintainers	not measured; see API_SURFACE.md	not scheduled
OPTIONS	/api/orgs/{orgId}/data-subject-requests	ooo.klae.connex.backend.controllers.DataSubjectRequestController#create	authenticated	MVC workspace resolution attempted for authenticated User; effective scope delegated	AuthService#getCurrentUser:domain authorization; DataSubjectRequestService#create:domain authorization	params=[];headers=[];version=;consumes=[];produces=[] / params=[];headers=[];version=;consumes=[];produces=[]	false	unversioned	Backend maintainers	not measured; see API_SURFACE.md	not scheduled
OPTIONS	/api/orgs/{orgId}/data-subject-requests	ooo.klae.connex.backend.controllers.DataSubjectRequestController#list	authenticated	MVC workspace resolution attempted for authenticated User; effective scope delegated	AuthService#getCurrentUser:domain authorization; DataSubjectRequestService#list:domain authorization	params=[];headers=[];version=;consumes=[];produces=[] / params=[];headers=[];version=;consumes=[];produces=[]	false	unversioned	Backend maintainers	not measured; see API_SURFACE.md	not scheduled
OPTIONS	/api/orgs/{orgId}/data-subject-requests/{requestId}	ooo.klae.connex.backend.controllers.DataSubjectRequestController#get	authenticated	MVC workspace resolution attempted for authenticated User; effective scope delegated	AuthService#getCurrentUser:domain authorization; DataSubjectRequestService#get:domain authorization	params=[];headers=[];version=;consumes=[];produces=[] / params=[];headers=[];version=;consumes=[];produces=[]	false	unversioned	Backend maintainers	not measured; see API_SURFACE.md	not scheduled
OPTIONS	/api/orgs/{orgId}/data-subject-requests/{requestId}	ooo.klae.connex.backend.controllers.DataSubjectRequestController#update	authenticated	MVC workspace resolution attempted for authenticated User; effective scope delegated	AuthService#getCurrentUser:domain authorization; DataSubjectRequestService#update:domain authorization	params=[];headers=[];version=;consumes=[];produces=[] / params=[];headers=[];version=;consumes=[];produces=[]	false	unversioned	Backend maintainers	not measured; see API_SURFACE.md	not scheduled
OPTIONS	/api/orgs/{orgId}/data-subject-requests/{requestId}/disclosure	ooo.klae.connex.backend.controllers.DataSubjectRequestController#disclosure	authenticated	MVC workspace resolution attempted for authenticated User; effective scope delegated	AuthService#getCurrentUser:domain authorization; DataSubjectRequestService#disclosure:domain authorization	params=[];headers=[];version=;consumes=[];produces=[] / params=[];headers=[];version=;consumes=[];produces=[]	false	unversioned	Backend maintainers	not measured; see API_SURFACE.md	not scheduled
OPTIONS	/api/orgs/{orgId}/layout	ooo.klae.connex.backend.controllers.OrganizationController#layout	authenticated	MVC workspace resolution attempted for authenticated User; effective scope delegated	AuthService#getCurrentUser:domain authorization; OrganizationService#getLayout:domain authorization	params=[];headers=[];version=;consumes=[];produces=[] / params=[];headers=[];version=;consumes=[];produces=[]	false	unversioned	Backend maintainers	not measured; see API_SURFACE.md	not scheduled
OPTIONS	/api/orgs/{orgId}/members	ooo.klae.connex.backend.controllers.OrgMemberController#addMember	authenticated	MVC workspace resolution attempted for authenticated User; effective scope delegated	AuthService#getCurrentUser:domain authorization; OrgMemberService#setMemberByEmail:domain authorization	params=[];headers=[];version=;consumes=[];produces=[] / params=[];headers=[];version=;consumes=[];produces=[]	false	unversioned	Backend maintainers	not measured; see API_SURFACE.md	not scheduled
OPTIONS	/api/orgs/{orgId}/members	ooo.klae.connex.backend.controllers.OrgMemberController#members	authenticated	MVC workspace resolution attempted for authenticated User; effective scope delegated	AuthService#getCurrentUser:domain authorization; OrgMemberService#listMembers:domain authorization	params=[];headers=[];version=;consumes=[];produces=[] / params=[];headers=[];version=;consumes=[];produces=[]	false	unversioned	Backend maintainers	not measured; see API_SURFACE.md	not scheduled
OPTIONS	/api/orgs/{orgId}/members/{userId}	ooo.klae.connex.backend.controllers.OrgMemberController#removeMember	authenticated	MVC workspace resolution attempted for authenticated User; effective scope delegated	AuthService#getCurrentUser:domain authorization; OrgMemberService#removeMember:domain authorization	params=[];headers=[];version=;consumes=[];produces=[] / params=[];headers=[];version=;consumes=[];produces=[]	false	unversioned	Backend maintainers	not measured; see API_SURFACE.md	not scheduled
OPTIONS	/api/orgs/{orgId}/members/{userId}	ooo.klae.connex.backend.controllers.OrgMemberController#setMember	authenticated	MVC workspace resolution attempted for authenticated User; effective scope delegated	AuthService#getCurrentUser:domain authorization; OrgMemberService#setMember:domain authorization	params=[];headers=[];version=;consumes=[];produces=[] / params=[];headers=[];version=;consumes=[];produces=[]	false	unversioned	Backend maintainers	not measured; see API_SURFACE.md	not scheduled
OPTIONS	/api/orgs/{orgId}/secret-store/diagnostics	ooo.klae.connex.backend.controllers.SecretStoreDiagnosticsController#orgDiagnostics	authenticated	MVC workspace resolution attempted for authenticated User; effective scope delegated	AuthService#getCurrentUser:domain authorization; OrgMemberService#requireOrgAdmin:domain authorization; SecretStoreLifecycleService#diagnosticsForOrg:domain authorization	params=[];headers=[];version=;consumes=[];produces=[]	false	unversioned	Backend maintainers	not measured; see API_SURFACE.md	not scheduled
OPTIONS	/api/orgs/{orgId}/support-bundle	ooo.klae.connex.backend.controllers.SupportBundleController#supportBundle	authenticated	MVC workspace resolution attempted for authenticated User; effective scope delegated	AuthService#getCurrentUser:domain authorization; SupportBundleService#generate:domain authorization	params=[];headers=[];version=;consumes=[];produces=[] / params=[];headers=[];version=;consumes=[];produces=[]	false	unversioned	Backend maintainers	not measured; see API_SURFACE.md	not scheduled
OPTIONS	/api/orgs/{orgId}/workspaces/{workspaceId}	ooo.klae.connex.backend.controllers.TenantTeardownController#teardownWorkspace	authenticated	MVC workspace resolution attempted for authenticated User; effective scope delegated	AuthService#getCurrentUser:domain authorization; TenantTeardownService#teardownWorkspace:domain authorization	params=[];headers=[];version=;consumes=[];produces=[] / params=[];headers=[];version=;consumes=[];produces=[]	false	unversioned	Backend maintainers	not measured; see API_SURFACE.md	not scheduled
OPTIONS	/api/orgs/{orgId}/workspaces/{workspaceId}/export	ooo.klae.connex.backend.controllers.TenantLifecycleController#export	authenticated	MVC workspace resolution attempted for authenticated User; effective scope delegated	AuthService#getCurrentUser:domain authorization; TenantExportGrantCookie#clear:domain authorization; TenantExportGrantService#redeem:domain authorization	params=[];headers=[];version=;consumes=[];produces=[] / params=[];headers=[];version=;consumes=[];produces=[]	false	unversioned	Backend maintainers	not measured; see API_SURFACE.md	not scheduled
OPTIONS	/api/orgs/{orgId}/workspaces/{workspaceId}/export	ooo.klae.connex.backend.controllers.TenantLifecycleController#issueExportGrant	authenticated	MVC workspace resolution attempted for authenticated User; effective scope delegated	AuthService#getCurrentUser:domain authorization; TenantExportGrantCookie#set:domain authorization; TenantExportGrantService#issue:domain authorization	params=[];headers=[];version=;consumes=[];produces=[] / params=[];headers=[];version=;consumes=[];produces=[]	false	unversioned	Backend maintainers	not measured; see API_SURFACE.md	not scheduled
OPTIONS	/api/permissions	ooo.klae.connex.backend.controllers.PermissionController#catalog	authenticated	MVC workspace resolution attempted for authenticated User; effective scope delegated	explicit:grantableNames	params=[];headers=[];version=;consumes=[];produces=[] / params=[];headers=[];version=;consumes=[];produces=[]	false	unversioned	Backend maintainers	not measured; see API_SURFACE.md	not scheduled
OPTIONS	/api/permissions/effective	ooo.klae.connex.backend.controllers.PermissionController#effective	authenticated	MVC workspace resolution attempted for authenticated User; effective scope delegated	WorkspaceService#getCurrentPermissions:domain authorization	params=[];headers=[];version=;consumes=[];produces=[] / params=[];headers=[];version=;consumes=[];produces=[]	false	unversioned	Backend maintainers	not measured; see API_SURFACE.md	not scheduled
OPTIONS	/api/persons	ooo.klae.connex.backend.controllers.GuidedRecordCreationController#createPerson	authenticated	MVC workspace resolution attempted for authenticated User; effective scope delegated	GuidedRecordCreationService#createPerson:PERSON_CREATE	params=[];headers=[];version=;consumes=[];produces=[] / feature=connex.record-creation:[guided-cutover-enabled]=true;matchIfMissing=false	false	unversioned	Backend maintainers	not measured; see API_SURFACE.md	not scheduled
OPTIONS	/api/persons	ooo.klae.connex.backend.controllers.LegacyRecordCreationController#createPerson	authenticated	MVC workspace resolution attempted for authenticated User; effective scope delegated	PersonService#createReviewed:PERSON_CREATE	params=[];headers=[];version=;consumes=[];produces=[] / feature=connex.record-creation:[guided-cutover-enabled]=false;matchIfMissing=true	false	unversioned	Backend maintainers	not measured; see API_SURFACE.md	not scheduled
OPTIONS	/api/persons	ooo.klae.connex.backend.controllers.PersonController#getPersons	authenticated	MVC workspace resolution attempted for authenticated User; effective scope delegated	PersonService#getPersonsByCompanyId:domain authorization; PersonService#getPersonsByDealId:domain authorization; PersonService#getPersonsByTagId:domain authorization	params=[];headers=[];version=;consumes=[];produces=[] / params=[];headers=[];version=;consumes=[];produces=[]	false	unversioned	Backend maintainers	not measured; see API_SURFACE.md	not scheduled
OPTIONS	/api/persons/bulk/archive	ooo.klae.connex.backend.controllers.PersonController#bulkArchive	authenticated	MVC workspace resolution attempted for authenticated User; effective scope delegated	BulkOperationService#archivePersons:PERSON_DELETE	params=[];headers=[];version=;consumes=[];produces=[] / params=[];headers=[];version=;consumes=[];produces=[]	false	unversioned	Backend maintainers	not measured; see API_SURFACE.md	not scheduled
OPTIONS	/api/persons/bulk/owner	ooo.klae.connex.backend.controllers.PersonController#bulkAssignOwner	authenticated	MVC workspace resolution attempted for authenticated User; effective scope delegated	BulkOperationService#assignOwnerToPersons:PERSON_UPDATE	params=[];headers=[];version=;consumes=[];produces=[] / params=[];headers=[];version=;consumes=[];produces=[]	false	unversioned	Backend maintainers	not measured; see API_SURFACE.md	not scheduled
OPTIONS	/api/persons/bulk/restore	ooo.klae.connex.backend.controllers.PersonController#bulkRestore	authenticated	MVC workspace resolution attempted for authenticated User; effective scope delegated	BulkOperationService#restorePersons:PERSON_DELETE	params=[];headers=[];version=;consumes=[];produces=[] / params=[];headers=[];version=;consumes=[];produces=[]	false	unversioned	Backend maintainers	not measured; see API_SURFACE.md	not scheduled
OPTIONS	/api/persons/bulk/tags/add	ooo.klae.connex.backend.controllers.PersonController#bulkAddTag	authenticated	MVC workspace resolution attempted for authenticated User; effective scope delegated	BulkOperationService#addTagToPersons:PERSON_UPDATE	params=[];headers=[];version=;consumes=[];produces=[] / params=[];headers=[];version=;consumes=[];produces=[]	false	unversioned	Backend maintainers	not measured; see API_SURFACE.md	not scheduled
OPTIONS	/api/persons/bulk/tags/remove	ooo.klae.connex.backend.controllers.PersonController#bulkRemoveTag	authenticated	MVC workspace resolution attempted for authenticated User; effective scope delegated	BulkOperationService#removeTagFromPersons:PERSON_UPDATE	params=[];headers=[];version=;consumes=[];produces=[] / params=[];headers=[];version=;consumes=[];produces=[]	false	unversioned	Backend maintainers	not measured; see API_SURFACE.md	not scheduled
OPTIONS	/api/persons/custom-field-values	ooo.klae.connex.backend.controllers.PersonController#getCustomFieldValuesForPersons	authenticated	MVC workspace resolution attempted for authenticated User; effective scope delegated	PersonService#getCustomFieldValues:domain authorization	params=[];headers=[];version=;consumes=[];produces=[] / params=[];headers=[];version=;consumes=[];produces=[]	false	unversioned	Backend maintainers	not measured; see API_SURFACE.md	not scheduled
OPTIONS	/api/persons/facets	ooo.klae.connex.backend.controllers.PersonController#getPersonFacets	authenticated	MVC workspace resolution attempted for authenticated User; effective scope delegated	PersonService#countArchivedPersons:domain authorization; PersonService#countsByFirstResponseState:domain authorization; PersonService#countsByLeadSource:domain authorization; PersonService#countsByLifecycleStage:domain authorization; PersonService#countsByOwner:domain authorization; PersonService#countsByWarmthBand:domain authorization; PersonService#distinctCompanies:domain authorization; PersonService#distinctTitles:domain authorization; PersonService#hasPersonWithoutCompany:domain authorization; WarmthFilterResolver#forFacets:domain authorization	params=[];headers=[];version=;consumes=[];produces=[] / params=[];headers=[];version=;consumes=[];produces=[]	false	unversioned	Backend maintainers	not measured; see API_SURFACE.md	not scheduled
OPTIONS	/api/persons/ids	ooo.klae.connex.backend.controllers.PersonController#getPersonIds	authenticated	MVC workspace resolution attempted for authenticated User; effective scope delegated	PersonService#getMatchingPersonIds:domain authorization; WarmthFilterResolver#resolve:domain authorization	params=[];headers=[];version=;consumes=[];produces=[] / params=[];headers=[];version=;consumes=[];produces=[]	false	unversioned	Backend maintainers	not measured; see API_SURFACE.md	not scheduled
OPTIONS	/api/persons/page	ooo.klae.connex.backend.controllers.PersonController#getPersonsPage	authenticated	MVC workspace resolution attempted for authenticated User; effective scope delegated	PersonService#countPersons:domain authorization; PersonService#getPersonsPage:domain authorization; WarmthFilterResolver#resolve:domain authorization	params=[];headers=[];version=;consumes=[];produces=[] / params=[];headers=[];version=;consumes=[];produces=[]	false	unversioned	Backend maintainers	not measured; see API_SURFACE.md	not scheduled
OPTIONS	/api/persons/recent-moves	ooo.klae.connex.backend.controllers.PersonController#getRecentMoves	authenticated	MVC workspace resolution attempted for authenticated User; effective scope delegated	EmploymentService#getRecentMoves:domain authorization	params=[];headers=[];version=;consumes=[];produces=[] / params=[];headers=[];version=;consumes=[];produces=[]	false	unversioned	Backend maintainers	not measured; see API_SURFACE.md	not scheduled
OPTIONS	/api/persons/{id:\d+}	ooo.klae.connex.backend.controllers.PersonController#getPersonById	authenticated	MVC workspace resolution attempted for authenticated User; effective scope delegated	PersonService#getPersonById:domain authorization	params=[];headers=[];version=;consumes=[];produces=[] / params=[];headers=[];version=;consumes=[];produces=[]	false	unversioned	Backend maintainers	not measured; see API_SURFACE.md	not scheduled
OPTIONS	/api/persons/{id}	ooo.klae.connex.backend.controllers.PersonController#updatePerson	authenticated	MVC workspace resolution attempted for authenticated User; effective scope delegated	PersonService#update:PERSON_UPDATE	params=[];headers=[];version=;consumes=[];produces=[] / params=[];headers=[];version=;consumes=[];produces=[]	false	unversioned	Backend maintainers	not measured; see API_SURFACE.md	not scheduled
OPTIONS	/api/persons/{id}/activities	ooo.klae.connex.backend.controllers.PersonController#getActivitiesForPerson	authenticated	MVC workspace resolution attempted for authenticated User; effective scope delegated	PersonService#getActivitiesByPersonId:domain authorization	params=[];headers=[];version=;consumes=[];produces=[] / params=[];headers=[];version=;consumes=[];produces=[]	false	unversioned	Backend maintainers	not measured; see API_SURFACE.md	not scheduled
OPTIONS	/api/persons/{id}/archive	ooo.klae.connex.backend.controllers.PersonController#archivePerson	authenticated	MVC workspace resolution attempted for authenticated User; effective scope delegated	PersonService#archive:PERSON_DELETE	params=[];headers=[];version=;consumes=[];produces=[] / params=[];headers=[];version=;consumes=[];produces=[]	false	unversioned	Backend maintainers	not measured; see API_SURFACE.md	not scheduled
OPTIONS	/api/persons/{id}/campaign-touches	ooo.klae.connex.backend.controllers.PersonController#getCampaignTouches	authenticated	MVC workspace resolution attempted for authenticated User; effective scope delegated	ContactMarketingService#getCampaignTouches:CAMPAIGN_VIEW	params=[];headers=[];version=;consumes=[];produces=[] / params=[];headers=[];version=;consumes=[];produces=[]	false	unversioned	Backend maintainers	not measured; see API_SURFACE.md	not scheduled
OPTIONS	/api/persons/{id}/connections	ooo.klae.connex.backend.controllers.PersonController#addConnection	authenticated	MVC workspace resolution attempted for authenticated User; effective scope delegated	ConnectionService#addConnection:PERSON_UPDATE	params=[];headers=[];version=;consumes=[];produces=[] / params=[];headers=[];version=;consumes=[];produces=[]	false	unversioned	Backend maintainers	not measured; see API_SURFACE.md	not scheduled
OPTIONS	/api/persons/{id}/connections	ooo.klae.connex.backend.controllers.PersonController#getConnections	authenticated	MVC workspace resolution attempted for authenticated User; effective scope delegated	ConnectionService#getConnections:domain authorization	params=[];headers=[];version=;consumes=[];produces=[] / params=[];headers=[];version=;consumes=[];produces=[]	false	unversioned	Backend maintainers	not measured; see API_SURFACE.md	not scheduled
OPTIONS	/api/persons/{id}/connections/{targetId}	ooo.klae.connex.backend.controllers.PersonController#removeConnection	authenticated	MVC workspace resolution attempted for authenticated User; effective scope delegated	ConnectionService#removeConnection:PERSON_UPDATE	params=[];headers=[];version=;consumes=[];produces=[] / params=[];headers=[];version=;consumes=[];produces=[]	false	unversioned	Backend maintainers	not measured; see API_SURFACE.md	not scheduled
OPTIONS	/api/persons/{id}/consent	ooo.klae.connex.backend.controllers.ConsentController#get	authenticated	MVC workspace resolution attempted for authenticated User; effective scope delegated	CONSENT_MANAGE; ConsentService#getForPerson:CONSENT_MANAGE	params=[];headers=[];version=;consumes=[];produces=[] / params=[];headers=[];version=;consumes=[];produces=[]	false	unversioned	Backend maintainers	not measured; see API_SURFACE.md	not scheduled
OPTIONS	/api/persons/{id}/consent	ooo.klae.connex.backend.controllers.ConsentController#set	authenticated	MVC workspace resolution attempted for authenticated User; effective scope delegated	CONSENT_MANAGE; ConsentService#setForPerson:CONSENT_MANAGE	params=[];headers=[];version=;consumes=[];produces=[] / params=[];headers=[];version=;consumes=[];produces=[]	false	unversioned	Backend maintainers	not measured; see API_SURFACE.md	not scheduled
OPTIONS	/api/persons/{id}/custom-fields	ooo.klae.connex.backend.controllers.PersonController#getCustomFieldsForPerson	authenticated	MVC workspace resolution attempted for authenticated User; effective scope delegated	PersonService#getCustomFields:domain authorization	params=[];headers=[];version=;consumes=[];produces=[] / params=[];headers=[];version=;consumes=[];produces=[]	false	unversioned	Backend maintainers	not measured; see API_SURFACE.md	not scheduled
OPTIONS	/api/persons/{id}/custom-fields	ooo.klae.connex.backend.controllers.PersonController#updateCustomFieldsForPerson	authenticated	MVC workspace resolution attempted for authenticated User; effective scope delegated	PersonService#updateCustomFields:PERSON_UPDATE	params=[];headers=[];version=;consumes=[];produces=[] / params=[];headers=[];version=;consumes=[];produces=[]	false	unversioned	Backend maintainers	not measured; see API_SURFACE.md	not scheduled
OPTIONS	/api/persons/{id}/custom-fields/{definitionId}	ooo.klae.connex.backend.controllers.PersonController#updateCustomFieldForPerson	authenticated	MVC workspace resolution attempted for authenticated User; effective scope delegated	PersonService#updateCustomField:PERSON_UPDATE	params=[];headers=[];version=;consumes=[];produces=[] / params=[];headers=[];version=;consumes=[];produces=[]	false	unversioned	Backend maintainers	not measured; see API_SURFACE.md	not scheduled
OPTIONS	/api/persons/{id}/deals	ooo.klae.connex.backend.controllers.PersonController#getDealsForPerson	authenticated	MVC workspace resolution attempted for authenticated User; effective scope delegated	PersonService#getDealsByPersonId:domain authorization	params=[];headers=[];version=;consumes=[];produces=[] / params=[];headers=[];version=;consumes=[];produces=[]	false	unversioned	Backend maintainers	not measured; see API_SURFACE.md	not scheduled
OPTIONS	/api/persons/{id}/employment	ooo.klae.connex.backend.controllers.PersonController#getEmploymentHistory	authenticated	MVC workspace resolution attempted for authenticated User; effective scope delegated	PersonService#getEmploymentHistory:domain authorization	params=[];headers=[];version=;consumes=[];produces=[] / params=[];headers=[];version=;consumes=[];produces=[]	false	unversioned	Backend maintainers	not measured; see API_SURFACE.md	not scheduled
OPTIONS	/api/persons/{id}/evaluation	ooo.klae.connex.backend.controllers.PersonController#updateEvaluation	authenticated	MVC workspace resolution attempted for authenticated User; effective scope delegated	PersonService#updateEvaluationExclusions:PERSON_UPDATE	params=[];headers=[];version=;consumes=[];produces=[] / params=[];headers=[];version=;consumes=[];produces=[]	false	unversioned	Backend maintainers	not measured; see API_SURFACE.md	not scheduled
OPTIONS	/api/persons/{id}/intro-path	ooo.klae.connex.backend.controllers.PersonController#getIntroPath	authenticated	MVC workspace resolution attempted for authenticated User; effective scope delegated	ConnectionService#findIntroPath:domain authorization	params=[];headers=[];version=;consumes=[];produces=[] / params=[];headers=[];version=;consumes=[];produces=[]	false	unversioned	Backend maintainers	not measured; see API_SURFACE.md	not scheduled
OPTIONS	/api/persons/{id}/lifecycle	ooo.klae.connex.backend.controllers.PersonController#getLifecycle	authenticated	MVC workspace resolution attempted for authenticated User; effective scope delegated	PersonLifecycleService#getLifecycle:domain authorization	params=[];headers=[];version=;consumes=[];produces=[] / params=[];headers=[];version=;consumes=[];produces=[]	false	unversioned	Backend maintainers	not measured; see API_SURFACE.md	not scheduled
OPTIONS	/api/persons/{id}/lifecycle	ooo.klae.connex.backend.controllers.PersonController#updateLifecycle	authenticated	MVC workspace resolution attempted for authenticated User; effective scope delegated	PersonLifecycleService#updateLifecycleState:PERSON_UPDATE	params=[];headers=[];version=;consumes=[];produces=[] / params=[];headers=[];version=;consumes=[];produces=[]	false	unversioned	Backend maintainers	not measured; see API_SURFACE.md	not scheduled
OPTIONS	/api/persons/{id}/lifecycle/history	ooo.klae.connex.backend.controllers.PersonController#getLifecycleHistory	authenticated	MVC workspace resolution attempted for authenticated User; effective scope delegated	PersonLifecycleService#getHistory:domain authorization	params=[];headers=[];version=;consumes=[];produces=[] / params=[];headers=[];version=;consumes=[];produces=[]	false	unversioned	Backend maintainers	not measured; see API_SURFACE.md	not scheduled
OPTIONS	/api/persons/{id}/lifecycle/withdrawal	ooo.klae.connex.backend.controllers.PersonController#withdrawFromLifecycle	authenticated	MVC workspace resolution attempted for authenticated User; effective scope delegated	PersonLifecycleService#withdrawLifecycleState:PERSON_UPDATE	params=[];headers=[];version=;consumes=[];produces=[] / params=[];headers=[];version=;consumes=[];produces=[]	false	unversioned	Backend maintainers	not measured; see API_SURFACE.md	not scheduled
OPTIONS	/api/persons/{id}/marketing-status	ooo.klae.connex.backend.controllers.PersonController#getMarketingStatus	authenticated	MVC workspace resolution attempted for authenticated User; effective scope delegated	ContactMarketingService#getStatus:domain authorization	params=[];headers=[];version=;consumes=[];produces=[] / params=[];headers=[];version=;consumes=[];produces=[]	false	unversioned	Backend maintainers	not measured; see API_SURFACE.md	not scheduled
OPTIONS	/api/persons/{id}/notes	ooo.klae.connex.backend.controllers.PersonController#getNotesForPerson	authenticated	MVC workspace resolution attempted for authenticated User; effective scope delegated	PersonService#getNotesByPersonId:domain authorization	params=[];headers=[];version=;consumes=[];produces=[] / params=[];headers=[];version=;consumes=[];produces=[]	false	unversioned	Backend maintainers	not measured; see API_SURFACE.md	not scheduled
OPTIONS	/api/persons/{id}/owner	ooo.klae.connex.backend.controllers.PersonController#updateOwner	authenticated	MVC workspace resolution attempted for authenticated User; effective scope delegated	PersonService#updateOwner:PERSON_UPDATE	params=[];headers=[];version=;consumes=[];produces=[] / params=[];headers=[];version=;consumes=[];produces=[]	false	unversioned	Backend maintainers	not measured; see API_SURFACE.md	not scheduled
OPTIONS	/api/persons/{id}/profile-picture	ooo.klae.connex.backend.controllers.PersonController#updateProfilePicture	authenticated	MVC workspace resolution attempted for authenticated User; effective scope delegated	PersonService#updateProfilePicture:PERSON_UPDATE	params=[];headers=[];version=;consumes=[];produces=[] / params=[];headers=[];version=;consumes=[multipart/form-data];produces=[]	false	unversioned	Backend maintainers	not measured; see API_SURFACE.md	not scheduled
OPTIONS	/api/persons/{id}/profile-picture/{token:.+}	ooo.klae.connex.backend.controllers.PersonController#getProfilePicture	authenticated	MVC workspace resolution attempted for authenticated User; effective scope delegated	PersonService#getProfilePictureContent:domain authorization	params=[];headers=[];version=;consumes=[];produces=[] / params=[];headers=[];version=;consumes=[];produces=[]	false	unversioned	Backend maintainers	not measured; see API_SURFACE.md	not scheduled
OPTIONS	/api/persons/{id}/provenance	ooo.klae.connex.backend.controllers.PersonController#updateProvenance	authenticated	MVC workspace resolution attempted for authenticated User; effective scope delegated	PersonService#updateProvenance:PERSON_UPDATE	params=[];headers=[];version=;consumes=[];produces=[] / params=[];headers=[];version=;consumes=[];produces=[]	false	unversioned	Backend maintainers	not measured; see API_SURFACE.md	not scheduled
OPTIONS	/api/persons/{id}/qualification	ooo.klae.connex.backend.controllers.PersonController#answerQualification	authenticated	MVC workspace resolution attempted for authenticated User; effective scope delegated	PersonQualificationService#answer:PERSON_UPDATE	params=[];headers=[];version=;consumes=[];produces=[] / params=[];headers=[];version=;consumes=[];produces=[]	false	unversioned	Backend maintainers	not measured; see API_SURFACE.md	not scheduled
OPTIONS	/api/persons/{id}/qualification	ooo.klae.connex.backend.controllers.PersonController#getQualification	authenticated	MVC workspace resolution attempted for authenticated User; effective scope delegated	PersonQualificationService#getQualification:domain authorization	params=[];headers=[];version=;consumes=[];produces=[] / params=[];headers=[];version=;consumes=[];produces=[]	false	unversioned	Backend maintainers	not measured; see API_SURFACE.md	not scheduled
OPTIONS	/api/persons/{id}/restore	ooo.klae.connex.backend.controllers.PersonController#restorePerson	authenticated	MVC workspace resolution attempted for authenticated User; effective scope delegated	PersonService#restore:PERSON_DELETE	params=[];headers=[];version=;consumes=[];produces=[] / params=[];headers=[];version=;consumes=[];produces=[]	false	unversioned	Backend maintainers	not measured; see API_SURFACE.md	not scheduled
OPTIONS	/api/persons/{id}/restrictions	ooo.klae.connex.backend.controllers.PersonController#updateRestrictions	authenticated	MVC workspace resolution attempted for authenticated User; effective scope delegated	PersonService#updateProcessingRestrictions:PERSON_UPDATE	params=[];headers=[];version=;consumes=[];produces=[] / params=[];headers=[];version=;consumes=[];produces=[]	false	unversioned	Backend maintainers	not measured; see API_SURFACE.md	not scheduled
OPTIONS	/api/persons/{id}/tags	ooo.klae.connex.backend.controllers.PersonController#getTagsForPerson	authenticated	MVC workspace resolution attempted for authenticated User; effective scope delegated	PersonService#getTagsByPersonId:domain authorization	params=[];headers=[];version=;consumes=[];produces=[] / params=[];headers=[];version=;consumes=[];produces=[]	false	unversioned	Backend maintainers	not measured; see API_SURFACE.md	not scheduled
OPTIONS	/api/persons/{id}/tags	ooo.klae.connex.backend.controllers.PersonController#replaceTagsForPerson	authenticated	MVC workspace resolution attempted for authenticated User; effective scope delegated	PersonService#replaceTags:PERSON_UPDATE	params=[];headers=[];version=;consumes=[];produces=[] / params=[];headers=[];version=;consumes=[];produces=[]	false	unversioned	Backend maintainers	not measured; see API_SURFACE.md	not scheduled
OPTIONS	/api/persons/{id}/tags/{tagId}	ooo.klae.connex.backend.controllers.PersonController#addTagToPerson	authenticated	MVC workspace resolution attempted for authenticated User; effective scope delegated	PersonService#addTag:PERSON_UPDATE	params=[];headers=[];version=;consumes=[];produces=[] / params=[];headers=[];version=;consumes=[];produces=[]	false	unversioned	Backend maintainers	not measured; see API_SURFACE.md	not scheduled
OPTIONS	/api/persons/{id}/tags/{tagId}	ooo.klae.connex.backend.controllers.PersonController#removeTagFromPerson	authenticated	MVC workspace resolution attempted for authenticated User; effective scope delegated	PersonService#removeTag:PERSON_UPDATE	params=[];headers=[];version=;consumes=[];produces=[] / params=[];headers=[];version=;consumes=[];produces=[]	false	unversioned	Backend maintainers	not measured; see API_SURFACE.md	not scheduled
OPTIONS	/api/persons/{id}/tasks	ooo.klae.connex.backend.controllers.PersonController#getTasksForPerson	authenticated	MVC workspace resolution attempted for authenticated User; effective scope delegated	PersonService#getTasksByPersonId:domain authorization	params=[];headers=[];version=;consumes=[];produces=[] / params=[];headers=[];version=;consumes=[];produces=[]	false	unversioned	Backend maintainers	not measured; see API_SURFACE.md	not scheduled
OPTIONS	/api/pipelines	ooo.klae.connex.backend.controllers.PipelineController#createPipeline	authenticated	MVC workspace resolution attempted for authenticated User; effective scope delegated	PipelineService#createPipeline:PIPELINE_MANAGE	params=[];headers=[];version=;consumes=[];produces=[] / params=[];headers=[];version=;consumes=[];produces=[]	false	unversioned	Backend maintainers	not measured; see API_SURFACE.md	not scheduled
OPTIONS	/api/pipelines	ooo.klae.connex.backend.controllers.PipelineController#getAllPipelines	authenticated	MVC workspace resolution attempted for authenticated User; effective scope delegated	PipelineService#getAllPipelines:domain authorization	params=[];headers=[];version=;consumes=[];produces=[] / params=[];headers=[];version=;consumes=[];produces=[]	false	unversioned	Backend maintainers	not measured; see API_SURFACE.md	not scheduled
OPTIONS	/api/pipelines/stages	ooo.klae.connex.backend.controllers.PipelineController#getAllStages	authenticated	MVC workspace resolution attempted for authenticated User; effective scope delegated	PipelineService#getAllStages:domain authorization	params=[];headers=[];version=;consumes=[];produces=[] / params=[];headers=[];version=;consumes=[];produces=[]	false	unversioned	Backend maintainers	not measured; see API_SURFACE.md	not scheduled
OPTIONS	/api/pipelines/stages/{id}	ooo.klae.connex.backend.controllers.PipelineController#deleteStage	authenticated	MVC workspace resolution attempted for authenticated User; effective scope delegated	PipelineService#deleteStage:PIPELINE_MANAGE	params=[];headers=[];version=;consumes=[];produces=[] / params=[];headers=[];version=;consumes=[];produces=[]	false	unversioned	Backend maintainers	not measured; see API_SURFACE.md	not scheduled
OPTIONS	/api/pipelines/stages/{id}	ooo.klae.connex.backend.controllers.PipelineController#getStageById	authenticated	MVC workspace resolution attempted for authenticated User; effective scope delegated	PipelineService#getStageById:domain authorization	params=[];headers=[];version=;consumes=[];produces=[] / params=[];headers=[];version=;consumes=[];produces=[]	false	unversioned	Backend maintainers	not measured; see API_SURFACE.md	not scheduled
OPTIONS	/api/pipelines/stages/{id}	ooo.klae.connex.backend.controllers.PipelineController#updateStage	authenticated	MVC workspace resolution attempted for authenticated User; effective scope delegated	PipelineService#updateStage:PIPELINE_MANAGE	params=[];headers=[];version=;consumes=[];produces=[] / params=[];headers=[];version=;consumes=[];produces=[]	false	unversioned	Backend maintainers	not measured; see API_SURFACE.md	not scheduled
OPTIONS	/api/pipelines/stages/{id}/deals	ooo.klae.connex.backend.controllers.PipelineController#getDealsForStage	authenticated	MVC workspace resolution attempted for authenticated User; effective scope delegated	PipelineService#getDealsByStageId:domain authorization	params=[];headers=[];version=;consumes=[];produces=[] / params=[];headers=[];version=;consumes=[];produces=[]	false	unversioned	Backend maintainers	not measured; see API_SURFACE.md	not scheduled
OPTIONS	/api/pipelines/{id}	ooo.klae.connex.backend.controllers.PipelineController#deletePipeline	authenticated	MVC workspace resolution attempted for authenticated User; effective scope delegated	PipelineService#deletePipeline:PIPELINE_MANAGE	params=[];headers=[];version=;consumes=[];produces=[] / params=[];headers=[];version=;consumes=[];produces=[]	false	unversioned	Backend maintainers	not measured; see API_SURFACE.md	not scheduled
OPTIONS	/api/pipelines/{id}	ooo.klae.connex.backend.controllers.PipelineController#getPipelineById	authenticated	MVC workspace resolution attempted for authenticated User; effective scope delegated	PipelineService#getPipelineById:domain authorization	params=[];headers=[];version=;consumes=[];produces=[] / params=[];headers=[];version=;consumes=[];produces=[]	false	unversioned	Backend maintainers	not measured; see API_SURFACE.md	not scheduled
OPTIONS	/api/pipelines/{id}	ooo.klae.connex.backend.controllers.PipelineController#updatePipeline	authenticated	MVC workspace resolution attempted for authenticated User; effective scope delegated	PipelineService#updatePipeline:PIPELINE_MANAGE	params=[];headers=[];version=;consumes=[];produces=[] / params=[];headers=[];version=;consumes=[];produces=[]	false	unversioned	Backend maintainers	not measured; see API_SURFACE.md	not scheduled
OPTIONS	/api/pipelines/{id}/deals	ooo.klae.connex.backend.controllers.PipelineController#getDealsForPipeline	authenticated	MVC workspace resolution attempted for authenticated User; effective scope delegated	PipelineService#getDealsByPipelineId:domain authorization	params=[];headers=[];version=;consumes=[];produces=[] / params=[];headers=[];version=;consumes=[];produces=[]	false	unversioned	Backend maintainers	not measured; see API_SURFACE.md	not scheduled
OPTIONS	/api/pipelines/{pipelineId}/stages	ooo.klae.connex.backend.controllers.PipelineController#createStage	authenticated	MVC workspace resolution attempted for authenticated User; effective scope delegated	PipelineService#createStage:PIPELINE_MANAGE	params=[];headers=[];version=;consumes=[];produces=[] / params=[];headers=[];version=;consumes=[];produces=[]	false	unversioned	Backend maintainers	not measured; see API_SURFACE.md	not scheduled
OPTIONS	/api/pipelines/{pipelineId}/stages	ooo.klae.connex.backend.controllers.PipelineController#getStagesByPipelineId	authenticated	MVC workspace resolution attempted for authenticated User; effective scope delegated	PipelineService#getStagesByPipelineId:domain authorization	params=[];headers=[];version=;consumes=[];produces=[] / params=[];headers=[];version=;consumes=[];produces=[]	false	unversioned	Backend maintainers	not measured; see API_SURFACE.md	not scheduled
OPTIONS	/api/pipelines/{pipelineId}/stages	ooo.klae.connex.backend.controllers.PipelineController#replaceStages	authenticated	MVC workspace resolution attempted for authenticated User; effective scope delegated	PipelineService#replaceStages:PIPELINE_MANAGE	params=[];headers=[];version=;consumes=[];produces=[] / params=[];headers=[];version=;consumes=[];produces=[]	false	unversioned	Backend maintainers	not measured; see API_SURFACE.md	not scheduled
OPTIONS	/api/products	ooo.klae.connex.backend.controllers.ProductController#create	authenticated	MVC workspace resolution attempted for authenticated User; effective scope delegated	ProductService#create:PRODUCT_MANAGE	params=[];headers=[];version=;consumes=[];produces=[] / params=[];headers=[];version=;consumes=[];produces=[]	false	unversioned	Backend maintainers	not measured; see API_SURFACE.md	not scheduled
OPTIONS	/api/products	ooo.klae.connex.backend.controllers.ProductController#getAll	authenticated	MVC workspace resolution attempted for authenticated User; effective scope delegated	ProductService#getAll:domain authorization	params=[];headers=[];version=;consumes=[];produces=[] / params=[];headers=[];version=;consumes=[];produces=[]	false	unversioned	Backend maintainers	not measured; see API_SURFACE.md	not scheduled
OPTIONS	/api/products/{id}	ooo.klae.connex.backend.controllers.ProductController#delete	authenticated	MVC workspace resolution attempted for authenticated User; effective scope delegated	ProductService#delete:PRODUCT_MANAGE	params=[];headers=[];version=;consumes=[];produces=[] / params=[];headers=[];version=;consumes=[];produces=[]	false	unversioned	Backend maintainers	not measured; see API_SURFACE.md	not scheduled
OPTIONS	/api/products/{id}	ooo.klae.connex.backend.controllers.ProductController#getById	authenticated	MVC workspace resolution attempted for authenticated User; effective scope delegated	ProductService#getById:domain authorization	params=[];headers=[];version=;consumes=[];produces=[] / params=[];headers=[];version=;consumes=[];produces=[]	false	unversioned	Backend maintainers	not measured; see API_SURFACE.md	not scheduled
OPTIONS	/api/products/{id}	ooo.klae.connex.backend.controllers.ProductController#update	authenticated	MVC workspace resolution attempted for authenticated User; effective scope delegated	ProductService#update:PRODUCT_MANAGE	params=[];headers=[];version=;consumes=[];produces=[] / params=[];headers=[];version=;consumes=[];produces=[]	false	unversioned	Backend maintainers	not measured; see API_SURFACE.md	not scheduled
OPTIONS	/api/qualification-criteria	ooo.klae.connex.backend.controllers.QualificationCriterionController#create	authenticated	MVC workspace resolution attempted for authenticated User; effective scope delegated	QualificationCriterionService#create:WORKSPACE_SETTINGS	params=[];headers=[];version=;consumes=[];produces=[] / params=[];headers=[];version=;consumes=[];produces=[]	false	unversioned	Backend maintainers	not measured; see API_SURFACE.md	not scheduled
OPTIONS	/api/qualification-criteria	ooo.klae.connex.backend.controllers.QualificationCriterionController#getCriteria	authenticated	MVC workspace resolution attempted for authenticated User; effective scope delegated	QualificationCriterionService#getActive:domain authorization; QualificationCriterionService#getAll:domain authorization	params=[];headers=[];version=;consumes=[];produces=[] / params=[];headers=[];version=;consumes=[];produces=[]	false	unversioned	Backend maintainers	not measured; see API_SURFACE.md	not scheduled
OPTIONS	/api/qualification-criteria/{id}	ooo.klae.connex.backend.controllers.QualificationCriterionController#archive	authenticated	MVC workspace resolution attempted for authenticated User; effective scope delegated	QualificationCriterionService#archive:WORKSPACE_SETTINGS	params=[];headers=[];version=;consumes=[];produces=[] / params=[];headers=[];version=;consumes=[];produces=[]	false	unversioned	Backend maintainers	not measured; see API_SURFACE.md	not scheduled
OPTIONS	/api/qualification-criteria/{id}	ooo.klae.connex.backend.controllers.QualificationCriterionController#update	authenticated	MVC workspace resolution attempted for authenticated User; effective scope delegated	QualificationCriterionService#update:WORKSPACE_SETTINGS	params=[];headers=[];version=;consumes=[];produces=[] / params=[];headers=[];version=;consumes=[];produces=[]	false	unversioned	Backend maintainers	not measured; see API_SURFACE.md	not scheduled
OPTIONS	/api/qualification-criteria/{id}/restore	ooo.klae.connex.backend.controllers.QualificationCriterionController#restore	authenticated	MVC workspace resolution attempted for authenticated User; effective scope delegated	QualificationCriterionService#restore:WORKSPACE_SETTINGS	params=[];headers=[];version=;consumes=[];produces=[] / params=[];headers=[];version=;consumes=[];produces=[]	false	unversioned	Backend maintainers	not measured; see API_SURFACE.md	not scheduled
OPTIONS	/api/radar	ooo.klae.connex.backend.controllers.RadarController#get	authenticated	MVC workspace resolution attempted for authenticated User; effective scope delegated	RadarService#get:domain authorization	params=[];headers=[];version=;consumes=[];produces=[] / params=[];headers=[];version=;consumes=[];produces=[]	false	unversioned	Backend maintainers	not measured; see API_SURFACE.md	not scheduled
OPTIONS	/api/radar/summary	ooo.klae.connex.backend.controllers.RadarController#summary	authenticated	MVC workspace resolution attempted for authenticated User; effective scope delegated	RadarService#summary:domain authorization	params=[];headers=[];version=;consumes=[];produces=[] / params=[];headers=[];version=;consumes=[];produces=[]	false	unversioned	Backend maintainers	not measured; see API_SURFACE.md	not scheduled
OPTIONS	/api/radar/{id}/context	ooo.klae.connex.backend.controllers.RadarController#context	authenticated	MVC workspace resolution attempted for authenticated User; effective scope delegated	RadarService#context:domain authorization	params=[];headers=[];version=;consumes=[];produces=[] / params=[];headers=[];version=;consumes=[];produces=[]	false	unversioned	Backend maintainers	not measured; see API_SURFACE.md	not scheduled
OPTIONS	/api/radar/{id}/dismiss	ooo.klae.connex.backend.controllers.RadarController#dismiss	authenticated	MVC workspace resolution attempted for authenticated User; effective scope delegated	RadarService#dismiss:domain authorization	params=[];headers=[];version=;consumes=[];produces=[] / params=[];headers=[];version=;consumes=[];produces=[]	false	unversioned	Backend maintainers	not measured; see API_SURFACE.md	not scheduled
OPTIONS	/api/radar/{id}/follow	ooo.klae.connex.backend.controllers.RadarController#follow	authenticated	MVC workspace resolution attempted for authenticated User; effective scope delegated	RadarService#follow:domain authorization	params=[];headers=[];version=;consumes=[];produces=[] / params=[];headers=[];version=;consumes=[];produces=[]	false	unversioned	Backend maintainers	not measured; see API_SURFACE.md	not scheduled
OPTIONS	/api/radar/{id}/snooze	ooo.klae.connex.backend.controllers.RadarController#snooze	authenticated	MVC workspace resolution attempted for authenticated User; effective scope delegated	RadarService#snooze:domain authorization	params=[];headers=[];version=;consumes=[];produces=[] / params=[];headers=[];version=;consumes=[];produces=[]	false	unversioned	Backend maintainers	not measured; see API_SURFACE.md	not scheduled
OPTIONS	/api/radar/{id}/tasks	ooo.klae.connex.backend.controllers.RadarController#createTask	authenticated	MVC workspace resolution attempted for authenticated User; effective scope delegated	RadarService#createTask:TASK_CREATE	params=[];headers=[];version=;consumes=[];produces=[] / params=[];headers=[];version=;consumes=[];produces=[]	false	unversioned	Backend maintainers	not measured; see API_SURFACE.md	not scheduled
OPTIONS	/api/record-creation/presets/companies	ooo.klae.connex.backend.controllers.RecordCreationPresetController#companies	authenticated	MVC workspace resolution attempted for authenticated User; effective scope delegated	RecordCreationPresetService#companies:COMPANY_CREATE	params=[];headers=[];version=;consumes=[];produces=[] / params=[];headers=[];version=;consumes=[];produces=[]	false	unversioned	Backend maintainers	not measured; see API_SURFACE.md	not scheduled
OPTIONS	/api/record-creation/presets/deals	ooo.klae.connex.backend.controllers.RecordCreationPresetController#deals	authenticated	MVC workspace resolution attempted for authenticated User; effective scope delegated	RecordCreationPresetService#deals:DEAL_CREATE	params=[];headers=[];version=;consumes=[];produces=[] / params=[];headers=[];version=;consumes=[];produces=[]	false	unversioned	Backend maintainers	not measured; see API_SURFACE.md	not scheduled
OPTIONS	/api/record-creation/presets/persons	ooo.klae.connex.backend.controllers.RecordCreationPresetController#persons	authenticated	MVC workspace resolution attempted for authenticated User; effective scope delegated	RecordCreationPresetService#persons:PERSON_CREATE	params=[];headers=[];version=;consumes=[];produces=[] / params=[];headers=[];version=;consumes=[];produces=[]	false	unversioned	Backend maintainers	not measured; see API_SURFACE.md	not scheduled
OPTIONS	/api/record-creation/templates	ooo.klae.connex.backend.controllers.RecordCreationTemplateController#create	authenticated	MVC workspace resolution attempted for authenticated User; effective scope delegated	RecordCreationTemplateService#create:CUSTOM_FIELD_MANAGE	params=[];headers=[];version=;consumes=[];produces=[] / params=[];headers=[];version=;consumes=[];produces=[]	false	unversioned	Backend maintainers	not measured; see API_SURFACE.md	not scheduled
OPTIONS	/api/record-creation/templates	ooo.klae.connex.backend.controllers.RecordCreationTemplateController#list	authenticated	MVC workspace resolution attempted for authenticated User; effective scope delegated	RecordCreationTemplateService#list:CUSTOM_FIELD_MANAGE	params=[];headers=[];version=;consumes=[];produces=[] / params=[];headers=[];version=;consumes=[];produces=[]	false	unversioned	Backend maintainers	not measured; see API_SURFACE.md	not scheduled
OPTIONS	/api/record-creation/templates/default	ooo.klae.connex.backend.controllers.RecordCreationTemplateController#setDefault	authenticated	MVC workspace resolution attempted for authenticated User; effective scope delegated	RecordCreationTemplateService#setDefault:CUSTOM_FIELD_MANAGE	params=[];headers=[];version=;consumes=[];produces=[] / params=[];headers=[];version=;consumes=[];produces=[]	false	unversioned	Backend maintainers	not measured; see API_SURFACE.md	not scheduled
OPTIONS	/api/record-creation/templates/impact	ooo.klae.connex.backend.controllers.RecordCreationTemplateController#impact	authenticated	MVC workspace resolution attempted for authenticated User; effective scope delegated	RecordCreationTemplateService#impact:CUSTOM_FIELD_MANAGE	params=[];headers=[];version=;consumes=[];produces=[] / params=[];headers=[];version=;consumes=[];produces=[]	false	unversioned	Backend maintainers	not measured; see API_SURFACE.md	not scheduled
OPTIONS	/api/record-creation/templates/order	ooo.klae.connex.backend.controllers.RecordCreationTemplateController#reorder	authenticated	MVC workspace resolution attempted for authenticated User; effective scope delegated	RecordCreationTemplateService#reorder:CUSTOM_FIELD_MANAGE	params=[];headers=[];version=;consumes=[];produces=[] / params=[];headers=[];version=;consumes=[];produces=[]	false	unversioned	Backend maintainers	not measured; see API_SURFACE.md	not scheduled
OPTIONS	/api/record-creation/templates/preview	ooo.klae.connex.backend.controllers.RecordCreationTemplateController#preview	authenticated	MVC workspace resolution attempted for authenticated User; effective scope delegated	RecordCreationTemplateService#preview:CUSTOM_FIELD_MANAGE	params=[];headers=[];version=;consumes=[];produces=[] / params=[];headers=[];version=;consumes=[];produces=[]	false	unversioned	Backend maintainers	not measured; see API_SURFACE.md	not scheduled
OPTIONS	/api/record-creation/templates/reset	ooo.klae.connex.backend.controllers.RecordCreationTemplateController#reset	authenticated	MVC workspace resolution attempted for authenticated User; effective scope delegated	RecordCreationTemplateService#reset:CUSTOM_FIELD_MANAGE	params=[];headers=[];version=;consumes=[];produces=[] / params=[];headers=[];version=;consumes=[];produces=[]	false	unversioned	Backend maintainers	not measured; see API_SURFACE.md	not scheduled
OPTIONS	/api/record-creation/templates/{templateId}	ooo.klae.connex.backend.controllers.RecordCreationTemplateController#get	authenticated	MVC workspace resolution attempted for authenticated User; effective scope delegated	RecordCreationTemplateService#get:CUSTOM_FIELD_MANAGE	params=[];headers=[];version=;consumes=[];produces=[] / params=[];headers=[];version=;consumes=[];produces=[]	false	unversioned	Backend maintainers	not measured; see API_SURFACE.md	not scheduled
OPTIONS	/api/record-creation/templates/{templateId}	ooo.klae.connex.backend.controllers.RecordCreationTemplateController#update	authenticated	MVC workspace resolution attempted for authenticated User; effective scope delegated	RecordCreationTemplateService#update:CUSTOM_FIELD_MANAGE	params=[];headers=[];version=;consumes=[];produces=[] / params=[];headers=[];version=;consumes=[];produces=[]	false	unversioned	Backend maintainers	not measured; see API_SURFACE.md	not scheduled
OPTIONS	/api/record-creation/templates/{templateId}/archive	ooo.klae.connex.backend.controllers.RecordCreationTemplateController#archive	authenticated	MVC workspace resolution attempted for authenticated User; effective scope delegated	RecordCreationTemplateService#archive:CUSTOM_FIELD_MANAGE	params=[];headers=[];version=;consumes=[];produces=[] / params=[];headers=[];version=;consumes=[];produces=[]	false	unversioned	Backend maintainers	not measured; see API_SURFACE.md	not scheduled
OPTIONS	/api/record-creation/templates/{templateId}/duplicate	ooo.klae.connex.backend.controllers.RecordCreationTemplateController#duplicate	authenticated	MVC workspace resolution attempted for authenticated User; effective scope delegated	RecordCreationTemplateService#duplicate:CUSTOM_FIELD_MANAGE	params=[];headers=[];version=;consumes=[];produces=[] / params=[];headers=[];version=;consumes=[];produces=[]	false	unversioned	Backend maintainers	not measured; see API_SURFACE.md	not scheduled
OPTIONS	/api/record-creation/templates/{templateId}/restore	ooo.klae.connex.backend.controllers.RecordCreationTemplateController#restore	authenticated	MVC workspace resolution attempted for authenticated User; effective scope delegated	RecordCreationTemplateService#restore:CUSTOM_FIELD_MANAGE	params=[];headers=[];version=;consumes=[];produces=[] / params=[];headers=[];version=;consumes=[];produces=[]	false	unversioned	Backend maintainers	not measured; see API_SURFACE.md	not scheduled
OPTIONS	/api/reports	ooo.klae.connex.backend.controllers.ReportController#create	authenticated	MVC workspace resolution attempted for authenticated User; effective scope delegated	REPORT_CREATE; ReportService#create:REPORT_CREATE	params=[];headers=[];version=;consumes=[];produces=[] / params=[];headers=[];version=;consumes=[];produces=[]	false	unversioned	Backend maintainers	not measured; see API_SURFACE.md	not scheduled
OPTIONS	/api/reports	ooo.klae.connex.backend.controllers.ReportController#list	authenticated	MVC workspace resolution attempted for authenticated User; effective scope delegated	REPORT_READ; ReportService#list:REPORT_READ	params=[];headers=[];version=;consumes=[];produces=[] / params=[];headers=[];version=;consumes=[];produces=[]	false	unversioned	Backend maintainers	not measured; see API_SURFACE.md	not scheduled
OPTIONS	/api/reports/composer/availability	ooo.klae.connex.backend.controllers.ReportController#composerAvailability	authenticated	MVC workspace resolution attempted for authenticated User; effective scope delegated	REPORT_CREATE; ReportComposerService#availability:REPORT_CREATE	params=[];headers=[];version=;consumes=[];produces=[] / params=[];headers=[];version=;consumes=[];produces=[]	false	unversioned	Backend maintainers	not measured; see API_SURFACE.md	not scheduled
OPTIONS	/api/reports/composer/preview	ooo.klae.connex.backend.controllers.ReportController#previewComposer	authenticated	MVC workspace resolution attempted for authenticated User; effective scope delegated	REPORT_CREATE; ReportComposerService#preview:REPORT_CREATE	params=[];headers=[];version=;consumes=[];produces=[] / params=[];headers=[];version=;consumes=[];produces=[]	false	unversioned	Backend maintainers	not measured; see API_SURFACE.md	not scheduled
OPTIONS	/api/reports/templates	ooo.klae.connex.backend.controllers.ReportController#templates	authenticated	MVC workspace resolution attempted for authenticated User; effective scope delegated	REPORT_READ; ReportService#templates:REPORT_READ	params=[];headers=[];version=;consumes=[];produces=[] / params=[];headers=[];version=;consumes=[];produces=[]	false	unversioned	Backend maintainers	not measured; see API_SURFACE.md	not scheduled
OPTIONS	/api/reports/{id}	ooo.klae.connex.backend.controllers.ReportController#delete	authenticated	MVC workspace resolution attempted for authenticated User; effective scope delegated	REPORT_DELETE; ReportService#delete:REPORT_DELETE	params=[];headers=[];version=;consumes=[];produces=[] / params=[];headers=[];version=;consumes=[];produces=[]	false	unversioned	Backend maintainers	not measured; see API_SURFACE.md	not scheduled
OPTIONS	/api/reports/{id}	ooo.klae.connex.backend.controllers.ReportController#get	authenticated	MVC workspace resolution attempted for authenticated User; effective scope delegated	REPORT_READ; ReportService#get:REPORT_READ	params=[];headers=[];version=;consumes=[];produces=[] / params=[];headers=[];version=;consumes=[];produces=[]	false	unversioned	Backend maintainers	not measured; see API_SURFACE.md	not scheduled
OPTIONS	/api/reports/{id}	ooo.klae.connex.backend.controllers.ReportController#update	authenticated	MVC workspace resolution attempted for authenticated User; effective scope delegated	REPORT_UPDATE; ReportService#update:REPORT_UPDATE	params=[];headers=[];version=;consumes=[];produces=[] / params=[];headers=[];version=;consumes=[];produces=[]	false	unversioned	Backend maintainers	not measured; see API_SURFACE.md	not scheduled
OPTIONS	/api/reports/{id}/export.csv	ooo.klae.connex.backend.controllers.ReportController#export	authenticated	MVC workspace resolution attempted for authenticated User; effective scope delegated	REPORT_READ; ReportService#exportCsv:REPORT_READ	params=[];headers=[];version=;consumes=[];produces=[] / params=[];headers=[];version=;consumes=[];produces=[]	false	unversioned	Backend maintainers	not measured; see API_SURFACE.md	not scheduled
OPTIONS	/api/reports/{id}/generate	ooo.klae.connex.backend.controllers.ReportController#generate	authenticated	MVC workspace resolution attempted for authenticated User; effective scope delegated	REPORT_READ; ReportService#generateInteractive:REPORT_READ	params=[];headers=[];version=;consumes=[];produces=[] / params=[];headers=[];version=;consumes=[];produces=[]	false	unversioned	Backend maintainers	not measured; see API_SURFACE.md	not scheduled
OPTIONS	/api/reports/{id}/snapshots	ooo.klae.connex.backend.controllers.ReportController#createSnapshot	authenticated	MVC workspace resolution attempted for authenticated User; effective scope delegated	REPORT_CREATE; ReportService#createSnapshot:REPORT_CREATE	params=[];headers=[];version=;consumes=[];produces=[] / params=[];headers=[];version=;consumes=[];produces=[]	false	unversioned	Backend maintainers	not measured; see API_SURFACE.md	not scheduled
OPTIONS	/api/reports/{id}/snapshots	ooo.klae.connex.backend.controllers.ReportController#listSnapshots	authenticated	MVC workspace resolution attempted for authenticated User; effective scope delegated	REPORT_READ; ReportService#listSnapshots:REPORT_READ	params=[];headers=[];version=;consumes=[];produces=[] / params=[];headers=[];version=;consumes=[];produces=[]	false	unversioned	Backend maintainers	not measured; see API_SURFACE.md	not scheduled
OPTIONS	/api/reports/{id}/snapshots/{snapshotId}	ooo.klae.connex.backend.controllers.ReportController#deleteSnapshot	authenticated	MVC workspace resolution attempted for authenticated User; effective scope delegated	REPORT_DELETE; ReportService#deleteSnapshot:REPORT_DELETE	params=[];headers=[];version=;consumes=[];produces=[] / params=[];headers=[];version=;consumes=[];produces=[]	false	unversioned	Backend maintainers	not measured; see API_SURFACE.md	not scheduled
OPTIONS	/api/reports/{id}/snapshots/{snapshotId}	ooo.klae.connex.backend.controllers.ReportController#getSnapshot	authenticated	MVC workspace resolution attempted for authenticated User; effective scope delegated	REPORT_READ; ReportService#getSnapshot:REPORT_READ	params=[];headers=[];version=;consumes=[];produces=[] / params=[];headers=[];version=;consumes=[];produces=[]	false	unversioned	Backend maintainers	not measured; see API_SURFACE.md	not scheduled
OPTIONS	/api/reports/{id}/snapshots/{snapshotId}/export.csv	ooo.klae.connex.backend.controllers.ReportController#exportSnapshot	authenticated	MVC workspace resolution attempted for authenticated User; effective scope delegated	REPORT_READ; ReportService#exportSnapshotCsv:REPORT_READ	params=[];headers=[];version=;consumes=[];produces=[] / params=[];headers=[];version=;consumes=[];produces=[]	false	unversioned	Backend maintainers	not measured; see API_SURFACE.md	not scheduled
OPTIONS	/api/reports/{id}/widgets/{widgetId}/kpi	ooo.klae.connex.backend.controllers.ReportController#widgetKpi	authenticated	MVC workspace resolution attempted for authenticated User; effective scope delegated	REPORT_READ; ReportService#widgetKpi:REPORT_READ	params=[];headers=[];version=;consumes=[];produces=[] / params=[];headers=[];version=;consumes=[];produces=[]	false	unversioned	Backend maintainers	not measured; see API_SURFACE.md	not scheduled
OPTIONS	/api/reports/{reportId}/schedule	ooo.klae.connex.backend.controllers.ScheduleController#create	authenticated	MVC workspace resolution attempted for authenticated User; effective scope delegated	REPORT_UPDATE; ScheduleService#create:REPORT_UPDATE	params=[];headers=[];version=;consumes=[];produces=[] / params=[];headers=[];version=;consumes=[];produces=[]	false	unversioned	Backend maintainers	not measured; see API_SURFACE.md	not scheduled
OPTIONS	/api/reports/{reportId}/schedule	ooo.klae.connex.backend.controllers.ScheduleController#delete	authenticated	MVC workspace resolution attempted for authenticated User; effective scope delegated	REPORT_UPDATE; ScheduleService#delete:REPORT_UPDATE	params=[];headers=[];version=;consumes=[];produces=[] / params=[];headers=[];version=;consumes=[];produces=[]	false	unversioned	Backend maintainers	not measured; see API_SURFACE.md	not scheduled
OPTIONS	/api/reports/{reportId}/schedule	ooo.klae.connex.backend.controllers.ScheduleController#get	authenticated	MVC workspace resolution attempted for authenticated User; effective scope delegated	REPORT_READ; ScheduleService#get:REPORT_READ	params=[];headers=[];version=;consumes=[];produces=[] / params=[];headers=[];version=;consumes=[];produces=[]	false	unversioned	Backend maintainers	not measured; see API_SURFACE.md	not scheduled
OPTIONS	/api/reports/{reportId}/schedule	ooo.klae.connex.backend.controllers.ScheduleController#update	authenticated	MVC workspace resolution attempted for authenticated User; effective scope delegated	REPORT_UPDATE; ScheduleService#update:REPORT_UPDATE	params=[];headers=[];version=;consumes=[];produces=[] / params=[];headers=[];version=;consumes=[];produces=[]	false	unversioned	Backend maintainers	not measured; see API_SURFACE.md	not scheduled
OPTIONS	/api/rules	ooo.klae.connex.backend.controllers.RuleController#create	authenticated	MVC workspace resolution attempted for authenticated User; effective scope delegated	RuleService#create:RULE_MANAGE	params=[];headers=[];version=;consumes=[];produces=[] / params=[];headers=[];version=;consumes=[];produces=[]	false	unversioned	Backend maintainers	not measured; see API_SURFACE.md	not scheduled
OPTIONS	/api/rules	ooo.klae.connex.backend.controllers.RuleController#list	authenticated	MVC workspace resolution attempted for authenticated User; effective scope delegated	RuleService#list:RULE_MANAGE	params=[];headers=[];version=;consumes=[];produces=[] / params=[];headers=[];version=;consumes=[];produces=[]	false	unversioned	Backend maintainers	not measured; see API_SURFACE.md	not scheduled
OPTIONS	/api/rules/preview	ooo.klae.connex.backend.controllers.RuleController#preview	authenticated	MVC workspace resolution attempted for authenticated User; effective scope delegated	RuleService#preview:RULE_MANAGE	params=[];headers=[];version=;consumes=[];produces=[] / params=[];headers=[];version=;consumes=[];produces=[]	false	unversioned	Backend maintainers	not measured; see API_SURFACE.md	not scheduled
OPTIONS	/api/rules/{id}	ooo.klae.connex.backend.controllers.RuleController#delete	authenticated	MVC workspace resolution attempted for authenticated User; effective scope delegated	RuleService#delete:RULE_MANAGE	params=[];headers=[];version=;consumes=[];produces=[] / params=[];headers=[];version=;consumes=[];produces=[]	false	unversioned	Backend maintainers	not measured; see API_SURFACE.md	not scheduled
OPTIONS	/api/rules/{id}	ooo.klae.connex.backend.controllers.RuleController#get	authenticated	MVC workspace resolution attempted for authenticated User; effective scope delegated	RuleService#getById:RULE_MANAGE	params=[];headers=[];version=;consumes=[];produces=[] / params=[];headers=[];version=;consumes=[];produces=[]	false	unversioned	Backend maintainers	not measured; see API_SURFACE.md	not scheduled
OPTIONS	/api/rules/{id}	ooo.klae.connex.backend.controllers.RuleController#update	authenticated	MVC workspace resolution attempted for authenticated User; effective scope delegated	RuleService#update:RULE_MANAGE	params=[];headers=[];version=;consumes=[];produces=[] / params=[];headers=[];version=;consumes=[];produces=[]	false	unversioned	Backend maintainers	not measured; see API_SURFACE.md	not scheduled
OPTIONS	/api/rules/{id}/executions	ooo.klae.connex.backend.controllers.RuleController#executions	authenticated	MVC workspace resolution attempted for authenticated User; effective scope delegated	RuleService#executions:RULE_MANAGE	params=[];headers=[];version=;consumes=[];produces=[] / params=[];headers=[];version=;consumes=[];produces=[]	false	unversioned	Backend maintainers	not measured; see API_SURFACE.md	not scheduled
OPTIONS	/api/saved-views	ooo.klae.connex.backend.controllers.SavedViewController#create	authenticated	MVC workspace resolution attempted for authenticated User; effective scope delegated	SavedViewService#create:domain authorization	params=[];headers=[];version=;consumes=[];produces=[] / params=[];headers=[];version=;consumes=[];produces=[]	false	unversioned	Backend maintainers	not measured; see API_SURFACE.md	not scheduled
OPTIONS	/api/saved-views	ooo.klae.connex.backend.controllers.SavedViewController#list	authenticated	MVC workspace resolution attempted for authenticated User; effective scope delegated	SavedViewService#list:domain authorization	params=[];headers=[];version=;consumes=[];produces=[] / params=[];headers=[];version=;consumes=[];produces=[]	false	unversioned	Backend maintainers	not measured; see API_SURFACE.md	not scheduled
OPTIONS	/api/saved-views/defaults/{recordType}	ooo.klae.connex.backend.controllers.SavedViewController#getDefault	authenticated	MVC workspace resolution attempted for authenticated User; effective scope delegated	SavedViewService#getDefault:domain authorization	params=[];headers=[];version=;consumes=[];produces=[] / params=[];headers=[];version=;consumes=[];produces=[]	false	unversioned	Backend maintainers	not measured; see API_SURFACE.md	not scheduled
OPTIONS	/api/saved-views/defaults/{recordType}	ooo.klae.connex.backend.controllers.SavedViewController#resetDefault	authenticated	MVC workspace resolution attempted for authenticated User; effective scope delegated	SavedViewService#resetDefault:domain authorization	params=[];headers=[];version=;consumes=[];produces=[] / params=[];headers=[];version=;consumes=[];produces=[]	false	unversioned	Backend maintainers	not measured; see API_SURFACE.md	not scheduled
OPTIONS	/api/saved-views/defaults/{recordType}	ooo.klae.connex.backend.controllers.SavedViewController#setDefault	authenticated	MVC workspace resolution attempted for authenticated User; effective scope delegated	SavedViewService#setDefault:domain authorization	params=[];headers=[];version=;consumes=[];produces=[] / params=[];headers=[];version=;consumes=[];produces=[]	false	unversioned	Backend maintainers	not measured; see API_SURFACE.md	not scheduled
OPTIONS	/api/saved-views/pins	ooo.klae.connex.backend.controllers.SavedViewController#listPins	authenticated	MVC workspace resolution attempted for authenticated User; effective scope delegated	SavedViewService#listPins:domain authorization	params=[];headers=[];version=;consumes=[];produces=[] / params=[];headers=[];version=;consumes=[];produces=[]	false	unversioned	Backend maintainers	not measured; see API_SURFACE.md	not scheduled
OPTIONS	/api/saved-views/{id:\d+}	ooo.klae.connex.backend.controllers.SavedViewController#delete	authenticated	MVC workspace resolution attempted for authenticated User; effective scope delegated	SavedViewService#delete:domain authorization	params=[];headers=[];version=;consumes=[];produces=[] / params=[];headers=[];version=;consumes=[];produces=[]	false	unversioned	Backend maintainers	not measured; see API_SURFACE.md	not scheduled
OPTIONS	/api/saved-views/{id:\d+}	ooo.klae.connex.backend.controllers.SavedViewController#getOne	authenticated	MVC workspace resolution attempted for authenticated User; effective scope delegated	SavedViewService#getById:domain authorization	params=[];headers=[];version=;consumes=[];produces=[] / params=[];headers=[];version=;consumes=[];produces=[]	false	unversioned	Backend maintainers	not measured; see API_SURFACE.md	not scheduled
OPTIONS	/api/saved-views/{id:\d+}	ooo.klae.connex.backend.controllers.SavedViewController#update	authenticated	MVC workspace resolution attempted for authenticated User; effective scope delegated	SavedViewService#update:domain authorization	params=[];headers=[];version=;consumes=[];produces=[] / params=[];headers=[];version=;consumes=[];produces=[]	false	unversioned	Backend maintainers	not measured; see API_SURFACE.md	not scheduled
OPTIONS	/api/saved-views/{id:\d+}/pin	ooo.klae.connex.backend.controllers.SavedViewController#pin	authenticated	MVC workspace resolution attempted for authenticated User; effective scope delegated	SavedViewService#pin:domain authorization	params=[];headers=[];version=;consumes=[];produces=[] / params=[];headers=[];version=;consumes=[];produces=[]	false	unversioned	Backend maintainers	not measured; see API_SURFACE.md	not scheduled
OPTIONS	/api/saved-views/{id:\d+}/pin	ooo.klae.connex.backend.controllers.SavedViewController#unpin	authenticated	MVC workspace resolution attempted for authenticated User; effective scope delegated	SavedViewService#unpin:domain authorization	params=[];headers=[];version=;consumes=[];produces=[] / params=[];headers=[];version=;consumes=[];produces=[]	false	unversioned	Backend maintainers	not measured; see API_SURFACE.md	not scheduled
OPTIONS	/api/scoring/companies	ooo.klae.connex.backend.controllers.ScoringController#companies	authenticated	MVC workspace resolution attempted for authenticated User; effective scope delegated	ScoringService#scoreCompanies:domain authorization; WorkspaceService#getCurrentWorkspaceId:domain authorization	params=[];headers=[];version=;consumes=[];produces=[] / params=[];headers=[];version=;consumes=[];produces=[]	false	unversioned	Backend maintainers	not measured; see API_SURFACE.md	not scheduled
OPTIONS	/api/scoring/companies/batch	ooo.klae.connex.backend.controllers.ScoringController#companyBatch	authenticated	MVC workspace resolution attempted for authenticated User; effective scope delegated	ScoringService#scoreCompanies:domain authorization; WorkspaceService#getCurrentWorkspaceId:domain authorization	params=[];headers=[];version=;consumes=[];produces=[] / params=[];headers=[];version=;consumes=[];produces=[]	false	unversioned	Backend maintainers	not measured; see API_SURFACE.md	not scheduled
OPTIONS	/api/scoring/companies/cooling	ooo.klae.connex.backend.controllers.ScoringController#coolingCompanies	authenticated	MVC workspace resolution attempted for authenticated User; effective scope delegated	ScoringService#coolingCompanies:domain authorization; WorkspaceService#getCurrentWorkspaceId:domain authorization	params=[];headers=[];version=;consumes=[];produces=[] / params=[];headers=[];version=;consumes=[];produces=[]	false	unversioned	Backend maintainers	not measured; see API_SURFACE.md	not scheduled
OPTIONS	/api/scoring/companies/map	ooo.klae.connex.backend.controllers.ScoringController#mapCompanies	authenticated	MVC workspace resolution attempted for authenticated User; effective scope delegated	ScoringService#scoreCompaniesForMap:domain authorization; WorkspaceService#getCurrentWorkspaceId:domain authorization	params=[];headers=[];version=;consumes=[];produces=[] / params=[];headers=[];version=;consumes=[];produces=[]	false	unversioned	Backend maintainers	not measured; see API_SURFACE.md	not scheduled
OPTIONS	/api/scoring/companies/{id}/evidence	ooo.klae.connex.backend.controllers.ScoringController#companyEvidence	authenticated	MVC workspace resolution attempted for authenticated User; effective scope delegated	ScoringService#companyEvidence:domain authorization; WorkspaceService#getCurrentUserId:domain authorization; WorkspaceService#getCurrentWorkspaceId:domain authorization	params=[];headers=[];version=;consumes=[];produces=[] / params=[];headers=[];version=;consumes=[];produces=[]	false	unversioned	Backend maintainers	not measured; see API_SURFACE.md	not scheduled
OPTIONS	/api/scoring/contacts	ooo.klae.connex.backend.controllers.ScoringController#contacts	authenticated	MVC workspace resolution attempted for authenticated User; effective scope delegated	ScoringService#scoreContacts:domain authorization; WorkspaceService#getCurrentWorkspaceId:domain authorization	params=[];headers=[];version=;consumes=[];produces=[] / params=[];headers=[];version=;consumes=[];produces=[]	false	unversioned	Backend maintainers	not measured; see API_SURFACE.md	not scheduled
OPTIONS	/api/scoring/contacts/cooling	ooo.klae.connex.backend.controllers.ScoringController#coolingContacts	authenticated	MVC workspace resolution attempted for authenticated User; effective scope delegated	ScoringService#coolingContacts:domain authorization; WorkspaceService#getCurrentWorkspaceId:domain authorization	params=[];headers=[];version=;consumes=[];produces=[] / params=[];headers=[];version=;consumes=[];produces=[]	false	unversioned	Backend maintainers	not measured; see API_SURFACE.md	not scheduled
OPTIONS	/api/scoring/contacts/{id}/evidence	ooo.klae.connex.backend.controllers.ScoringController#contactEvidence	authenticated	MVC workspace resolution attempted for authenticated User; effective scope delegated	ScoringService#contactEvidence:domain authorization; WorkspaceService#getCurrentUserId:domain authorization; WorkspaceService#getCurrentWorkspaceId:domain authorization	params=[];headers=[];version=;consumes=[];produces=[] / params=[];headers=[];version=;consumes=[];produces=[]	false	unversioned	Backend maintainers	not measured; see API_SURFACE.md	not scheduled
OPTIONS	/api/scoring/dashboard	ooo.klae.connex.backend.controllers.RelationshipDashboardController#dashboard	authenticated	MVC workspace resolution attempted for authenticated User; effective scope delegated	RelationshipDashboardService#getDashboard:domain authorization; WorkspaceService#getCurrentWorkspaceId:domain authorization	params=[];headers=[];version=;consumes=[];produces=[] / params=[];headers=[];version=;consumes=[];produces=[]	false	unversioned	Backend maintainers	not measured; see API_SURFACE.md	not scheduled
OPTIONS	/api/scoring/summary	ooo.klae.connex.backend.controllers.ScoringController#summary	authenticated	MVC workspace resolution attempted for authenticated User; effective scope delegated	ScoringService#summarize:domain authorization; WorkspaceService#getCurrentWorkspaceId:domain authorization	params=[];headers=[];version=;consumes=[];produces=[] / params=[];headers=[];version=;consumes=[];produces=[]	false	unversioned	Backend maintainers	not measured; see API_SURFACE.md	not scheduled
OPTIONS	/api/search	ooo.klae.connex.backend.controllers.SearchController#search	authenticated	MVC workspace resolution attempted for authenticated User; effective scope delegated	SearchService#search:domain authorization	params=[];headers=[];version=;consumes=[];produces=[] / params=[];headers=[];version=;consumes=[];produces=[]	false	unversioned	Backend maintainers	not measured; see API_SURFACE.md	not scheduled
OPTIONS	/api/segments/catalog	ooo.klae.connex.backend.controllers.SegmentController#catalog	authenticated	MVC workspace resolution attempted for authenticated User; effective scope delegated	SegmentService#catalog:domain authorization	params=[];headers=[];version=;consumes=[];produces=[] / params=[];headers=[];version=;consumes=[];produces=[]	false	unversioned	Backend maintainers	not measured; see API_SURFACE.md	not scheduled
OPTIONS	/api/segments/evaluate	ooo.klae.connex.backend.controllers.SegmentController#evaluate	authenticated	MVC workspace resolution attempted for authenticated User; effective scope delegated	SegmentService#evaluate:domain authorization	params=[];headers=[];version=;consumes=[];produces=[] / params=[];headers=[];version=;consumes=[];produces=[]	false	unversioned	Backend maintainers	not measured; see API_SURFACE.md	not scheduled
OPTIONS	/api/segments/fields	ooo.klae.connex.backend.controllers.SegmentController#fields	authenticated	MVC workspace resolution attempted for authenticated User; effective scope delegated	SegmentService#fields:domain authorization	params=[];headers=[];version=;consumes=[];produces=[] / params=[];headers=[];version=;consumes=[];produces=[]	false	unversioned	Backend maintainers	not measured; see API_SURFACE.md	not scheduled
OPTIONS	/api/sequences	ooo.klae.connex.backend.controllers.SequenceController#create	authenticated	MVC workspace resolution attempted for authenticated User; effective scope delegated	SEQUENCE_MANAGE; SequenceService#create:SEQUENCE_MANAGE	params=[];headers=[];version=;consumes=[];produces=[] / params=[];headers=[];version=;consumes=[];produces=[] / feature=connex.sequences:[enabled]=true;matchIfMissing=false	false	unversioned	Backend maintainers	not measured; see API_SURFACE.md	not scheduled
OPTIONS	/api/sequences	ooo.klae.connex.backend.controllers.SequenceController#list	authenticated	MVC workspace resolution attempted for authenticated User; effective scope delegated	SEQUENCE_VIEW; SequenceService#list:SEQUENCE_VIEW	params=[];headers=[];version=;consumes=[];produces=[] / params=[];headers=[];version=;consumes=[];produces=[] / feature=connex.sequences:[enabled]=true;matchIfMissing=false	false	unversioned	Backend maintainers	not measured; see API_SURFACE.md	not scheduled
OPTIONS	/api/sequences/merge-fields	ooo.klae.connex.backend.controllers.SequenceController#mergeFields	authenticated	MVC workspace resolution attempted for authenticated User; effective scope delegated	SEQUENCE_VIEW; SequencePreviewService#mergeFields:SEQUENCE_VIEW	params=[];headers=[];version=;consumes=[];produces=[] / params=[];headers=[];version=;consumes=[];produces=[] / feature=connex.sequences:[enabled]=true;matchIfMissing=false	false	unversioned	Backend maintainers	not measured; see API_SURFACE.md	not scheduled
OPTIONS	/api/sequences/{id}	ooo.klae.connex.backend.controllers.SequenceController#archive	authenticated	MVC workspace resolution attempted for authenticated User; effective scope delegated	SEQUENCE_MANAGE; SequenceService#archive:SEQUENCE_MANAGE	params=[];headers=[];version=;consumes=[];produces=[] / params=[];headers=[];version=;consumes=[];produces=[] / feature=connex.sequences:[enabled]=true;matchIfMissing=false	false	unversioned	Backend maintainers	not measured; see API_SURFACE.md	not scheduled
OPTIONS	/api/sequences/{id}	ooo.klae.connex.backend.controllers.SequenceController#get	authenticated	MVC workspace resolution attempted for authenticated User; effective scope delegated	SEQUENCE_VIEW; SequenceService#get:SEQUENCE_VIEW	params=[];headers=[];version=;consumes=[];produces=[] / params=[];headers=[];version=;consumes=[];produces=[] / feature=connex.sequences:[enabled]=true;matchIfMissing=false	false	unversioned	Backend maintainers	not measured; see API_SURFACE.md	not scheduled
OPTIONS	/api/sequences/{id}	ooo.klae.connex.backend.controllers.SequenceController#update	authenticated	MVC workspace resolution attempted for authenticated User; effective scope delegated	SEQUENCE_MANAGE; SequenceService#update:SEQUENCE_MANAGE	params=[];headers=[];version=;consumes=[];produces=[] / params=[];headers=[];version=;consumes=[];produces=[] / feature=connex.sequences:[enabled]=true;matchIfMissing=false	false	unversioned	Backend maintainers	not measured; see API_SURFACE.md	not scheduled
OPTIONS	/api/sequences/{id}/versions	ooo.klae.connex.backend.controllers.SequenceController#listVersions	authenticated	MVC workspace resolution attempted for authenticated User; effective scope delegated	SEQUENCE_VIEW; SequenceVersionService#list:SEQUENCE_VIEW	params=[];headers=[];version=;consumes=[];produces=[] / params=[];headers=[];version=;consumes=[];produces=[] / feature=connex.sequences:[enabled]=true;matchIfMissing=false	false	unversioned	Backend maintainers	not measured; see API_SURFACE.md	not scheduled
OPTIONS	/api/sequences/{id}/versions	ooo.klae.connex.backend.controllers.SequenceController#publish	authenticated	MVC workspace resolution attempted for authenticated User; effective scope delegated	SEQUENCE_MANAGE; SequenceVersionService#publish:SEQUENCE_MANAGE	params=[];headers=[];version=;consumes=[];produces=[] / params=[];headers=[];version=;consumes=[];produces=[] / feature=connex.sequences:[enabled]=true;matchIfMissing=false	false	unversioned	Backend maintainers	not measured; see API_SURFACE.md	not scheduled
OPTIONS	/api/sequences/{id}/versions/{version}	ooo.klae.connex.backend.controllers.SequenceController#getVersion	authenticated	MVC workspace resolution attempted for authenticated User; effective scope delegated	SEQUENCE_VIEW; SequenceVersionService#get:SEQUENCE_VIEW	params=[];headers=[];version=;consumes=[];produces=[] / params=[];headers=[];version=;consumes=[];produces=[] / feature=connex.sequences:[enabled]=true;matchIfMissing=false	false	unversioned	Backend maintainers	not measured; see API_SURFACE.md	not scheduled
OPTIONS	/api/sequences/{id}/versions/{version}/preview	ooo.klae.connex.backend.controllers.SequenceController#preview	authenticated	MVC workspace resolution attempted for authenticated User; effective scope delegated	SEQUENCE_VIEW; SequencePreviewService#preview:SEQUENCE_VIEW	params=[];headers=[];version=;consumes=[];produces=[] / params=[];headers=[];version=;consumes=[];produces=[] / feature=connex.sequences:[enabled]=true;matchIfMissing=false	false	unversioned	Backend maintainers	not measured; see API_SURFACE.md	not scheduled
OPTIONS	/api/shares/{type}/{id}	ooo.klae.connex.backend.controllers.ShareController#list	authenticated	MVC workspace resolution attempted for authenticated User; effective scope delegated	ShareService#listShares:domain authorization	params=[];headers=[];version=;consumes=[];produces=[] / params=[];headers=[];version=;consumes=[];produces=[] / feature=:[connex.sharing.enabled]=true;matchIfMissing=true	false	unversioned	Backend maintainers	not measured; see API_SURFACE.md	not scheduled
OPTIONS	/api/shares/{type}/{id}	ooo.klae.connex.backend.controllers.ShareController#share	authenticated	MVC workspace resolution attempted for authenticated User; effective scope delegated	ShareService#share:domain authorization	params=[];headers=[];version=;consumes=[];produces=[] / params=[];headers=[];version=;consumes=[];produces=[] / feature=:[connex.sharing.enabled]=true;matchIfMissing=true	false	unversioned	Backend maintainers	not measured; see API_SURFACE.md	not scheduled
OPTIONS	/api/shares/{type}/{id}/{workspaceId}	ooo.klae.connex.backend.controllers.ShareController#unshare	authenticated	MVC workspace resolution attempted for authenticated User; effective scope delegated	ShareService#unshare:domain authorization	params=[];headers=[];version=;consumes=[];produces=[] / params=[];headers=[];version=;consumes=[];produces=[] / feature=:[connex.sharing.enabled]=true;matchIfMissing=true	false	unversioned	Backend maintainers	not measured; see API_SURFACE.md	not scheduled
OPTIONS	/api/suppressions	ooo.klae.connex.backend.controllers.SuppressionController#add	authenticated	MVC workspace resolution attempted for authenticated User; effective scope delegated	CONSENT_MANAGE; SuppressionService#add:CONSENT_MANAGE	params=[];headers=[];version=;consumes=[];produces=[] / params=[];headers=[];version=;consumes=[];produces=[]	false	unversioned	Backend maintainers	not measured; see API_SURFACE.md	not scheduled
OPTIONS	/api/suppressions	ooo.klae.connex.backend.controllers.SuppressionController#list	authenticated	MVC workspace resolution attempted for authenticated User; effective scope delegated	CONSENT_MANAGE; SuppressionService#list:CONSENT_MANAGE	params=[];headers=[];version=;consumes=[];produces=[] / params=[];headers=[];version=;consumes=[];produces=[]	false	unversioned	Backend maintainers	not measured; see API_SURFACE.md	not scheduled
OPTIONS	/api/suppressions/{id}	ooo.klae.connex.backend.controllers.SuppressionController#remove	authenticated	MVC workspace resolution attempted for authenticated User; effective scope delegated	CONSENT_MANAGE; SuppressionService#remove:CONSENT_MANAGE	params=[];headers=[];version=;consumes=[];produces=[] / params=[];headers=[];version=;consumes=[];produces=[]	false	unversioned	Backend maintainers	not measured; see API_SURFACE.md	not scheduled
OPTIONS	/api/tags	ooo.klae.connex.backend.controllers.TagController#createTag	authenticated	MVC workspace resolution attempted for authenticated User; effective scope delegated	TagService#create:TAG_MANAGE	params=[];headers=[];version=;consumes=[];produces=[] / params=[];headers=[];version=;consumes=[];produces=[]	false	unversioned	Backend maintainers	not measured; see API_SURFACE.md	not scheduled
OPTIONS	/api/tags	ooo.klae.connex.backend.controllers.TagController#getAllTags	authenticated	MVC workspace resolution attempted for authenticated User; effective scope delegated	TagService#getAllTags:domain authorization	params=[];headers=[];version=;consumes=[];produces=[] / params=[];headers=[];version=;consumes=[];produces=[]	false	unversioned	Backend maintainers	not measured; see API_SURFACE.md	not scheduled
OPTIONS	/api/tags/{id}	ooo.klae.connex.backend.controllers.TagController#deleteTag	authenticated	MVC workspace resolution attempted for authenticated User; effective scope delegated	TagService#delete:TAG_MANAGE	params=[];headers=[];version=;consumes=[];produces=[] / params=[];headers=[];version=;consumes=[];produces=[]	false	unversioned	Backend maintainers	not measured; see API_SURFACE.md	not scheduled
OPTIONS	/api/tags/{id}	ooo.klae.connex.backend.controllers.TagController#getTagById	authenticated	MVC workspace resolution attempted for authenticated User; effective scope delegated	TagService#getTagById:domain authorization	params=[];headers=[];version=;consumes=[];produces=[] / params=[];headers=[];version=;consumes=[];produces=[]	false	unversioned	Backend maintainers	not measured; see API_SURFACE.md	not scheduled
OPTIONS	/api/tags/{id}	ooo.klae.connex.backend.controllers.TagController#updateTag	authenticated	MVC workspace resolution attempted for authenticated User; effective scope delegated	TagService#update:TAG_MANAGE	params=[];headers=[];version=;consumes=[];produces=[] / params=[];headers=[];version=;consumes=[];produces=[]	false	unversioned	Backend maintainers	not measured; see API_SURFACE.md	not scheduled
OPTIONS	/api/tags/{id}/companies	ooo.klae.connex.backend.controllers.TagController#getCompaniesForTag	authenticated	MVC workspace resolution attempted for authenticated User; effective scope delegated	TagService#getCompaniesByTagId:domain authorization	params=[];headers=[];version=;consumes=[];produces=[] / params=[];headers=[];version=;consumes=[];produces=[]	false	unversioned	Backend maintainers	not measured; see API_SURFACE.md	not scheduled
OPTIONS	/api/tags/{id}/deals	ooo.klae.connex.backend.controllers.TagController#getDealsForTag	authenticated	MVC workspace resolution attempted for authenticated User; effective scope delegated	TagService#getDealsByTagId:domain authorization	params=[];headers=[];version=;consumes=[];produces=[] / params=[];headers=[];version=;consumes=[];produces=[]	false	unversioned	Backend maintainers	not measured; see API_SURFACE.md	not scheduled
OPTIONS	/api/tags/{id}/people	ooo.klae.connex.backend.controllers.TagController#getPeopleForTag	authenticated	MVC workspace resolution attempted for authenticated User; effective scope delegated	TagService#getPersonsByTagId:domain authorization	params=[];headers=[];version=;consumes=[];produces=[] / params=[];headers=[];version=;consumes=[];produces=[]	false	unversioned	Backend maintainers	not measured; see API_SURFACE.md	not scheduled
OPTIONS	/api/tasks	ooo.klae.connex.backend.controllers.TaskController#createTask	authenticated	MVC workspace resolution attempted for authenticated User; effective scope delegated	TaskService#create:TASK_CREATE	params=[];headers=[];version=;consumes=[];produces=[] / params=[];headers=[];version=;consumes=[];produces=[]	false	unversioned	Backend maintainers	not measured; see API_SURFACE.md	not scheduled
OPTIONS	/api/tasks	ooo.klae.connex.backend.controllers.TaskController#getTasks	authenticated	MVC workspace resolution attempted for authenticated User; effective scope delegated	TaskService#getTasksByAssignedToId:domain authorization; TaskService#getTasksByDealId:domain authorization; TaskService#getTasksByPersonId:domain authorization	params=[];headers=[];version=;consumes=[];produces=[] / params=[];headers=[];version=;consumes=[];produces=[]	false	unversioned	Backend maintainers	not measured; see API_SURFACE.md	not scheduled
OPTIONS	/api/tasks/page	ooo.klae.connex.backend.controllers.TaskController#getTasksPage	authenticated	MVC workspace resolution attempted for authenticated User; effective scope delegated	TaskService#countTasks:domain authorization; TaskService#getTasksPage:domain authorization	params=[];headers=[];version=;consumes=[];produces=[] / params=[];headers=[];version=;consumes=[];produces=[]	false	unversioned	Backend maintainers	not measured; see API_SURFACE.md	not scheduled
OPTIONS	/api/tasks/summary	ooo.klae.connex.backend.controllers.TaskController#getTaskSummary	authenticated	MVC workspace resolution attempted for authenticated User; effective scope delegated	TaskService#getTaskSummary:domain authorization	params=[];headers=[];version=;consumes=[];produces=[] / params=[];headers=[];version=;consumes=[];produces=[]	false	unversioned	Backend maintainers	not measured; see API_SURFACE.md	not scheduled
OPTIONS	/api/tasks/upcoming	ooo.klae.connex.backend.controllers.TaskController#getUpcomingTasks	authenticated	MVC workspace resolution attempted for authenticated User; effective scope delegated	TaskService#getUpcomingOpenTasks:domain authorization	params=[];headers=[];version=;consumes=[];produces=[] / params=[];headers=[];version=;consumes=[];produces=[]	false	unversioned	Backend maintainers	not measured; see API_SURFACE.md	not scheduled
OPTIONS	/api/tasks/{id}	ooo.klae.connex.backend.controllers.TaskController#deleteTask	authenticated	MVC workspace resolution attempted for authenticated User; effective scope delegated	TaskService#delete:TASK_DELETE	params=[];headers=[];version=;consumes=[];produces=[] / params=[];headers=[];version=;consumes=[];produces=[]	false	unversioned	Backend maintainers	not measured; see API_SURFACE.md	not scheduled
OPTIONS	/api/tasks/{id}	ooo.klae.connex.backend.controllers.TaskController#getTaskById	authenticated	MVC workspace resolution attempted for authenticated User; effective scope delegated	TaskService#getTaskById:domain authorization	params=[];headers=[];version=;consumes=[];produces=[] / params=[];headers=[];version=;consumes=[];produces=[]	false	unversioned	Backend maintainers	not measured; see API_SURFACE.md	not scheduled
OPTIONS	/api/tasks/{id}	ooo.klae.connex.backend.controllers.TaskController#updateTask	authenticated	MVC workspace resolution attempted for authenticated User; effective scope delegated	TaskService#update:TASK_UPDATE	params=[];headers=[];version=;consumes=[];produces=[] / params=[];headers=[];version=;consumes=[];produces=[]	false	unversioned	Backend maintainers	not measured; see API_SURFACE.md	not scheduled
OPTIONS	/api/tasks/{id}/complete	ooo.klae.connex.backend.controllers.TaskController#completeTask	authenticated	MVC workspace resolution attempted for authenticated User; effective scope delegated	TaskService#complete:TASK_UPDATE	params=[];headers=[];version=;consumes=[];produces=[] / params=[];headers=[];version=;consumes=[];produces=[]	false	unversioned	Backend maintainers	not measured; see API_SURFACE.md	not scheduled
OPTIONS	/api/tasks/{id}/move	ooo.klae.connex.backend.controllers.TaskController#moveTask	authenticated	MVC workspace resolution attempted for authenticated User; effective scope delegated	TaskService#move:TASK_UPDATE	params=[];headers=[];version=;consumes=[];produces=[] / params=[];headers=[];version=;consumes=[];produces=[]	false	unversioned	Backend maintainers	not measured; see API_SURFACE.md	not scheduled
OPTIONS	/api/tasks/{id}/reschedule	ooo.klae.connex.backend.controllers.TaskController#rescheduleTask	authenticated	MVC workspace resolution attempted for authenticated User; effective scope delegated	TaskService#reschedule:TASK_UPDATE	params=[];headers=[];version=;consumes=[];produces=[] / params=[];headers=[];version=;consumes=[];produces=[]	false	unversioned	Backend maintainers	not measured; see API_SURFACE.md	not scheduled
OPTIONS	/api/teams	ooo.klae.connex.backend.controllers.TeamController#create	authenticated	MVC workspace resolution attempted for authenticated User; effective scope delegated	TEAM_MANAGE; TeamService#create:TEAM_MANAGE	params=[];headers=[];version=;consumes=[];produces=[] / params=[];headers=[];version=;consumes=[];produces=[]	false	unversioned	Backend maintainers	not measured; see API_SURFACE.md	not scheduled
OPTIONS	/api/teams	ooo.klae.connex.backend.controllers.TeamController#list	authenticated	MVC workspace resolution attempted for authenticated User; effective scope delegated	TeamService#list:domain authorization	params=[];headers=[];version=;consumes=[];produces=[] / params=[];headers=[];version=;consumes=[];produces=[]	false	unversioned	Backend maintainers	not measured; see API_SURFACE.md	not scheduled
OPTIONS	/api/teams/{id:\d+}	ooo.klae.connex.backend.controllers.TeamController#get	authenticated	MVC workspace resolution attempted for authenticated User; effective scope delegated	TeamService#get:domain authorization	params=[];headers=[];version=;consumes=[];produces=[] / params=[];headers=[];version=;consumes=[];produces=[]	false	unversioned	Backend maintainers	not measured; see API_SURFACE.md	not scheduled
OPTIONS	/api/teams/{id:\d+}	ooo.klae.connex.backend.controllers.TeamController#update	authenticated	MVC workspace resolution attempted for authenticated User; effective scope delegated	TEAM_MANAGE; TeamService#update:TEAM_MANAGE	params=[];headers=[];version=;consumes=[];produces=[] / params=[];headers=[];version=;consumes=[];produces=[]	false	unversioned	Backend maintainers	not measured; see API_SURFACE.md	not scheduled
OPTIONS	/api/teams/{id:\d+}/archive	ooo.klae.connex.backend.controllers.TeamController#archive	authenticated	MVC workspace resolution attempted for authenticated User; effective scope delegated	TEAM_MANAGE; TeamService#archive:TEAM_MANAGE	params=[];headers=[];version=;consumes=[];produces=[] / params=[];headers=[];version=;consumes=[];produces=[]	false	unversioned	Backend maintainers	not measured; see API_SURFACE.md	not scheduled
OPTIONS	/api/teams/{id:\d+}/members	ooo.klae.connex.backend.controllers.TeamController#addMember	authenticated	MVC workspace resolution attempted for authenticated User; effective scope delegated	TEAM_MANAGE; TeamService#addMember:TEAM_MANAGE	params=[];headers=[];version=;consumes=[];produces=[] / params=[];headers=[];version=;consumes=[];produces=[]	false	unversioned	Backend maintainers	not measured; see API_SURFACE.md	not scheduled
OPTIONS	/api/teams/{id:\d+}/members/{userId:\d+}	ooo.klae.connex.backend.controllers.TeamController#removeMember	authenticated	MVC workspace resolution attempted for authenticated User; effective scope delegated	TEAM_MANAGE; TeamService#removeMember:TEAM_MANAGE	params=[];headers=[];version=;consumes=[];produces=[] / params=[];headers=[];version=;consumes=[];produces=[]	false	unversioned	Backend maintainers	not measured; see API_SURFACE.md	not scheduled
OPTIONS	/api/users	ooo.klae.connex.backend.controllers.UserController#createUser	authenticated	MVC workspace resolution attempted for authenticated User; effective scope delegated	AuthService#getCurrentUser:domain authorization; AuthService#register:domain authorization; SessionSecurityService#requireRecentAuthentication:domain authorization; WorkspaceService#requirePermission:domain authorization; explicit:MEMBER_MANAGE	params=[];headers=[];version=;consumes=[];produces=[] / params=[];headers=[];version=;consumes=[];produces=[]	false	unversioned	Backend maintainers	not measured; see API_SURFACE.md	not scheduled
OPTIONS	/api/users	ooo.klae.connex.backend.controllers.UserController#getAllUsers	authenticated	MVC workspace resolution attempted for authenticated User; effective scope delegated	UserService#getAllUsers:domain authorization	params=[];headers=[];version=;consumes=[];produces=[] / params=[];headers=[];version=;consumes=[];produces=[]	false	unversioned	Backend maintainers	not measured; see API_SURFACE.md	not scheduled
OPTIONS	/api/users/me	ooo.klae.connex.backend.controllers.UserController#updateCurrentUser	authenticated	MVC workspace resolution attempted for authenticated User; effective scope delegated	AuthService#getCurrentUser:domain authorization; UserService#updateTimezone:domain authorization	params=[];headers=[];version=;consumes=[];produces=[] / params=[];headers=[];version=;consumes=[];produces=[]	false	unversioned	Backend maintainers	not measured; see API_SURFACE.md	not scheduled
OPTIONS	/api/users/me/email-change	ooo.klae.connex.backend.controllers.EmailChangeController#request	authenticated	MVC workspace resolution attempted for authenticated User; effective scope delegated	ClientIpResolver#resolve:domain authorization; EmailChangeService#requestChange:domain authorization	params=[];headers=[];version=;consumes=[];produces=[]	false	unversioned	Backend maintainers	not measured; see API_SURFACE.md	not scheduled
OPTIONS	/api/users/me/locale	ooo.klae.connex.backend.controllers.UserController#updateCurrentUserLocale	authenticated	MVC workspace resolution attempted for authenticated User; effective scope delegated	AuthService#getCurrentUser:domain authorization; UserService#updateLocale:domain authorization	params=[];headers=[];version=;consumes=[];produces=[] / params=[];headers=[];version=;consumes=[];produces=[]	false	unversioned	Backend maintainers	not measured; see API_SURFACE.md	not scheduled
OPTIONS	/api/users/me/profile-picture	ooo.klae.connex.backend.controllers.UserController#updateCurrentProfilePicture	authenticated	MVC workspace resolution attempted for authenticated User; effective scope delegated	AuthService#getCurrentUser:domain authorization; UserService#updateCurrentProfilePicture:domain authorization	params=[];headers=[];version=;consumes=[];produces=[] / params=[];headers=[];version=;consumes=[multipart/form-data];produces=[]	false	unversioned	Backend maintainers	not measured; see API_SURFACE.md	not scheduled
OPTIONS	/api/users/me/verify-email/resend	ooo.klae.connex.backend.controllers.RegistrationVerificationController#resend	authenticated	MVC workspace resolution attempted for authenticated User; effective scope delegated	AuthService#getCurrentUser:domain authorization; ClientIpResolver#resolve:domain authorization; RegistrationVerificationService#issue:domain authorization	params=[];headers=[];version=;consumes=[];produces=[]	false	unversioned	Backend maintainers	not measured; see API_SURFACE.md	not scheduled
OPTIONS	/api/users/references	ooo.klae.connex.backend.controllers.UserController#getUserReferences	authenticated	MVC workspace resolution attempted for authenticated User; effective scope delegated	UserService#getActiveWorkspaceMemberReferences:domain authorization	params=[];headers=[];version=;consumes=[];produces=[] / params=[];headers=[];version=;consumes=[];produces=[]	false	unversioned	Backend maintainers	not measured; see API_SURFACE.md	not scheduled
OPTIONS	/api/users/{id}	ooo.klae.connex.backend.controllers.UserController#deleteUser	authenticated	MVC workspace resolution attempted for authenticated User; effective scope delegated	UserService#delete:domain authorization	params=[];headers=[];version=;consumes=[];produces=[] / params=[];headers=[];version=;consumes=[];produces=[]	false	unversioned	Backend maintainers	not measured; see API_SURFACE.md	not scheduled
OPTIONS	/api/users/{id}	ooo.klae.connex.backend.controllers.UserController#getUserById	authenticated	MVC workspace resolution attempted for authenticated User; effective scope delegated	UserService#getUserById:domain authorization	params=[];headers=[];version=;consumes=[];produces=[] / params=[];headers=[];version=;consumes=[];produces=[]	false	unversioned	Backend maintainers	not measured; see API_SURFACE.md	not scheduled
OPTIONS	/api/users/{id}	ooo.klae.connex.backend.controllers.UserController#updateUser	authenticated	MVC workspace resolution attempted for authenticated User; effective scope delegated	UserService#update:domain authorization	params=[];headers=[];version=;consumes=[];produces=[] / params=[];headers=[];version=;consumes=[];produces=[]	false	unversioned	Backend maintainers	not measured; see API_SURFACE.md	not scheduled
OPTIONS	/api/users/{id}/activities	ooo.klae.connex.backend.controllers.UserController#getActivitiesForUser	authenticated	MVC workspace resolution attempted for authenticated User; effective scope delegated	UserService#getActivitiesByUserId:domain authorization	params=[];headers=[];version=;consumes=[];produces=[] / params=[];headers=[];version=;consumes=[];produces=[]	false	unversioned	Backend maintainers	not measured; see API_SURFACE.md	not scheduled
OPTIONS	/api/users/{id}/notes	ooo.klae.connex.backend.controllers.UserController#getNotesForUser	authenticated	MVC workspace resolution attempted for authenticated User; effective scope delegated	UserService#getNotesByUserId:domain authorization	params=[];headers=[];version=;consumes=[];produces=[] / params=[];headers=[];version=;consumes=[];produces=[]	false	unversioned	Backend maintainers	not measured; see API_SURFACE.md	not scheduled
OPTIONS	/api/users/{id}/profile-picture/{token:.+}	ooo.klae.connex.backend.controllers.UserController#getProfilePicture	authenticated	MVC workspace resolution attempted for authenticated User; effective scope delegated	UserService#getProfilePictureContent:domain authorization	params=[];headers=[];version=;consumes=[];produces=[] / params=[];headers=[];version=;consumes=[];produces=[]	false	unversioned	Backend maintainers	not measured; see API_SURFACE.md	not scheduled
OPTIONS	/api/users/{id}/tasks	ooo.klae.connex.backend.controllers.UserController#getTasksForUser	authenticated	MVC workspace resolution attempted for authenticated User; effective scope delegated	UserService#getTasksByUserId:domain authorization	params=[];headers=[];version=;consumes=[];produces=[] / params=[];headers=[];version=;consumes=[];produces=[]	false	unversioned	Backend maintainers	not measured; see API_SURFACE.md	not scheduled
OPTIONS	/api/v1/me	ooo.klae.connex.backend.controllers.v1.PublicApiIdentityController#me	public-api deny/preflight; disabled unless connex.public-api.enabled	credential-bound workspace	ApiCredentialService#currentCredential:domain authorization	params=[];headers=[];version=;consumes=[];produces=[] / params=[];headers=[];version=;consumes=[];produces=[] / feature=:[connex.public-api.enabled]=true;matchIfMissing=false	false	v1	Backend maintainers	not measured; see API_SURFACE.md	not scheduled
OPTIONS	/api/version	ooo.klae.connex.backend.controllers.VersionController#version	authenticated	no MVC workspace resolution; domain scope if applicable	controller/filter boundary; no direct annotated service call	params=[];headers=[];version=;consumes=[];produces=[] / params=[];headers=[];version=;consumes=[];produces=[]	false	unversioned	Backend maintainers	not measured; see API_SURFACE.md	not scheduled
OPTIONS	/api/workflow-interventions/{interventionId}/owner	ooo.klae.connex.backend.controllers.WorkflowOperationsController#updateOwner	authenticated	MVC workspace resolution attempted for authenticated User; effective scope delegated	WorkflowInterventionService#updateOwner:RULE_MANAGE	params=[];headers=[];version=;consumes=[];produces=[] / params=[];headers=[];version=;consumes=[];produces=[]	false	unversioned	Backend maintainers	not measured; see API_SURFACE.md	not scheduled
OPTIONS	/api/workflow-interventions/{interventionId}/resolve	ooo.klae.connex.backend.controllers.WorkflowOperationsController#resolve	authenticated	MVC workspace resolution attempted for authenticated User; effective scope delegated	WorkflowInterventionService#resolve:RULE_MANAGE	params=[];headers=[];version=;consumes=[];produces=[] / params=[];headers=[];version=;consumes=[];produces=[]	false	unversioned	Backend maintainers	not measured; see API_SURFACE.md	not scheduled
OPTIONS	/api/workflow-operations/runs	ooo.klae.connex.backend.controllers.WorkflowOperationsController#runs	authenticated	MVC workspace resolution attempted for authenticated User; effective scope delegated	WorkflowOperationsService#runs:RULE_MANAGE	params=[];headers=[];version=;consumes=[];produces=[] / params=[];headers=[];version=;consumes=[];produces=[]	false	unversioned	Backend maintainers	not measured; see API_SURFACE.md	not scheduled
OPTIONS	/api/workflow-operations/summary	ooo.klae.connex.backend.controllers.WorkflowOperationsController#summary	authenticated	MVC workspace resolution attempted for authenticated User; effective scope delegated	WorkflowOperationsService#summary:RULE_MANAGE	params=[];headers=[];version=;consumes=[];produces=[] / params=[];headers=[];version=;consumes=[];produces=[]	false	unversioned	Backend maintainers	not measured; see API_SURFACE.md	not scheduled
OPTIONS	/api/workflow-recipes	ooo.klae.connex.backend.controllers.WorkflowRecipeController#list	authenticated	MVC workspace resolution attempted for authenticated User; effective scope delegated	WorkflowRecipeService#list:RULE_MANAGE	params=[];headers=[];version=;consumes=[];produces=[] / params=[];headers=[];version=;consumes=[];produces=[]	false	unversioned	Backend maintainers	not measured; see API_SURFACE.md	not scheduled
OPTIONS	/api/workflow-recipes/{recipeKey}	ooo.klae.connex.backend.controllers.WorkflowRecipeController#get	authenticated	MVC workspace resolution attempted for authenticated User; effective scope delegated	WorkflowRecipeService#get:RULE_MANAGE	params=[];headers=[];version=;consumes=[];produces=[] / params=[];headers=[];version=;consumes=[];produces=[]	false	unversioned	Backend maintainers	not measured; see API_SURFACE.md	not scheduled
OPTIONS	/api/workflow-recipes/{recipeKey}/install	ooo.klae.connex.backend.controllers.WorkflowRecipeController#install	authenticated	MVC workspace resolution attempted for authenticated User; effective scope delegated	WorkflowRecipeService#install:RULE_MANAGE	params=[];headers=[];version=;consumes=[];produces=[] / params=[];headers=[];version=;consumes=[];produces=[]	false	unversioned	Backend maintainers	not measured; see API_SURFACE.md	not scheduled
OPTIONS	/api/workflow-recipes/{recipeKey}/preview	ooo.klae.connex.backend.controllers.WorkflowRecipeController#preview	authenticated	MVC workspace resolution attempted for authenticated User; effective scope delegated	WorkflowRecipeService#preview:RULE_MANAGE	params=[];headers=[];version=;consumes=[];produces=[] / params=[];headers=[];version=;consumes=[];produces=[]	false	unversioned	Backend maintainers	not measured; see API_SURFACE.md	not scheduled
OPTIONS	/api/workflows	ooo.klae.connex.backend.controllers.WorkflowController#create	authenticated	MVC workspace resolution attempted for authenticated User; effective scope delegated	WorkflowService#create:RULE_MANAGE	params=[];headers=[];version=;consumes=[];produces=[] / params=[];headers=[];version=;consumes=[];produces=[]	false	unversioned	Backend maintainers	not measured; see API_SURFACE.md	not scheduled
OPTIONS	/api/workflows	ooo.klae.connex.backend.controllers.WorkflowController#list	authenticated	MVC workspace resolution attempted for authenticated User; effective scope delegated	WorkflowService#list:RULE_MANAGE	params=[];headers=[];version=;consumes=[];produces=[] / params=[];headers=[];version=;consumes=[];produces=[]	false	unversioned	Backend maintainers	not measured; see API_SURFACE.md	not scheduled
OPTIONS	/api/workflows/legacy-rules/{legacyRuleId}	ooo.klae.connex.backend.controllers.WorkflowController#resolveLegacyRule	authenticated	MVC workspace resolution attempted for authenticated User; effective scope delegated	WorkflowService#resolveLegacyRule:RULE_MANAGE	params=[];headers=[];version=;consumes=[];produces=[] / params=[];headers=[];version=;consumes=[];produces=[]	false	unversioned	Backend maintainers	not measured; see API_SURFACE.md	not scheduled
OPTIONS	/api/workflows/{id}	ooo.klae.connex.backend.controllers.WorkflowController#get	authenticated	MVC workspace resolution attempted for authenticated User; effective scope delegated	WorkflowService#getById:RULE_MANAGE	params=[];headers=[];version=;consumes=[];produces=[] / params=[];headers=[];version=;consumes=[];produces=[]	false	unversioned	Backend maintainers	not measured; see API_SURFACE.md	not scheduled
OPTIONS	/api/workflows/{id}/archive	ooo.klae.connex.backend.controllers.WorkflowController#archive	authenticated	MVC workspace resolution attempted for authenticated User; effective scope delegated	WorkflowService#archive:RULE_MANAGE	params=[];headers=[];version=;consumes=[];produces=[] / params=[];headers=[];version=;consumes=[];produces=[]	false	unversioned	Backend maintainers	not measured; see API_SURFACE.md	not scheduled
OPTIONS	/api/workflows/{id}/disable	ooo.klae.connex.backend.controllers.WorkflowController#disable	authenticated	MVC workspace resolution attempted for authenticated User; effective scope delegated	WorkflowService#disable:RULE_MANAGE	params=[];headers=[];version=;consumes=[];produces=[] / params=[];headers=[];version=;consumes=[];produces=[]	false	unversioned	Backend maintainers	not measured; see API_SURFACE.md	not scheduled
OPTIONS	/api/workflows/{id}/draft	ooo.klae.connex.backend.controllers.WorkflowController#saveDraft	authenticated	MVC workspace resolution attempted for authenticated User; effective scope delegated	WorkflowService#saveDraft:RULE_MANAGE	params=[];headers=[];version=;consumes=[];produces=[] / params=[];headers=[];version=;consumes=[];produces=[]	false	unversioned	Backend maintainers	not measured; see API_SURFACE.md	not scheduled
OPTIONS	/api/workflows/{id}/enable	ooo.klae.connex.backend.controllers.WorkflowController#enable	authenticated	MVC workspace resolution attempted for authenticated User; effective scope delegated	WorkflowService#enable:RULE_MANAGE	params=[];headers=[];version=;consumes=[];produces=[] / params=[];headers=[];version=;consumes=[];produces=[]	false	unversioned	Backend maintainers	not measured; see API_SURFACE.md	not scheduled
OPTIONS	/api/workflows/{id}/pause	ooo.klae.connex.backend.controllers.WorkflowController#pause	authenticated	MVC workspace resolution attempted for authenticated User; effective scope delegated	WorkflowService#pause:RULE_MANAGE	params=[];headers=[];version=;consumes=[];produces=[] / params=[];headers=[];version=;consumes=[];produces=[]	false	unversioned	Backend maintainers	not measured; see API_SURFACE.md	not scheduled
OPTIONS	/api/workflows/{id}/publish	ooo.klae.connex.backend.controllers.WorkflowController#publish	authenticated	MVC workspace resolution attempted for authenticated User; effective scope delegated	WorkflowService#publish:RULE_MANAGE	params=[];headers=[];version=;consumes=[];produces=[] / params=[];headers=[];version=;consumes=[];produces=[]	false	unversioned	Backend maintainers	not measured; see API_SURFACE.md	not scheduled
OPTIONS	/api/workflows/{id}/restore	ooo.klae.connex.backend.controllers.WorkflowController#restore	authenticated	MVC workspace resolution attempted for authenticated User; effective scope delegated	WorkflowService#restore:RULE_MANAGE	params=[];headers=[];version=;consumes=[];produces=[] / params=[];headers=[];version=;consumes=[];produces=[]	false	unversioned	Backend maintainers	not measured; see API_SURFACE.md	not scheduled
OPTIONS	/api/workflows/{id}/resume	ooo.klae.connex.backend.controllers.WorkflowController#resume	authenticated	MVC workspace resolution attempted for authenticated User; effective scope delegated	WorkflowService#resume:RULE_MANAGE	params=[];headers=[];version=;consumes=[];produces=[] / params=[];headers=[];version=;consumes=[];produces=[]	false	unversioned	Backend maintainers	not measured; see API_SURFACE.md	not scheduled
OPTIONS	/api/workflows/{id}/runtime/canonical	ooo.klae.connex.backend.controllers.WorkflowController#cutOverToCanonical	authenticated	MVC workspace resolution attempted for authenticated User; effective scope delegated	WorkflowRuntimeOwnershipService#cutOverToCanonical:RULE_MANAGE	params=[];headers=[];version=;consumes=[];produces=[] / params=[];headers=[];version=;consumes=[];produces=[]	false	unversioned	Backend maintainers	not measured; see API_SURFACE.md	not scheduled
OPTIONS	/api/workflows/{id}/runtime/legacy	ooo.klae.connex.backend.controllers.WorkflowController#rollBackToLegacy	authenticated	MVC workspace resolution attempted for authenticated User; effective scope delegated	WorkflowRuntimeOwnershipService#rollBackToLegacy:RULE_MANAGE	params=[];headers=[];version=;consumes=[];produces=[] / params=[];headers=[];version=;consumes=[];produces=[]	false	unversioned	Backend maintainers	not measured; see API_SURFACE.md	not scheduled
OPTIONS	/api/workflows/{id}/simulate	ooo.klae.connex.backend.controllers.WorkflowController#simulate	authenticated	MVC workspace resolution attempted for authenticated User; effective scope delegated	WorkflowSimulationService#simulate:RULE_MANAGE	params=[];headers=[];version=;consumes=[];produces=[] / params=[];headers=[];version=;consumes=[];produces=[]	false	unversioned	Backend maintainers	not measured; see API_SURFACE.md	not scheduled
OPTIONS	/api/workflows/{id}/validate	ooo.klae.connex.backend.controllers.WorkflowController#validate	authenticated	MVC workspace resolution attempted for authenticated User; effective scope delegated	WorkflowService#validate:RULE_MANAGE	params=[];headers=[];version=;consumes=[];produces=[] / params=[];headers=[];version=;consumes=[];produces=[]	false	unversioned	Backend maintainers	not measured; see API_SURFACE.md	not scheduled
OPTIONS	/api/workflows/{id}/versions	ooo.klae.connex.backend.controllers.WorkflowController#versions	authenticated	MVC workspace resolution attempted for authenticated User; effective scope delegated	WorkflowService#versions:RULE_MANAGE	params=[];headers=[];version=;consumes=[];produces=[] / params=[];headers=[];version=;consumes=[];produces=[]	false	unversioned	Backend maintainers	not measured; see API_SURFACE.md	not scheduled
OPTIONS	/api/workflows/{workflowId}/manual-runs	ooo.klae.connex.backend.controllers.WorkflowManualRunController#confirm	authenticated	MVC workspace resolution attempted for authenticated User; effective scope delegated	WorkflowManualRunService#confirm:RULE_MANAGE	params=[];headers=[];version=;consumes=[];produces=[] / params=[];headers=[];version=;consumes=[];produces=[]	false	unversioned	Backend maintainers	not measured; see API_SURFACE.md	not scheduled
OPTIONS	/api/workflows/{workflowId}/manual-runs/prepare	ooo.klae.connex.backend.controllers.WorkflowManualRunController#prepare	authenticated	MVC workspace resolution attempted for authenticated User; effective scope delegated	WorkflowManualRunService#prepare:RULE_MANAGE	params=[];headers=[];version=;consumes=[];produces=[] / params=[];headers=[];version=;consumes=[];produces=[]	false	unversioned	Backend maintainers	not measured; see API_SURFACE.md	not scheduled
OPTIONS	/api/workflows/{workflowId}/manual-runs/{invocationId}	ooo.klae.connex.backend.controllers.WorkflowManualRunController#get	authenticated	MVC workspace resolution attempted for authenticated User; effective scope delegated	WorkflowManualRunService#get:RULE_MANAGE	params=[];headers=[];version=;consumes=[];produces=[] / params=[];headers=[];version=;consumes=[];produces=[]	false	unversioned	Backend maintainers	not measured; see API_SURFACE.md	not scheduled
OPTIONS	/api/workflows/{workflowId}/manual-runs/{invocationId}/cancel	ooo.klae.connex.backend.controllers.WorkflowManualRunController#cancel	authenticated	MVC workspace resolution attempted for authenticated User; effective scope delegated	WorkflowManualRunService#cancel:RULE_MANAGE	params=[];headers=[];version=;consumes=[];produces=[] / params=[];headers=[];version=;consumes=[];produces=[]	false	unversioned	Backend maintainers	not measured; see API_SURFACE.md	not scheduled
OPTIONS	/api/workflows/{workflowId}/operations	ooo.klae.connex.backend.controllers.WorkflowOperationsController#workflow	authenticated	MVC workspace resolution attempted for authenticated User; effective scope delegated	WorkflowOperationsService#workflow:RULE_MANAGE	params=[];headers=[];version=;consumes=[];produces=[] / params=[];headers=[];version=;consumes=[];produces=[]	false	unversioned	Backend maintainers	not measured; see API_SURFACE.md	not scheduled
OPTIONS	/api/workflows/{workflowId}/runs	ooo.klae.connex.backend.controllers.WorkflowRunController#list	authenticated	MVC workspace resolution attempted for authenticated User; effective scope delegated	WorkflowRunReadService#listRuns:RULE_MANAGE	params=[];headers=[];version=;consumes=[];produces=[] / params=[];headers=[];version=;consumes=[];produces=[]	false	unversioned	Backend maintainers	not measured; see API_SURFACE.md	not scheduled
OPTIONS	/api/workflows/{workflowId}/runs/{runKey}	ooo.klae.connex.backend.controllers.WorkflowRunController#get	authenticated	MVC workspace resolution attempted for authenticated User; effective scope delegated	WorkflowRunReadService#getRun:RULE_MANAGE	params=[];headers=[];version=;consumes=[];produces=[] / params=[];headers=[];version=;consumes=[];produces=[]	false	unversioned	Backend maintainers	not measured; see API_SURFACE.md	not scheduled
OPTIONS	/api/workflows/{workflowId}/runs/{runKey}/cancel	ooo.klae.connex.backend.controllers.WorkflowRunController#cancel	authenticated	MVC workspace resolution attempted for authenticated User; effective scope delegated	WorkflowRunOperationService#cancel:RULE_MANAGE	params=[];headers=[];version=;consumes=[];produces=[] / params=[];headers=[];version=;consumes=[];produces=[]	false	unversioned	Backend maintainers	not measured; see API_SURFACE.md	not scheduled
OPTIONS	/api/workflows/{workflowId}/runs/{runKey}/retry	ooo.klae.connex.backend.controllers.WorkflowRunController#retry	authenticated	MVC workspace resolution attempted for authenticated User; effective scope delegated	WorkflowRunOperationService#retry:RULE_MANAGE	params=[];headers=[];version=;consumes=[];produces=[] / params=[];headers=[];version=;consumes=[];produces=[]	false	unversioned	Backend maintainers	not measured; see API_SURFACE.md	not scheduled
OPTIONS	/api/workspaces	ooo.klae.connex.backend.controllers.WorkspaceController#create	authenticated	MVC workspace resolution attempted for authenticated User; effective scope delegated	AuthService#getCurrentUser:domain authorization; WorkspaceCookie#set:domain authorization; WorkspaceService#createWorkspace:domain authorization; WorkspaceService#rememberActive:domain authorization	params=[];headers=[];version=;consumes=[];produces=[] / params=[];headers=[];version=;consumes=[];produces=[]	false	unversioned	Backend maintainers	not measured; see API_SURFACE.md	not scheduled
OPTIONS	/api/workspaces	ooo.klae.connex.backend.controllers.WorkspaceController#myWorkspaces	authenticated	MVC workspace resolution attempted for authenticated User; effective scope delegated	AuthService#getCurrentUser:domain authorization; WorkspaceService#defaultWorkspaceIdFor:domain authorization; WorkspaceService#getMembershipsForCurrentUser:domain authorization	params=[];headers=[];version=;consumes=[];produces=[] / params=[];headers=[];version=;consumes=[];produces=[]	false	unversioned	Backend maintainers	not measured; see API_SURFACE.md	not scheduled
OPTIONS	/api/workspaces/pending	ooo.klae.connex.backend.controllers.WorkspaceController#pending	authenticated	MVC workspace resolution attempted for authenticated User; effective scope delegated	AuthService#getCurrentUser:domain authorization; WorkspaceService#pendingMemberships:domain authorization	params=[];headers=[];version=;consumes=[];produces=[] / params=[];headers=[];version=;consumes=[];produces=[]	false	unversioned	Backend maintainers	not measured; see API_SURFACE.md	not scheduled
OPTIONS	/api/workspaces/{id}	ooo.klae.connex.backend.controllers.WorkspaceController#updateIdentity	authenticated	MVC workspace resolution attempted for authenticated User; effective scope delegated	AuthService#getCurrentUser:domain authorization; WorkspaceService#updateIdentity:domain authorization	params=[];headers=[];version=;consumes=[];produces=[] / params=[];headers=[];version=;consumes=[];produces=[]	false	unversioned	Backend maintainers	not measured; see API_SURFACE.md	not scheduled
OPTIONS	/api/workspaces/{id}/accept	ooo.klae.connex.backend.controllers.WorkspaceController#accept	authenticated	MVC workspace resolution attempted for authenticated User; effective scope delegated	AuthService#getCurrentUser:domain authorization; WorkspaceCookie#set:domain authorization; WorkspaceService#approveMembership:domain authorization; WorkspaceService#rememberActive:domain authorization	params=[];headers=[];version=;consumes=[];produces=[] / params=[];headers=[];version=;consumes=[];produces=[]	false	unversioned	Backend maintainers	not measured; see API_SURFACE.md	not scheduled
OPTIONS	/api/workspaces/{id}/allowed-domains	ooo.klae.connex.backend.controllers.WorkspaceController#addAllowedDomain	authenticated	MVC workspace resolution attempted for authenticated User; effective scope delegated	AllowedDomainService#addDomain:domain authorization; AuthService#getCurrentUser:domain authorization	params=[];headers=[];version=;consumes=[];produces=[] / params=[];headers=[];version=;consumes=[];produces=[]	false	unversioned	Backend maintainers	not measured; see API_SURFACE.md	not scheduled
OPTIONS	/api/workspaces/{id}/allowed-domains	ooo.klae.connex.backend.controllers.WorkspaceController#allowedDomains	authenticated	MVC workspace resolution attempted for authenticated User; effective scope delegated	AllowedDomainService#listDomains:domain authorization; AuthService#getCurrentUser:domain authorization	params=[];headers=[];version=;consumes=[];produces=[] / params=[];headers=[];version=;consumes=[];produces=[]	false	unversioned	Backend maintainers	not measured; see API_SURFACE.md	not scheduled
OPTIONS	/api/workspaces/{id}/allowed-domains	ooo.klae.connex.backend.controllers.WorkspaceController#removeAllowedDomain	authenticated	MVC workspace resolution attempted for authenticated User; effective scope delegated	AllowedDomainService#removeDomain:domain authorization; AuthService#getCurrentUser:domain authorization	params=[];headers=[];version=;consumes=[];produces=[] / params=[];headers=[];version=;consumes=[];produces=[]	false	unversioned	Backend maintainers	not measured; see API_SURFACE.md	not scheduled
OPTIONS	/api/workspaces/{id}/decline	ooo.klae.connex.backend.controllers.WorkspaceController#decline	authenticated	MVC workspace resolution attempted for authenticated User; effective scope delegated	AuthService#getCurrentUser:domain authorization; WorkspaceService#declineMembership:domain authorization	params=[];headers=[];version=;consumes=[];produces=[] / params=[];headers=[];version=;consumes=[];produces=[]	false	unversioned	Backend maintainers	not measured; see API_SURFACE.md	not scheduled
OPTIONS	/api/workspaces/{id}/diagnostics	ooo.klae.connex.backend.controllers.TenantDiagnosticsController#workspaceDiagnostics	authenticated	MVC workspace resolution attempted for authenticated User; effective scope delegated	AuthService#getCurrentUser:domain authorization; TenantDiagnosticsService#forWorkspace:domain authorization; WorkspaceService#requirePermission:domain authorization; explicit:WORKSPACE_SETTINGS	params=[];headers=[];version=;consumes=[];produces=[]	false	unversioned	Backend maintainers	not measured; see API_SURFACE.md	not scheduled
OPTIONS	/api/workspaces/{id}/invite-links	ooo.klae.connex.backend.controllers.WorkspaceController#createInviteLink	authenticated	MVC workspace resolution attempted for authenticated User; effective scope delegated	AuthService#getCurrentUser:domain authorization; InviteLinkService#createLink:domain authorization	params=[];headers=[];version=;consumes=[];produces=[] / params=[];headers=[];version=;consumes=[];produces=[]	false	unversioned	Backend maintainers	not measured; see API_SURFACE.md	not scheduled
OPTIONS	/api/workspaces/{id}/invite-links	ooo.klae.connex.backend.controllers.WorkspaceController#inviteLinks	authenticated	MVC workspace resolution attempted for authenticated User; effective scope delegated	AuthService#getCurrentUser:domain authorization; InviteLinkService#listLinks:domain authorization	params=[];headers=[];version=;consumes=[];produces=[] / params=[];headers=[];version=;consumes=[];produces=[]	false	unversioned	Backend maintainers	not measured; see API_SURFACE.md	not scheduled
OPTIONS	/api/workspaces/{id}/invite-links/{linkId}	ooo.klae.connex.backend.controllers.WorkspaceController#revokeInviteLink	authenticated	MVC workspace resolution attempted for authenticated User; effective scope delegated	AuthService#getCurrentUser:domain authorization; InviteLinkService#revokeLink:domain authorization	params=[];headers=[];version=;consumes=[];produces=[] / params=[];headers=[];version=;consumes=[];produces=[]	false	unversioned	Backend maintainers	not measured; see API_SURFACE.md	not scheduled
OPTIONS	/api/workspaces/{id}/invites	ooo.klae.connex.backend.controllers.WorkspaceController#invite	authenticated	MVC workspace resolution attempted for authenticated User; effective scope delegated	AuthService#getCurrentUser:domain authorization; InviteService#createInvite:domain authorization	params=[];headers=[];version=;consumes=[];produces=[] / params=[];headers=[];version=;consumes=[];produces=[]	false	unversioned	Backend maintainers	not measured; see API_SURFACE.md	not scheduled
OPTIONS	/api/workspaces/{id}/invites	ooo.klae.connex.backend.controllers.WorkspaceController#invites	authenticated	MVC workspace resolution attempted for authenticated User; effective scope delegated	AuthService#getCurrentUser:domain authorization; InviteService#listInvites:domain authorization	params=[];headers=[];version=;consumes=[];produces=[] / params=[];headers=[];version=;consumes=[];produces=[]	false	unversioned	Backend maintainers	not measured; see API_SURFACE.md	not scheduled
OPTIONS	/api/workspaces/{id}/invites/{inviteId}	ooo.klae.connex.backend.controllers.WorkspaceController#revokeInvite	authenticated	MVC workspace resolution attempted for authenticated User; effective scope delegated	AuthService#getCurrentUser:domain authorization; InviteService#revokeInvite:domain authorization	params=[];headers=[];version=;consumes=[];produces=[] / params=[];headers=[];version=;consumes=[];produces=[]	false	unversioned	Backend maintainers	not measured; see API_SURFACE.md	not scheduled
OPTIONS	/api/workspaces/{id}/leave	ooo.klae.connex.backend.controllers.WorkspaceController#leave	authenticated	MVC workspace resolution attempted for authenticated User; effective scope delegated	AuthService#getCurrentUser:domain authorization; WorkspaceCookie#clear:domain authorization; WorkspaceCookie#set:domain authorization; WorkspaceService#leaveWorkspaceAndSelectNext:domain authorization	params=[];headers=[];version=;consumes=[];produces=[] / params=[];headers=[];version=;consumes=[];produces=[]	false	unversioned	Backend maintainers	not measured; see API_SURFACE.md	not scheduled
OPTIONS	/api/workspaces/{id}/mail-config	ooo.klae.connex.backend.controllers.WorkspaceMailConfigController#delete	authenticated	MVC workspace resolution attempted for authenticated User; effective scope delegated	AuthService#getCurrentUser:domain authorization; WorkspaceMailConfigService#deleteConfig:domain authorization	params=[];headers=[];version=;consumes=[];produces=[] / params=[];headers=[];version=;consumes=[];produces=[]	false	unversioned	Backend maintainers	not measured; see API_SURFACE.md	not scheduled
OPTIONS	/api/workspaces/{id}/mail-config	ooo.klae.connex.backend.controllers.WorkspaceMailConfigController#get	authenticated	MVC workspace resolution attempted for authenticated User; effective scope delegated	AuthService#getCurrentUser:domain authorization; WorkspaceMailConfigService#getConfig:domain authorization	params=[];headers=[];version=;consumes=[];produces=[] / params=[];headers=[];version=;consumes=[];produces=[]	false	unversioned	Backend maintainers	not measured; see API_SURFACE.md	not scheduled
OPTIONS	/api/workspaces/{id}/mail-config	ooo.klae.connex.backend.controllers.WorkspaceMailConfigController#save	authenticated	MVC workspace resolution attempted for authenticated User; effective scope delegated	AuthService#getCurrentUser:domain authorization; WorkspaceMailConfigService#saveConfig:domain authorization	params=[];headers=[];version=;consumes=[];produces=[] / params=[];headers=[];version=;consumes=[];produces=[]	false	unversioned	Backend maintainers	not measured; see API_SURFACE.md	not scheduled
OPTIONS	/api/workspaces/{id}/mail-config/test	ooo.klae.connex.backend.controllers.WorkspaceMailConfigController#test	authenticated	MVC workspace resolution attempted for authenticated User; effective scope delegated	AuthService#getCurrentUser:domain authorization; WorkspaceMailConfigService#sendTest:domain authorization	params=[];headers=[];version=;consumes=[];produces=[] / params=[];headers=[];version=;consumes=[];produces=[]	false	unversioned	Backend maintainers	not measured; see API_SURFACE.md	not scheduled
OPTIONS	/api/workspaces/{id}/mail/diagnostics/test-send	ooo.klae.connex.backend.controllers.TenantDiagnosticsController#testMail	authenticated	MVC workspace resolution attempted for authenticated User; effective scope delegated	AuthService#getCurrentUser:domain authorization; MailDiagnosticsService#testSend:domain authorization; WorkspaceService#requirePermission:domain authorization; explicit:WORKSPACE_SETTINGS	params=[];headers=[];version=;consumes=[];produces=[]	false	unversioned	Backend maintainers	not measured; see API_SURFACE.md	not scheduled
OPTIONS	/api/workspaces/{id}/members	ooo.klae.connex.backend.controllers.WorkspaceController#addMember	authenticated	MVC workspace resolution attempted for authenticated User; effective scope delegated	AuthService#getCurrentUser:domain authorization; InviteService#addExistingMember:domain authorization	params=[];headers=[];version=;consumes=[];produces=[] / params=[];headers=[];version=;consumes=[];produces=[]	false	unversioned	Backend maintainers	not measured; see API_SURFACE.md	not scheduled
OPTIONS	/api/workspaces/{id}/members	ooo.klae.connex.backend.controllers.WorkspaceController#members	authenticated	MVC workspace resolution attempted for authenticated User; effective scope delegated	AuthService#getCurrentUser:domain authorization; WorkspaceService#getMembersWithRoles:domain authorization	params=[];headers=[];version=;consumes=[];produces=[] / params=[];headers=[];version=;consumes=[];produces=[]	false	unversioned	Backend maintainers	not measured; see API_SURFACE.md	not scheduled
OPTIONS	/api/workspaces/{id}/members/{userId}	ooo.klae.connex.backend.controllers.WorkspaceController#removeMember	authenticated	MVC workspace resolution attempted for authenticated User; effective scope delegated	AuthService#getCurrentUser:domain authorization; WorkspaceService#removeMember:domain authorization	params=[];headers=[];version=;consumes=[];produces=[] / params=[];headers=[];version=;consumes=[];produces=[]	false	unversioned	Backend maintainers	not measured; see API_SURFACE.md	not scheduled
OPTIONS	/api/workspaces/{id}/members/{userId}	ooo.klae.connex.backend.controllers.WorkspaceController#updateMemberRole	authenticated	MVC workspace resolution attempted for authenticated User; effective scope delegated	AuthService#getCurrentUser:domain authorization; WorkspaceService#assignCustomRole:domain authorization; WorkspaceService#changeMemberRole:domain authorization	params=[];headers=[];version=;consumes=[];produces=[] / params=[];headers=[];version=;consumes=[];produces=[]	false	unversioned	Backend maintainers	not measured; see API_SURFACE.md	not scheduled
OPTIONS	/api/workspaces/{id}/switch	ooo.klae.connex.backend.controllers.WorkspaceController#switchWorkspace	authenticated	MVC workspace resolution attempted for authenticated User; effective scope delegated	AuthService#getCurrentUser:domain authorization; WorkspaceCookie#set:domain authorization; WorkspaceService#rememberActive:domain authorization; WorkspaceService#requireMember:domain authorization	params=[];headers=[];version=;consumes=[];produces=[] / params=[];headers=[];version=;consumes=[];produces=[]	false	unversioned	Backend maintainers	not measured; see API_SURFACE.md	not scheduled
OPTIONS	/api/workspaces/{workspaceId}/roles	ooo.klae.connex.backend.controllers.RoleController#create	authenticated	MVC workspace resolution attempted for authenticated User; effective scope delegated	AuthService#getCurrentUser:domain authorization; RoleService#createRole:domain authorization	params=[];headers=[];version=;consumes=[];produces=[] / params=[];headers=[];version=;consumes=[];produces=[]	false	unversioned	Backend maintainers	not measured; see API_SURFACE.md	not scheduled
OPTIONS	/api/workspaces/{workspaceId}/roles	ooo.klae.connex.backend.controllers.RoleController#list	authenticated	MVC workspace resolution attempted for authenticated User; effective scope delegated	AuthService#getCurrentUser:domain authorization; RoleService#listRoles:domain authorization	params=[];headers=[];version=;consumes=[];produces=[] / params=[];headers=[];version=;consumes=[];produces=[]	false	unversioned	Backend maintainers	not measured; see API_SURFACE.md	not scheduled
OPTIONS	/api/workspaces/{workspaceId}/roles/built-in	ooo.klae.connex.backend.controllers.RoleController#builtIn	authenticated	MVC workspace resolution attempted for authenticated User; effective scope delegated	AuthService#getCurrentUser:domain authorization; RoleService#builtInRoles:domain authorization	params=[];headers=[];version=;consumes=[];produces=[] / params=[];headers=[];version=;consumes=[];produces=[]	false	unversioned	Backend maintainers	not measured; see API_SURFACE.md	not scheduled
OPTIONS	/api/workspaces/{workspaceId}/roles/{roleId}	ooo.klae.connex.backend.controllers.RoleController#delete	authenticated	MVC workspace resolution attempted for authenticated User; effective scope delegated	AuthService#getCurrentUser:domain authorization; RoleService#deleteRole:domain authorization	params=[];headers=[];version=;consumes=[];produces=[] / params=[];headers=[];version=;consumes=[];produces=[]	false	unversioned	Backend maintainers	not measured; see API_SURFACE.md	not scheduled
OPTIONS	/api/workspaces/{workspaceId}/roles/{roleId}	ooo.klae.connex.backend.controllers.RoleController#update	authenticated	MVC workspace resolution attempted for authenticated User; effective scope delegated	AuthService#getCurrentUser:domain authorization; RoleService#updateRole:domain authorization	params=[];headers=[];version=;consumes=[];produces=[] / params=[];headers=[];version=;consumes=[];produces=[]	false	unversioned	Backend maintainers	not measured; see API_SURFACE.md	not scheduled
OPTIONS	/api/workspaces/{workspaceId}/secret-store/diagnostics	ooo.klae.connex.backend.controllers.SecretStoreDiagnosticsController#workspaceDiagnostics	authenticated	MVC workspace resolution attempted for authenticated User; effective scope delegated	AuthService#getCurrentUser:domain authorization; SecretStoreLifecycleService#diagnosticsForWorkspace:domain authorization; WorkspaceService#requirePermission:domain authorization; explicit:WORKSPACE_SETTINGS	params=[];headers=[];version=;consumes=[];produces=[]	false	unversioned	Backend maintainers	not measured; see API_SURFACE.md	not scheduled
OPTIONS	/saml2/authenticate	Saml2WebSsoAuthenticationRequestFilter	permitAll; SSO enabled	no MVC workspace resolution	SAML relying-party registration	Spring default; registrationId path variable or query parameter; CSRF policy applies	false	unversioned	Backend maintainers	not measured; see API_SURFACE.md	not scheduled
OPTIONS	/saml2/authenticate/{registrationId}	Saml2WebSsoAuthenticationRequestFilter	permitAll; SSO enabled	no MVC workspace resolution	SAML relying-party registration	Spring default; registrationId path variable or query parameter; CSRF policy applies	false	unversioned	Backend maintainers	not measured; see API_SURFACE.md	not scheduled
PATCH	/api/ai/assistant/sessions/{id:\d+}	ooo.klae.connex.backend.controllers.AiAssistantController#update	authenticated	MVC workspace resolution attempted for authenticated User; effective scope delegated	AiAssistantService#update:AI_USE	params=[];headers=[];version=;consumes=[];produces=[] / params=[];headers=[];version=;consumes=[];produces=[]	false	unversioned	Backend maintainers	not measured; see API_SURFACE.md	not scheduled
PATCH	/api/ai/assistant/sessions/{id:\d+}/sharing	ooo.klae.connex.backend.controllers.AiAssistantController#setShared	authenticated	MVC workspace resolution attempted for authenticated User; effective scope delegated	AiAssistantService#setShared:AI_SESSION_SHARE	params=[];headers=[];version=;consumes=[];produces=[] / params=[];headers=[];version=;consumes=[];produces=[]	false	unversioned	Backend maintainers	not measured; see API_SURFACE.md	not scheduled
PATCH	/api/ai/assistant/watches/{id}	ooo.klae.connex.backend.controllers.AiAssistantProactiveController#setWatchStatus	authenticated	MVC workspace resolution attempted for authenticated User; effective scope delegated	AiWatchService#setActive:AI_USE	params=[];headers=[];version=;consumes=[];produces=[] / params=[];headers=[];version=;consumes=[];produces=[]	false	unversioned	Backend maintainers	not measured; see API_SURFACE.md	not scheduled
PATCH	/api/auth/webauthn/credentials/{credentialId}	ooo.klae.connex.backend.controllers.WebAuthnController#renameCredential	authenticated	no MVC workspace resolution; domain scope if applicable	AuthService#getCurrentUser:domain authorization; SessionSecurityService#requireRecentAuthentication:domain authorization; WebAuthnService#rename:domain authorization	params=[];headers=[];version=;consumes=[];produces=[] / params=[];headers=[];version=;consumes=[];produces=[]	false	unversioned	Backend maintainers	not measured; see API_SURFACE.md	not scheduled
PATCH	/api/comments/{commentId}	ooo.klae.connex.backend.controllers.RecordCommentController#editComment	authenticated	MVC workspace resolution attempted for authenticated User; effective scope delegated	COMMENT_CREATE; RecordCommentService#editComment:COMMENT_CREATE	params=[];headers=[];version=;consumes=[];produces=[] / params=[];headers=[];version=;consumes=[];produces=[]	false	unversioned	Backend maintainers	not measured; see API_SURFACE.md	not scheduled
PATCH	/api/login/oauth2/code/*	OAuth2LoginAuthenticationFilter	permitAll; OAuth state/code verification	no MVC workspace resolution; handler-owned scope	framework authentication protocol	filter/handshake route; CSRF policy and protocol validation apply	false	unversioned	Backend maintainers	not measured; see API_SURFACE.md	not scheduled
PATCH	/api/login/saml2/sso/{registrationId}	Saml2WebSsoAuthenticationFilter	permitAll; SSO enabled; signed solicited response	no MVC workspace resolution; handler-owned scope	framework authentication protocol	filter/handshake route; CSRF policy and protocol validation apply	false	unversioned	Backend maintainers	not measured; see API_SURFACE.md	not scheduled
PATCH	/api/oauth2/authorization/{registrationId}	OAuth2AuthorizationRequestRedirectFilter	permitAll; OAuth enabled	no MVC workspace resolution; handler-owned scope	framework authentication protocol	filter/handshake route; CSRF policy and protocol validation apply	false	unversioned	Backend maintainers	not measured; see API_SURFACE.md	not scheduled
PATCH	/api/orgs/{orgId}	ooo.klae.connex.backend.controllers.OrganizationController#rename	authenticated	MVC workspace resolution attempted for authenticated User; effective scope delegated	AuthService#getCurrentUser:domain authorization; OrganizationService#rename:domain authorization	params=[];headers=[];version=;consumes=[];produces=[] / params=[];headers=[];version=;consumes=[];produces=[]	false	unversioned	Backend maintainers	not measured; see API_SURFACE.md	not scheduled
PATCH	/api/users/me	ooo.klae.connex.backend.controllers.UserController#updateCurrentUser	authenticated	MVC workspace resolution attempted for authenticated User; effective scope delegated	AuthService#getCurrentUser:domain authorization; UserService#updateTimezone:domain authorization	params=[];headers=[];version=;consumes=[];produces=[] / params=[];headers=[];version=;consumes=[];produces=[]	false	unversioned	Backend maintainers	not measured; see API_SURFACE.md	not scheduled
PATCH	/api/users/me/locale	ooo.klae.connex.backend.controllers.UserController#updateCurrentUserLocale	authenticated	MVC workspace resolution attempted for authenticated User; effective scope delegated	AuthService#getCurrentUser:domain authorization; UserService#updateLocale:domain authorization	params=[];headers=[];version=;consumes=[];produces=[] / params=[];headers=[];version=;consumes=[];produces=[]	false	unversioned	Backend maintainers	not measured; see API_SURFACE.md	not scheduled
PATCH	/api/workspaces/{id}	ooo.klae.connex.backend.controllers.WorkspaceController#updateIdentity	authenticated	MVC workspace resolution attempted for authenticated User; effective scope delegated	AuthService#getCurrentUser:domain authorization; WorkspaceService#updateIdentity:domain authorization	params=[];headers=[];version=;consumes=[];produces=[] / params=[];headers=[];version=;consumes=[];produces=[]	false	unversioned	Backend maintainers	not measured; see API_SURFACE.md	not scheduled
PATCH	/api/workspaces/{id}/members/{userId}	ooo.klae.connex.backend.controllers.WorkspaceController#updateMemberRole	authenticated	MVC workspace resolution attempted for authenticated User; effective scope delegated	AuthService#getCurrentUser:domain authorization; WorkspaceService#assignCustomRole:domain authorization; WorkspaceService#changeMemberRole:domain authorization	params=[];headers=[];version=;consumes=[];produces=[] / params=[];headers=[];version=;consumes=[];produces=[]	false	unversioned	Backend maintainers	not measured; see API_SURFACE.md	not scheduled
PATCH	/saml2/authenticate	Saml2WebSsoAuthenticationRequestFilter	permitAll; SSO enabled	no MVC workspace resolution	SAML relying-party registration	Spring default; registrationId path variable or query parameter; CSRF policy applies	false	unversioned	Backend maintainers	not measured; see API_SURFACE.md	not scheduled
PATCH	/saml2/authenticate/{registrationId}	Saml2WebSsoAuthenticationRequestFilter	permitAll; SSO enabled	no MVC workspace resolution	SAML relying-party registration	Spring default; registrationId path variable or query parameter; CSRF policy applies	false	unversioned	Backend maintainers	not measured; see API_SURFACE.md	not scheduled
POST	/api/account/connections/native/complete	ooo.klae.connex.backend.controllers.NativeConnectController#complete	permitAll	MVC workspace resolution attempted for authenticated User; effective scope delegated	NativeConnectService#complete:domain authorization	params=[];headers=[];version=;consumes=[];produces=[] / params=[];headers=[];version=;consumes=[];produces=[]	false	unversioned	Backend maintainers	not measured; see API_SURFACE.md	not scheduled
POST	/api/account/connections/native/prepare	ooo.klae.connex.backend.controllers.NativeConnectController#prepare	permitAll	MVC workspace resolution attempted for authenticated User; effective scope delegated	NativeConnectService#prepare:domain authorization	params=[];headers=[];version=;consumes=[];produces=[] / params=[];headers=[];version=;consumes=[];produces=[]	false	unversioned	Backend maintainers	not measured; see API_SURFACE.md	not scheduled
POST	/api/account/connections/native/{provider}/pairing	ooo.klae.connex.backend.controllers.NativeConnectController#createPairing	authenticated	MVC workspace resolution attempted for authenticated User; effective scope delegated	NativeConnectService#createPairing:domain authorization	params=[];headers=[];version=;consumes=[];produces=[] / params=[];headers=[];version=;consumes=[];produces=[]	false	unversioned	Backend maintainers	not measured; see API_SURFACE.md	not scheduled
POST	/api/account/connections/{provider}/authorize	ooo.klae.connex.backend.controllers.ProviderConnectionController#authorize	authenticated	MVC workspace resolution attempted for authenticated User; effective scope delegated	ProviderConnectionService#beginAuthorization:domain authorization	params=[];headers=[];version=;consumes=[];produces=[] / params=[];headers=[];version=;consumes=[];produces=[]	false	unversioned	Backend maintainers	not measured; see API_SURFACE.md	not scheduled
POST	/api/account/connections/{provider}/captured/{interactionId}/approve	ooo.klae.connex.backend.controllers.ProviderCaptureController#approve	authenticated	MVC workspace resolution attempted for authenticated User; effective scope delegated	ProviderCaptureReviewService#approve:domain authorization	params=[];headers=[];version=;consumes=[];produces=[] / params=[];headers=[];version=;consumes=[];produces=[]	false	unversioned	Backend maintainers	not measured; see API_SURFACE.md	not scheduled
POST	/api/account/connections/{provider}/pause	ooo.klae.connex.backend.controllers.ProviderConnectionController#pause	authenticated	MVC workspace resolution attempted for authenticated User; effective scope delegated	ProviderConnectionService#pause:domain authorization	params=[];headers=[];version=;consumes=[];produces=[] / params=[];headers=[];version=;consumes=[];produces=[]	false	unversioned	Backend maintainers	not measured; see API_SURFACE.md	not scheduled
POST	/api/account/connections/{provider}/resume	ooo.klae.connex.backend.controllers.ProviderConnectionController#resume	authenticated	MVC workspace resolution attempted for authenticated User; effective scope delegated	ProviderConnectionService#resume:domain authorization	params=[];headers=[];version=;consumes=[];produces=[] / params=[];headers=[];version=;consumes=[];produces=[]	false	unversioned	Backend maintainers	not measured; see API_SURFACE.md	not scheduled
POST	/api/account/connections/{provider}/reviews/{reviewId}	ooo.klae.connex.backend.controllers.ProviderCaptureController#decide	authenticated	MVC workspace resolution attempted for authenticated User; effective scope delegated	ProviderCaptureReviewService#decide:domain authorization	params=[];headers=[];version=;consumes=[];produces=[] / params=[];headers=[];version=;consumes=[];produces=[]	false	unversioned	Backend maintainers	not measured; see API_SURFACE.md	not scheduled
POST	/api/account/connections/{provider}/sync	ooo.klae.connex.backend.controllers.ProviderCaptureController#sync	authenticated	MVC workspace resolution attempted for authenticated User; effective scope delegated	ProviderCapturePolicyService#queueCurrent:domain authorization	params=[];headers=[];version=;consumes=[];produces=[] / params=[];headers=[];version=;consumes=[];produces=[]	false	unversioned	Backend maintainers	not measured; see API_SURFACE.md	not scheduled
POST	/api/activities	ooo.klae.connex.backend.controllers.ActivityController#createActivity	authenticated	MVC workspace resolution attempted for authenticated User; effective scope delegated	ActivityService#create:ACTIVITY_CREATE	params=[];headers=[];version=;consumes=[];produces=[] / params=[];headers=[];version=;consumes=[];produces=[]	false	unversioned	Backend maintainers	not measured; see API_SURFACE.md	not scheduled
POST	/api/ai/assistant/sessions	ooo.klae.connex.backend.controllers.AiAssistantController#create	authenticated	MVC workspace resolution attempted for authenticated User; effective scope delegated	AiAssistantService#create:AI_USE	params=[];headers=[];version=;consumes=[];produces=[] / params=[];headers=[];version=;consumes=[];produces=[]	false	unversioned	Backend maintainers	not measured; see API_SURFACE.md	not scheduled
POST	/api/ai/assistant/sessions/retained	ooo.klae.connex.backend.controllers.AiAssistantController#pageRetained	authenticated	MVC workspace resolution attempted for authenticated User; effective scope delegated	AiAssistantService#pageRetained:AI_SESSION_ADMIN	params=[];headers=[];version=;consumes=[];produces=[] / params=[];headers=[];version=;consumes=[];produces=[]	false	unversioned	Backend maintainers	not measured; see API_SURFACE.md	not scheduled
POST	/api/ai/assistant/sessions/scope-preview	ooo.klae.connex.backend.controllers.AiAssistantController#previewScope	authenticated	MVC workspace resolution attempted for authenticated User; effective scope delegated	AiAssistantTurnService#previewScope:AI_USE	params=[];headers=[];version=;consumes=[];produces=[] / params=[];headers=[];version=;consumes=[];produces=[]	false	unversioned	Backend maintainers	not measured; see API_SURFACE.md	not scheduled
POST	/api/ai/assistant/sessions/{id:\d+}/attachments	ooo.klae.connex.backend.controllers.AiAssistantController#uploadAttachment	authenticated	MVC workspace resolution attempted for authenticated User; effective scope delegated	AiChatAttachmentService#upload:AI_USE	params=[];headers=[];version=;consumes=[];produces=[] / params=[];headers=[];version=;consumes=[multipart/form-data];produces=[]	false	unversioned	Backend maintainers	not measured; see API_SURFACE.md	not scheduled
POST	/api/ai/assistant/sessions/{id:\d+}/invitations	ooo.klae.connex.backend.controllers.AiAssistantController#invite	authenticated	MVC workspace resolution attempted for authenticated User; effective scope delegated	AiAssistantService#invite:AI_SESSION_SHARE	params=[];headers=[];version=;consumes=[];produces=[] / params=[];headers=[];version=;consumes=[];produces=[]	false	unversioned	Backend maintainers	not measured; see API_SURFACE.md	not scheduled
POST	/api/ai/assistant/sessions/{id:\d+}/join	ooo.klae.connex.backend.controllers.AiAssistantController#join	authenticated	MVC workspace resolution attempted for authenticated User; effective scope delegated	AiAssistantService#join:AI_USE	params=[];headers=[];version=;consumes=[];produces=[] / params=[];headers=[];version=;consumes=[];produces=[]	false	unversioned	Backend maintainers	not measured; see API_SURFACE.md	not scheduled
POST	/api/ai/assistant/sessions/{id:\d+}/messages	ooo.klae.connex.backend.controllers.AiAssistantController#appendMessage	authenticated	MVC workspace resolution attempted for authenticated User; effective scope delegated	AiAssistantService#appendMessage:AI_USE	params=[];headers=[];version=;consumes=[];produces=[] / params=[];headers=[];version=;consumes=[];produces=[]	false	unversioned	Backend maintainers	not measured; see API_SURFACE.md	not scheduled
POST	/api/ai/assistant/sessions/{id:\d+}/retained	ooo.klae.connex.backend.controllers.AiAssistantController#getRetained	authenticated	MVC workspace resolution attempted for authenticated User; effective scope delegated	AiAssistantService#getRetained:AI_SESSION_ADMIN	params=[];headers=[];version=;consumes=[];produces=[] / params=[];headers=[];version=;consumes=[];produces=[]	false	unversioned	Backend maintainers	not measured; see API_SURFACE.md	not scheduled
POST	/api/ai/assistant/sessions/{id:\d+}/turns	ooo.klae.connex.backend.controllers.AiAssistantController#startTurn	authenticated	MVC workspace resolution attempted for authenticated User; effective scope delegated	AiAssistantTurnService#start:AI_USE	params=[];headers=[];version=;consumes=[];produces=[] / params=[];headers=[];version=;consumes=[];produces=[]	false	unversioned	Backend maintainers	not measured; see API_SURFACE.md	not scheduled
POST	/api/ai/assistant/sessions/{sessionId:\d+}/tool-calls/retained	ooo.klae.connex.backend.controllers.AiAssistantController#listRetainedToolCalls	authenticated	MVC workspace resolution attempted for authenticated User; effective scope delegated	AiAssistantToolCallReadService#listRetained:AI_SESSION_ADMIN	params=[];headers=[];version=;consumes=[];produces=[] / params=[];headers=[];version=;consumes=[];produces=[]	false	unversioned	Backend maintainers	not measured; see API_SURFACE.md	not scheduled
POST	/api/ai/assistant/sessions/{sessionId:\d+}/tool-calls/{toolCallId:\d+}/approve	ooo.klae.connex.backend.controllers.AiAssistantController#approveToolCall	authenticated	MVC workspace resolution attempted for authenticated User; effective scope delegated	AiAssistantWriteToolService#approve:domain authorization	params=[];headers=[];version=;consumes=[];produces=[] / params=[];headers=[];version=;consumes=[];produces=[]	false	unversioned	Backend maintainers	not measured; see API_SURFACE.md	not scheduled
POST	/api/ai/assistant/sessions/{sessionId:\d+}/tool-calls/{toolCallId:\d+}/reject	ooo.klae.connex.backend.controllers.AiAssistantController#rejectToolCall	authenticated	MVC workspace resolution attempted for authenticated User; effective scope delegated	AiAssistantWriteToolService#reject:domain authorization	params=[];headers=[];version=;consumes=[];produces=[] / params=[];headers=[];version=;consumes=[];produces=[]	false	unversioned	Backend maintainers	not measured; see API_SURFACE.md	not scheduled
POST	/api/ai/assistant/sessions/{sessionId:\d+}/tool-calls/{toolCallId:\d+}/retained	ooo.klae.connex.backend.controllers.AiAssistantController#getRetainedToolCall	authenticated	MVC workspace resolution attempted for authenticated User; effective scope delegated	AiAssistantToolCallReadService#getRetained:AI_SESSION_ADMIN	params=[];headers=[];version=;consumes=[];produces=[] / params=[];headers=[];version=;consumes=[];produces=[]	false	unversioned	Backend maintainers	not measured; see API_SURFACE.md	not scheduled
POST	/api/ai/assistant/sessions/{sessionId:\d+}/tool-calls/{toolCallId:\d+}/undo	ooo.klae.connex.backend.controllers.AiAssistantController#undoToolCall	authenticated	MVC workspace resolution attempted for authenticated User; effective scope delegated	AiAssistantWriteToolService#undo:domain authorization	params=[];headers=[];version=;consumes=[];produces=[] / params=[];headers=[];version=;consumes=[];produces=[]	false	unversioned	Backend maintainers	not measured; see API_SURFACE.md	not scheduled
POST	/api/ai/assistant/sessions/{sessionId:\d+}/turns/{turnId:\d+}/cancel	ooo.klae.connex.backend.controllers.AiAssistantController#cancelTurn	authenticated	MVC workspace resolution attempted for authenticated User; effective scope delegated	AiAssistantTurnService#cancel:domain authorization	params=[];headers=[];version=;consumes=[];produces=[] / params=[];headers=[];version=;consumes=[];produces=[]	false	unversioned	Backend maintainers	not measured; see API_SURFACE.md	not scheduled
POST	/api/ai/assistant/watches	ooo.klae.connex.backend.controllers.AiAssistantProactiveController#createWatch	authenticated	MVC workspace resolution attempted for authenticated User; effective scope delegated	AiWatchService#create:AI_USE	params=[];headers=[];version=;consumes=[];produces=[] / params=[];headers=[];version=;consumes=[];produces=[]	false	unversioned	Backend maintainers	not measured; see API_SURFACE.md	not scheduled
POST	/api/ai/provider/zdr-attestation	ooo.klae.connex.backend.controllers.AiProviderConfigController#attestZeroDataRetention	authenticated	MVC workspace resolution attempted for authenticated User; effective scope delegated	AiProviderConfigService#attestZeroDataRetention:domain authorization; AuthService#getCurrentUser:domain authorization	params=[];headers=[];version=;consumes=[];produces=[] / params=[];headers=[];version=;consumes=[];produces=[]	false	unversioned	Backend maintainers	not measured; see API_SURFACE.md	not scheduled
POST	/api/api-credentials	ooo.klae.connex.backend.controllers.ApiCredentialController#issue	authenticated	MVC workspace resolution attempted for authenticated User; effective scope delegated	API_CREDENTIAL_MANAGE; ApiCredentialService#issue:API_CREDENTIAL_MANAGE	params=[];headers=[];version=;consumes=[];produces=[] / params=[];headers=[];version=;consumes=[];produces=[]	false	unversioned	Backend maintainers	not measured; see API_SURFACE.md	not scheduled
POST	/api/approval-policies	ooo.klae.connex.backend.controllers.ApprovalPolicyController#create	authenticated	MVC workspace resolution attempted for authenticated User; effective scope delegated	ApprovalPolicyService#create:DOCUMENT_MANAGE	params=[];headers=[];version=;consumes=[];produces=[] / params=[];headers=[];version=;consumes=[];produces=[]	false	unversioned	Backend maintainers	not measured; see API_SURFACE.md	not scheduled
POST	/api/approval-policies/{id}/impact	ooo.klae.connex.backend.controllers.ApprovalPolicyController#impact	authenticated	MVC workspace resolution attempted for authenticated User; effective scope delegated	ApprovalPolicyService#impact:DOCUMENT_MANAGE	params=[];headers=[];version=;consumes=[];produces=[] / params=[];headers=[];version=;consumes=[];produces=[]	false	unversioned	Backend maintainers	not measured; see API_SURFACE.md	not scheduled
POST	/api/attachments	ooo.klae.connex.backend.controllers.AttachmentController#createAttachment	authenticated	MVC workspace resolution attempted for authenticated User; effective scope delegated	AttachmentService#create:ATTACHMENT_CREATE; AuthService#getCurrentUser:domain authorization	params=[];headers=[];version=;consumes=[];produces=[] / params=[];headers=[];version=;consumes=[];produces=[]	false	unversioned	Backend maintainers	not measured; see API_SURFACE.md	not scheduled
POST	/api/attachments/upload	ooo.klae.connex.backend.controllers.AttachmentController#uploadAttachment	authenticated	MVC workspace resolution attempted for authenticated User; effective scope delegated	AttachmentService#upload:ATTACHMENT_CREATE; AuthService#getCurrentUser:domain authorization	params=[];headers=[];version=;consumes=[];produces=[] / params=[];headers=[];version=;consumes=[multipart/form-data];produces=[]	false	unversioned	Backend maintainers	not measured; see API_SURFACE.md	not scheduled
POST	/api/attachments/upload-image	ooo.klae.connex.backend.controllers.AttachmentController#uploadInlineImage	authenticated	MVC workspace resolution attempted for authenticated User; effective scope delegated	AttachmentService#uploadInlineImage:ATTACHMENT_CREATE; AuthService#getCurrentUser:domain authorization	params=[];headers=[];version=;consumes=[];produces=[] / params=[];headers=[];version=;consumes=[multipart/form-data];produces=[]	false	unversioned	Backend maintainers	not measured; see API_SURFACE.md	not scheduled
POST	/api/attachments/{id}/quarantine	ooo.klae.connex.backend.controllers.AttachmentQuarantineController#quarantine	authenticated	MVC workspace resolution attempted for authenticated User; effective scope delegated	AttachmentQuarantineService#quarantine:ATTACHMENT_QUARANTINE_MANAGE	params=[];headers=[];version=;consumes=[];produces=[] / params=[];headers=[];version=;consumes=[];produces=[]	false	unversioned	Backend maintainers	not measured; see API_SURFACE.md	not scheduled
POST	/api/attachments/{id}/release	ooo.klae.connex.backend.controllers.AttachmentQuarantineController#release	authenticated	MVC workspace resolution attempted for authenticated User; effective scope delegated	AttachmentQuarantineService#release:ATTACHMENT_QUARANTINE_MANAGE	params=[];headers=[];version=;consumes=[];produces=[] / params=[];headers=[];version=;consumes=[];produces=[]	false	unversioned	Backend maintainers	not measured; see API_SURFACE.md	not scheduled
POST	/api/attachments/{id}/rescan	ooo.klae.connex.backend.controllers.AttachmentQuarantineController#rescan	authenticated	MVC workspace resolution attempted for authenticated User; effective scope delegated	AttachmentQuarantineService#rescan:ATTACHMENT_QUARANTINE_MANAGE	params=[];headers=[];version=;consumes=[];produces=[] / params=[];headers=[];version=;consumes=[];produces=[]	false	unversioned	Backend maintainers	not measured; see API_SURFACE.md	not scheduled
POST	/api/attachments/{id}/tags/{tagId}	ooo.klae.connex.backend.controllers.AttachmentController#addTagToAttachment	authenticated	MVC workspace resolution attempted for authenticated User; effective scope delegated	AttachmentService#addTag:ATTACHMENT_CREATE	params=[];headers=[];version=;consumes=[];produces=[] / params=[];headers=[];version=;consumes=[];produces=[]	false	unversioned	Backend maintainers	not measured; see API_SURFACE.md	not scheduled
POST	/api/auth/email-change/confirm	ooo.klae.connex.backend.controllers.EmailChangeController#confirm	permitAll	no MVC workspace resolution; domain scope if applicable	OneTimeLinkFlowCookie#clear:domain authorization; OneTimeLinkFlowService#consume:domain authorization	params=[];headers=[];version=;consumes=[];produces=[]	false	unversioned	Backend maintainers	not measured; see API_SURFACE.md	not scheduled
POST	/api/auth/email-change/exchange	ooo.klae.connex.backend.controllers.EmailChangeController#exchange	permitAll	no MVC workspace resolution; domain scope if applicable	EmailChangeService#exchangeToken:domain authorization; OneTimeLinkFlowCookie#set:domain authorization; OneTimeLinkFlowService#exchangeOwnerHash:domain authorization; OneTimeLinkFlowService#issue:domain authorization	params=[];headers=[];version=;consumes=[];produces=[]	false	unversioned	Backend maintainers	not measured; see API_SURFACE.md	not scheduled
POST	/api/auth/forgot-password	ooo.klae.connex.backend.controllers.AuthController#forgotPassword	permitAll	no MVC workspace resolution; domain scope if applicable	ClientIpResolver#resolve:domain authorization; PasswordResetService#requestReset:domain authorization	params=[];headers=[];version=;consumes=[];produces=[] / params=[];headers=[];version=;consumes=[];produces=[]	false	unversioned	Backend maintainers	not measured; see API_SURFACE.md	not scheduled
POST	/api/auth/login	ooo.klae.connex.backend.controllers.AuthController#login	permitAll	no MVC workspace resolution; domain scope if applicable	AuthService#login:domain authorization	params=[];headers=[];version=;consumes=[];produces=[] / params=[];headers=[];version=;consumes=[];produces=[]	false	unversioned	Backend maintainers	not measured; see API_SURFACE.md	not scheduled
POST	/api/auth/logout	LogoutFilter	CSRF; session invalidation	no MVC workspace resolution; handler-owned scope	framework authentication protocol	filter/handshake route; CSRF policy and protocol validation apply	false	unversioned	Backend maintainers	not measured; see API_SURFACE.md	not scheduled
POST	/api/auth/register	ooo.klae.connex.backend.controllers.AuthController#register	permitAll	no MVC workspace resolution; domain scope if applicable	AuthService#login:domain authorization; AuthService#registerSelfService:domain authorization; ClientIpResolver#resolve:domain authorization	params=[];headers=[];version=;consumes=[];produces=[] / params=[];headers=[];version=;consumes=[];produces=[]	false	unversioned	Backend maintainers	not measured; see API_SURFACE.md	not scheduled
POST	/api/auth/reset-password	ooo.klae.connex.backend.controllers.AuthController#resetPassword	permitAll	no MVC workspace resolution; domain scope if applicable	OneTimeLinkFlowCookie#clear:domain authorization; OneTimeLinkFlowService#consumePasswordReset:domain authorization; OneTimeLinkFlowService#require:domain authorization; PasswordResetService#resetPasswordByHash:domain authorization; PasswordResetService#screenForReset:domain authorization	params=[];headers=[];version=;consumes=[];produces=[] / params=[];headers=[];version=;consumes=[];produces=[]	false	unversioned	Backend maintainers	not measured; see API_SURFACE.md	not scheduled
POST	/api/auth/reset-password/exchange	ooo.klae.connex.backend.controllers.AuthController#exchangeResetToken	permitAll	no MVC workspace resolution; domain scope if applicable	OneTimeLinkFlowCookie#set:domain authorization; OneTimeLinkFlowService#exchangeOwnerHash:domain authorization; OneTimeLinkFlowService#issue:domain authorization; PasswordResetService#exchangeToken:domain authorization	params=[];headers=[];version=;consumes=[];produces=[] / params=[];headers=[];version=;consumes=[];produces=[]	false	unversioned	Backend maintainers	not measured; see API_SURFACE.md	not scheduled
POST	/api/auth/sso/link/confirm	ooo.klae.connex.backend.controllers.SsoLinkController#confirm	permitAll	no MVC workspace resolution; domain scope if applicable	ClientIpResolver#resolveWithProvenance:domain authorization; OneTimeLinkFlowCookie#clear:domain authorization; OneTimeLinkFlowService#consume:domain authorization; SsoLinkService#confirmByHash:domain authorization	params=[];headers=[];version=;consumes=[];produces=[] / params=[];headers=[];version=;consumes=[];produces=[]	false	unversioned	Backend maintainers	not measured; see API_SURFACE.md	not scheduled
POST	/api/auth/verify-email/confirm	ooo.klae.connex.backend.controllers.RegistrationVerificationController#confirm	permitAll	no MVC workspace resolution; domain scope if applicable	OneTimeLinkFlowCookie#clear:domain authorization; OneTimeLinkFlowService#consume:domain authorization	params=[];headers=[];version=;consumes=[];produces=[]	false	unversioned	Backend maintainers	not measured; see API_SURFACE.md	not scheduled
POST	/api/auth/verify-email/exchange	ooo.klae.connex.backend.controllers.RegistrationVerificationController#exchange	permitAll	no MVC workspace resolution; domain scope if applicable	OneTimeLinkFlowCookie#set:domain authorization; OneTimeLinkFlowService#exchangeOwnerHash:domain authorization; OneTimeLinkFlowService#issue:domain authorization; RegistrationVerificationService#exchangeToken:domain authorization	params=[];headers=[];version=;consumes=[];produces=[]	false	unversioned	Backend maintainers	not measured; see API_SURFACE.md	not scheduled
POST	/api/auth/webauthn/authenticate	ooo.klae.connex.backend.controllers.WebAuthnController#authenticateVerify	permitAll	no MVC workspace resolution; domain scope if applicable	AuditService#recordFailure:domain authorization; AuditService#recordStrictIndependentScoped:domain authorization; AuthService#establishAuthenticatedSession:domain authorization; ClientIpResolver#resolveWithProvenance:domain authorization; LoginRateLimiter#isBlockedForClient:domain authorization; LoginRateLimiter#recordFailureForClient:domain authorization; SessionSecurityService#markStepUp:domain authorization; SsoConnectionService#isSsoEnforcedForUser:domain authorization; WebAuthnJsonMapper#read:domain authorization; WebAuthnService#finishLogin:domain authorization	params=[];headers=[];version=;consumes=[];produces=[] / params=[];headers=[];version=;consumes=[application/json];produces=[]	false	unversioned	Backend maintainers	not measured; see API_SURFACE.md	not scheduled
POST	/api/auth/webauthn/authenticate/options	ooo.klae.connex.backend.controllers.WebAuthnController#authenticateOptions	permitAll	no MVC workspace resolution; domain scope if applicable	ClientIpResolver#resolveWithProvenance:domain authorization; LoginRateLimiter#isBlockedForClient:domain authorization; WebAuthnJsonMapper#write:domain authorization; WebAuthnService#createLoginOptions:domain authorization	params=[];headers=[];version=;consumes=[];produces=[] / params=[];headers=[];version=;consumes=[];produces=[application/json]	false	unversioned	Backend maintainers	not measured; see API_SURFACE.md	not scheduled
POST	/api/auth/webauthn/recover	ooo.klae.connex.backend.controllers.WebAuthnController#recoverCredentials	authenticated	no MVC workspace resolution; domain scope if applicable	AuditService#recordStrictFailureIndependentScoped:domain authorization; AuthService#getCurrentUser:domain authorization; MfaRecoveryService#recover:domain authorization; PasskeyBootstrapConfirmationService#invalidateForUser:domain authorization; SessionSecurityService#completeRecoveryStamp:domain authorization	params=[];headers=[];version=;consumes=[];produces=[] / params=[];headers=[];version=;consumes=[];produces=[]	false	unversioned	Backend maintainers	not measured; see API_SURFACE.md	not scheduled
POST	/api/auth/webauthn/register	ooo.klae.connex.backend.controllers.WebAuthnController#registerVerify	authenticated	no MVC workspace resolution; domain scope if applicable	AuthService#getCurrentUser:domain authorization; PasskeyBootstrapConfirmationService#isSatisfiedFor:domain authorization; SessionSecurityService#clearFirstPasskeyBootstrap:domain authorization; SessionSecurityService#clearPasskeyBootstrapConfirmation:domain authorization; SessionSecurityService#markStepUp:domain authorization; SessionSecurityService#sessionEpoch:domain authorization; WebAuthnJsonMapper#read:domain authorization; WebAuthnService#finishRegistration:domain authorization	params=[];headers=[];version=;consumes=[];produces=[] / params=[];headers=[];version=;consumes=[application/json];produces=[]	false	unversioned	Backend maintainers	not measured; see API_SURFACE.md	not scheduled
POST	/api/auth/webauthn/register/confirmation	ooo.klae.connex.backend.controllers.WebAuthnController#requestBootstrapConfirmation	authenticated	no MVC workspace resolution; domain scope if applicable	AuthService#getCurrentUser:domain authorization; ClientIpResolver#resolve:domain authorization; PasskeyBootstrapConfirmationService#request:domain authorization	params=[];headers=[];version=;consumes=[];produces=[] / params=[];headers=[];version=;consumes=[];produces=[]	false	unversioned	Backend maintainers	not measured; see API_SURFACE.md	not scheduled
POST	/api/auth/webauthn/register/confirmation/exchange	ooo.klae.connex.backend.controllers.WebAuthnController#exchangeBootstrapConfirmation	authenticated	no MVC workspace resolution; domain scope if applicable	AuthService#getCurrentUser:domain authorization; PasskeyBootstrapConfirmationService#redeem:domain authorization	params=[];headers=[];version=;consumes=[];produces=[] / params=[];headers=[];version=;consumes=[];produces=[]	false	unversioned	Backend maintainers	not measured; see API_SURFACE.md	not scheduled
POST	/api/auth/webauthn/register/options	ooo.klae.connex.backend.controllers.WebAuthnController#registerOptions	authenticated	no MVC workspace resolution; domain scope if applicable	AuthService#getCurrentUser:domain authorization; SessionSecurityService#markFirstPasskeyBootstrap:domain authorization; WebAuthnJsonMapper#write:domain authorization; WebAuthnService#createRegistrationOptions:domain authorization	params=[];headers=[];version=;consumes=[];produces=[] / params=[];headers=[];version=;consumes=[];produces=[application/json]	false	unversioned	Backend maintainers	not measured; see API_SURFACE.md	not scheduled
POST	/api/auth/webauthn/step-up	ooo.klae.connex.backend.controllers.WebAuthnController#stepUpVerify	authenticated	no MVC workspace resolution; domain scope if applicable	AuditService#recordStrictIndependentScoped:domain authorization; AuthService#getCurrentUser:domain authorization; SessionSecurityService#markStepUp:domain authorization; WebAuthnJsonMapper#read:domain authorization; WebAuthnService#finishStepUp:domain authorization	params=[];headers=[];version=;consumes=[];produces=[] / params=[];headers=[];version=;consumes=[application/json];produces=[]	false	unversioned	Backend maintainers	not measured; see API_SURFACE.md	not scheduled
POST	/api/auth/webauthn/step-up/options	ooo.klae.connex.backend.controllers.WebAuthnController#stepUpOptions	authenticated	no MVC workspace resolution; domain scope if applicable	WebAuthnJsonMapper#write:domain authorization; WebAuthnService#createStepUpOptions:domain authorization	params=[];headers=[];version=;consumes=[];produces=[] / params=[];headers=[];version=;consumes=[];produces=[application/json]	false	unversioned	Backend maintainers	not measured; see API_SURFACE.md	not scheduled
POST	/api/business-cards/import	ooo.klae.connex.backend.controllers.BusinessCardController#importCard	authenticated	MVC workspace resolution attempted for authenticated User; effective scope delegated	BusinessCardService#importCard:PERSON_CREATE	params=[];headers=[];version=;consumes=[];produces=[] / params=[];headers=[];version=;consumes=[multipart/form-data];produces=[]	false	unversioned	Backend maintainers	not measured; see API_SURFACE.md	not scheduled
POST	/api/business-cards/import/reservation	ooo.klae.connex.backend.controllers.BusinessCardController#reserveImport	authenticated	MVC workspace resolution attempted for authenticated User; effective scope delegated	BusinessCardService#reserveImport:PERSON_CREATE	params=[];headers=[];version=;consumes=[];produces=[] / params=[];headers=[];version=;consumes=[];produces=[]	false	unversioned	Backend maintainers	not measured; see API_SURFACE.md	not scheduled
POST	/api/business-cards/scan	ooo.klae.connex.backend.controllers.BusinessCardController#scan	authenticated	MVC workspace resolution attempted for authenticated User; effective scope delegated	BusinessCardService#scan:PERSON_CREATE	params=[];headers=[];version=;consumes=[];produces=[] / params=[];headers=[];version=;consumes=[multipart/form-data];produces=[]	false	unversioned	Backend maintainers	not measured; see API_SURFACE.md	not scheduled
POST	/api/campaigns	ooo.klae.connex.backend.controllers.CampaignController#create	authenticated	MVC workspace resolution attempted for authenticated User; effective scope delegated	CAMPAIGN_MANAGE; CampaignService#create:CAMPAIGN_MANAGE	params=[];headers=[];version=;consumes=[];produces=[] / params=[];headers=[];version=;consumes=[];produces=[]	false	unversioned	Backend maintainers	not measured; see API_SURFACE.md	not scheduled
POST	/api/campaigns/{id}/audience/estimate	ooo.klae.connex.backend.controllers.CampaignController#estimateAudience	authenticated	MVC workspace resolution attempted for authenticated User; effective scope delegated	CAMPAIGN_VIEW; CampaignService#estimateAudience:CAMPAIGN_VIEW	params=[];headers=[];version=;consumes=[];produces=[] / params=[];headers=[];version=;consumes=[];produces=[]	false	unversioned	Backend maintainers	not measured; see API_SURFACE.md	not scheduled
POST	/api/campaigns/{id}/audience/snapshot	ooo.klae.connex.backend.controllers.CampaignController#snapshotAudience	authenticated	MVC workspace resolution attempted for authenticated User; effective scope delegated	CAMPAIGN_MANAGE; CampaignService#snapshotAudience:CAMPAIGN_MANAGE	params=[];headers=[];version=;consumes=[];produces=[] / params=[];headers=[];version=;consumes=[];produces=[]	false	unversioned	Backend maintainers	not measured; see API_SURFACE.md	not scheduled
POST	/api/campaigns/{id}/exports	ooo.klae.connex.backend.controllers.CampaignExportController#create	authenticated	MVC workspace resolution attempted for authenticated User; effective scope delegated	AudienceExportService#createExport:CAMPAIGN_MANAGE; CAMPAIGN_MANAGE	params=[];headers=[];version=;consumes=[];produces=[] / params=[];headers=[];version=;consumes=[];produces=[]	false	unversioned	Backend maintainers	not measured; see API_SURFACE.md	not scheduled
POST	/api/campaigns/{id}/exports/{exportId}/reconcile	ooo.klae.connex.backend.controllers.CampaignExportController#reconcile	authenticated	MVC workspace resolution attempted for authenticated User; effective scope delegated	AudienceExportService#reconcileExport:CAMPAIGN_MANAGE; CAMPAIGN_MANAGE	params=[];headers=[];version=;consumes=[];produces=[] / params=[];headers=[];version=;consumes=[];produces=[]	false	unversioned	Backend maintainers	not measured; see API_SURFACE.md	not scheduled
POST	/api/campaigns/{id}/messages	ooo.klae.connex.backend.controllers.CampaignMessageController#create	authenticated	MVC workspace resolution attempted for authenticated User; effective scope delegated	CAMPAIGN_MANAGE; CampaignSendService#createMessage:CAMPAIGN_MANAGE	params=[];headers=[];version=;consumes=[];produces=[] / params=[];headers=[];version=;consumes=[];produces=[]	false	unversioned	Backend maintainers	not measured; see API_SURFACE.md	not scheduled
POST	/api/campaigns/{id}/messages/{messageId}/revisions	ooo.klae.connex.backend.controllers.CampaignMessageController#addRevision	authenticated	MVC workspace resolution attempted for authenticated User; effective scope delegated	CAMPAIGN_MANAGE; CampaignSendService#addRevision:CAMPAIGN_MANAGE	params=[];headers=[];version=;consumes=[];produces=[] / params=[];headers=[];version=;consumes=[];produces=[]	false	unversioned	Backend maintainers	not measured; see API_SURFACE.md	not scheduled
POST	/api/campaigns/{id}/recipients/{deliveryId}/reconcile	ooo.klae.connex.backend.controllers.CampaignEngagementController#reconcileRecipient	authenticated	MVC workspace resolution attempted for authenticated User; effective scope delegated	CAMPAIGN_MANAGE; CampaignTriggeredSendService#reconcile:CAMPAIGN_MANAGE	params=[];headers=[];version=;consumes=[];produces=[] / params=[];headers=[];version=;consumes=[];produces=[]	false	unversioned	Backend maintainers	not measured; see API_SURFACE.md	not scheduled
POST	/api/campaigns/{id}/sends	ooo.klae.connex.backend.controllers.CampaignSendController#create	authenticated	MVC workspace resolution attempted for authenticated User; effective scope delegated	CAMPAIGN_MANAGE; CampaignSendService#createSend:CAMPAIGN_MANAGE	params=[];headers=[];version=;consumes=[];produces=[] / params=[];headers=[];version=;consumes=[];produces=[]	false	unversioned	Backend maintainers	not measured; see API_SURFACE.md	not scheduled
POST	/api/campaigns/{id}/sends/{sendId}/cancel	ooo.klae.connex.backend.controllers.CampaignSendController#cancel	authenticated	MVC workspace resolution attempted for authenticated User; effective scope delegated	CAMPAIGN_SEND; CampaignSendService#cancelSend:CAMPAIGN_SEND	params=[];headers=[];version=;consumes=[];produces=[] / params=[];headers=[];version=;consumes=[];produces=[]	false	unversioned	Backend maintainers	not measured; see API_SURFACE.md	not scheduled
POST	/api/campaigns/{id}/sends/{sendId}/pause	ooo.klae.connex.backend.controllers.CampaignSendController#pause	authenticated	MVC workspace resolution attempted for authenticated User; effective scope delegated	CAMPAIGN_SEND; CampaignSendService#pauseSend:CAMPAIGN_SEND	params=[];headers=[];version=;consumes=[];produces=[] / params=[];headers=[];version=;consumes=[];produces=[]	false	unversioned	Backend maintainers	not measured; see API_SURFACE.md	not scheduled
POST	/api/campaigns/{id}/sends/{sendId}/queue	ooo.klae.connex.backend.controllers.CampaignSendController#queue	authenticated	MVC workspace resolution attempted for authenticated User; effective scope delegated	CAMPAIGN_SEND; CampaignSendService#queueSend:CAMPAIGN_SEND	params=[];headers=[];version=;consumes=[];produces=[] / params=[];headers=[];version=;consumes=[];produces=[]	false	unversioned	Backend maintainers	not measured; see API_SURFACE.md	not scheduled
POST	/api/client-errors	ooo.klae.connex.backend.controllers.ClientErrorController#report	authenticated	MVC workspace resolution attempted for authenticated User; effective scope delegated	ClientErrorService#report:domain authorization	params=[];headers=[];version=;consumes=[];produces=[] / params=[];headers=[];version=;consumes=[];produces=[]	false	unversioned	Backend maintainers	not measured; see API_SURFACE.md	not scheduled
POST	/api/comment-threads	ooo.klae.connex.backend.controllers.RecordCommentController#createThread	authenticated	MVC workspace resolution attempted for authenticated User; effective scope delegated	COMMENT_CREATE; RecordCommentService#createThread:COMMENT_CREATE	params=[];headers=[];version=;consumes=[];produces=[] / params=[];headers=[];version=;consumes=[];produces=[]	false	unversioned	Backend maintainers	not measured; see API_SURFACE.md	not scheduled
POST	/api/comment-threads/{threadId}/comments	ooo.klae.connex.backend.controllers.RecordCommentController#reply	authenticated	MVC workspace resolution attempted for authenticated User; effective scope delegated	COMMENT_CREATE; RecordCommentService#reply:COMMENT_CREATE	params=[];headers=[];version=;consumes=[];produces=[] / params=[];headers=[];version=;consumes=[];produces=[]	false	unversioned	Backend maintainers	not measured; see API_SURFACE.md	not scheduled
POST	/api/comment-threads/{threadId}/reopen	ooo.klae.connex.backend.controllers.RecordCommentController#reopen	authenticated	MVC workspace resolution attempted for authenticated User; effective scope delegated	COMMENT_CREATE; RecordCommentService#reopen:COMMENT_CREATE	params=[];headers=[];version=;consumes=[];produces=[] / params=[];headers=[];version=;consumes=[];produces=[]	false	unversioned	Backend maintainers	not measured; see API_SURFACE.md	not scheduled
POST	/api/comment-threads/{threadId}/resolve	ooo.klae.connex.backend.controllers.RecordCommentController#resolve	authenticated	MVC workspace resolution attempted for authenticated User; effective scope delegated	COMMENT_CREATE; RecordCommentService#resolve:COMMENT_CREATE	params=[];headers=[];version=;consumes=[];produces=[] / params=[];headers=[];version=;consumes=[];produces=[]	false	unversioned	Backend maintainers	not measured; see API_SURFACE.md	not scheduled
POST	/api/companies	ooo.klae.connex.backend.controllers.GuidedRecordCreationController#createCompany	authenticated	MVC workspace resolution attempted for authenticated User; effective scope delegated	GuidedRecordCreationService#createCompany:COMPANY_CREATE	params=[];headers=[];version=;consumes=[];produces=[] / feature=connex.record-creation:[guided-cutover-enabled]=true;matchIfMissing=false	false	unversioned	Backend maintainers	not measured; see API_SURFACE.md	not scheduled
POST	/api/companies	ooo.klae.connex.backend.controllers.LegacyRecordCreationController#createCompany	authenticated	MVC workspace resolution attempted for authenticated User; effective scope delegated	CompanyService#createCompanyReviewed:COMPANY_CREATE	params=[];headers=[];version=;consumes=[];produces=[] / feature=connex.record-creation:[guided-cutover-enabled]=false;matchIfMissing=true	false	unversioned	Backend maintainers	not measured; see API_SURFACE.md	not scheduled
POST	/api/companies/bulk/archive	ooo.klae.connex.backend.controllers.CompanyController#bulkArchive	authenticated	MVC workspace resolution attempted for authenticated User; effective scope delegated	BulkOperationService#archiveCompanies:COMPANY_DELETE	params=[];headers=[];version=;consumes=[];produces=[] / params=[];headers=[];version=;consumes=[];produces=[]	false	unversioned	Backend maintainers	not measured; see API_SURFACE.md	not scheduled
POST	/api/companies/bulk/owner	ooo.klae.connex.backend.controllers.CompanyController#bulkAssignOwner	authenticated	MVC workspace resolution attempted for authenticated User; effective scope delegated	BulkOperationService#assignOwnerToCompanies:COMPANY_UPDATE	params=[];headers=[];version=;consumes=[];produces=[] / params=[];headers=[];version=;consumes=[];produces=[]	false	unversioned	Backend maintainers	not measured; see API_SURFACE.md	not scheduled
POST	/api/companies/bulk/restore	ooo.klae.connex.backend.controllers.CompanyController#bulkRestore	authenticated	MVC workspace resolution attempted for authenticated User; effective scope delegated	BulkOperationService#restoreCompanies:COMPANY_DELETE	params=[];headers=[];version=;consumes=[];produces=[] / params=[];headers=[];version=;consumes=[];produces=[]	false	unversioned	Backend maintainers	not measured; see API_SURFACE.md	not scheduled
POST	/api/companies/bulk/tags/add	ooo.klae.connex.backend.controllers.CompanyController#bulkAddTag	authenticated	MVC workspace resolution attempted for authenticated User; effective scope delegated	BulkOperationService#addTagToCompanies:COMPANY_UPDATE	params=[];headers=[];version=;consumes=[];produces=[] / params=[];headers=[];version=;consumes=[];produces=[]	false	unversioned	Backend maintainers	not measured; see API_SURFACE.md	not scheduled
POST	/api/companies/bulk/tags/remove	ooo.klae.connex.backend.controllers.CompanyController#bulkRemoveTag	authenticated	MVC workspace resolution attempted for authenticated User; effective scope delegated	BulkOperationService#removeTagFromCompanies:COMPANY_UPDATE	params=[];headers=[];version=;consumes=[];produces=[] / params=[];headers=[];version=;consumes=[];produces=[]	false	unversioned	Backend maintainers	not measured; see API_SURFACE.md	not scheduled
POST	/api/companies/segment/ids	ooo.klae.connex.backend.controllers.CompanyController#getSegmentCompanyIds	authenticated	MVC workspace resolution attempted for authenticated User; effective scope delegated	CompanyService#getMatchingSegmentCompanyIds:domain authorization	params=[];headers=[];version=;consumes=[];produces=[] / params=[];headers=[];version=;consumes=[];produces=[]	false	unversioned	Backend maintainers	not measured; see API_SURFACE.md	not scheduled
POST	/api/companies/segment/page	ooo.klae.connex.backend.controllers.CompanyController#getSegmentCompaniesPage	authenticated	MVC workspace resolution attempted for authenticated User; effective scope delegated	CompanyService#getSegmentCompaniesPage:domain authorization	params=[];headers=[];version=;consumes=[];produces=[] / params=[];headers=[];version=;consumes=[];produces=[]	false	unversioned	Backend maintainers	not measured; see API_SURFACE.md	not scheduled
POST	/api/companies/{id}/archive	ooo.klae.connex.backend.controllers.CompanyController#archiveCompany	authenticated	MVC workspace resolution attempted for authenticated User; effective scope delegated	CompanyService#archiveCompany:COMPANY_DELETE	params=[];headers=[];version=;consumes=[];produces=[] / params=[];headers=[];version=;consumes=[];produces=[]	false	unversioned	Backend maintainers	not measured; see API_SURFACE.md	not scheduled
POST	/api/companies/{id}/restore	ooo.klae.connex.backend.controllers.CompanyController#restoreCompany	authenticated	MVC workspace resolution attempted for authenticated User; effective scope delegated	CompanyService#restoreCompany:COMPANY_DELETE	params=[];headers=[];version=;consumes=[];produces=[] / params=[];headers=[];version=;consumes=[];produces=[]	false	unversioned	Backend maintainers	not measured; see API_SURFACE.md	not scheduled
POST	/api/companies/{id}/tags/{tagId}	ooo.klae.connex.backend.controllers.CompanyController#addTagToCompany	authenticated	MVC workspace resolution attempted for authenticated User; effective scope delegated	CompanyService#addTag:COMPANY_UPDATE	params=[];headers=[];version=;consumes=[];produces=[] / params=[];headers=[];version=;consumes=[];produces=[]	false	unversioned	Backend maintainers	not measured; see API_SURFACE.md	not scheduled
POST	/api/csp-reports	ooo.klae.connex.backend.controllers.CspReportController#report	permitAll:stateless CSP collector	no MVC workspace resolution; domain scope if applicable	ClientIpResolver#resolveWithProvenance:domain authorization; CspReportService#ingest:domain authorization	params=[];headers=[];version=;consumes=[];produces=[] / params=[];headers=[];version=;consumes=[application/csp-report, application/reports+json, application/json];produces=[]	false	unversioned	Backend maintainers	not measured; see API_SURFACE.md	not scheduled
POST	/api/custom-fields	ooo.klae.connex.backend.controllers.CustomFieldController#create	authenticated	MVC workspace resolution attempted for authenticated User; effective scope delegated	CustomFieldDefinitionService#create:CUSTOM_FIELD_MANAGE	params=[];headers=[];version=;consumes=[];produces=[] / params=[];headers=[];version=;consumes=[];produces=[]	false	unversioned	Backend maintainers	not measured; see API_SURFACE.md	not scheduled
POST	/api/deals	ooo.klae.connex.backend.controllers.GuidedRecordCreationController#createDeal	authenticated	MVC workspace resolution attempted for authenticated User; effective scope delegated	GuidedRecordCreationService#createDeal:DEAL_CREATE	params=[];headers=[];version=;consumes=[];produces=[] / feature=connex.record-creation:[guided-cutover-enabled]=true;matchIfMissing=false	false	unversioned	Backend maintainers	not measured; see API_SURFACE.md	not scheduled
POST	/api/deals	ooo.klae.connex.backend.controllers.LegacyRecordCreationController#createDeal	authenticated	MVC workspace resolution attempted for authenticated User; effective scope delegated	DealService#createReviewed:DEAL_CREATE	params=[];headers=[];version=;consumes=[];produces=[] / feature=connex.record-creation:[guided-cutover-enabled]=false;matchIfMissing=true	false	unversioned	Backend maintainers	not measured; see API_SURFACE.md	not scheduled
POST	/api/deals/bulk/delete	ooo.klae.connex.backend.controllers.DealController#bulkDelete	authenticated	MVC workspace resolution attempted for authenticated User; effective scope delegated	BulkOperationService#deleteDeals:DEAL_DELETE	params=[];headers=[];version=;consumes=[];produces=[] / params=[];headers=[];version=;consumes=[];produces=[]	false	unversioned	Backend maintainers	not measured; see API_SURFACE.md	not scheduled
POST	/api/deals/bulk/owner	ooo.klae.connex.backend.controllers.DealController#bulkAssignOwner	authenticated	MVC workspace resolution attempted for authenticated User; effective scope delegated	BulkOperationService#assignOwnerToDeals:DEAL_UPDATE	params=[];headers=[];version=;consumes=[];produces=[] / params=[];headers=[];version=;consumes=[];produces=[]	false	unversioned	Backend maintainers	not measured; see API_SURFACE.md	not scheduled
POST	/api/deals/bulk/stage	ooo.klae.connex.backend.controllers.DealController#bulkChangeStage	authenticated	MVC workspace resolution attempted for authenticated User; effective scope delegated	BulkOperationService#changeStageForDeals:DEAL_UPDATE	params=[];headers=[];version=;consumes=[];produces=[] / params=[];headers=[];version=;consumes=[];produces=[]	false	unversioned	Backend maintainers	not measured; see API_SURFACE.md	not scheduled
POST	/api/deals/bulk/tags/add	ooo.klae.connex.backend.controllers.DealController#bulkAddTag	authenticated	MVC workspace resolution attempted for authenticated User; effective scope delegated	BulkOperationService#addTagToDeals:DEAL_UPDATE	params=[];headers=[];version=;consumes=[];produces=[] / params=[];headers=[];version=;consumes=[];produces=[]	false	unversioned	Backend maintainers	not measured; see API_SURFACE.md	not scheduled
POST	/api/deals/bulk/tags/remove	ooo.klae.connex.backend.controllers.DealController#bulkRemoveTag	authenticated	MVC workspace resolution attempted for authenticated User; effective scope delegated	BulkOperationService#removeTagFromDeals:DEAL_UPDATE	params=[];headers=[];version=;consumes=[];produces=[] / params=[];headers=[];version=;consumes=[];produces=[]	false	unversioned	Backend maintainers	not measured; see API_SURFACE.md	not scheduled
POST	/api/deals/segment/ids	ooo.klae.connex.backend.controllers.DealController#getSegmentDealIds	authenticated	MVC workspace resolution attempted for authenticated User; effective scope delegated	DealService#getMatchingSegmentDealIds:domain authorization	params=[];headers=[];version=;consumes=[];produces=[] / params=[];headers=[];version=;consumes=[];produces=[]	false	unversioned	Backend maintainers	not measured; see API_SURFACE.md	not scheduled
POST	/api/deals/segment/metrics	ooo.klae.connex.backend.controllers.DealController#getSegmentDealMetrics	authenticated	MVC workspace resolution attempted for authenticated User; effective scope delegated	DealService#querySegmentDealMetrics:domain authorization	params=[];headers=[];version=;consumes=[];produces=[] / params=[];headers=[];version=;consumes=[];produces=[]	false	unversioned	Backend maintainers	not measured; see API_SURFACE.md	not scheduled
POST	/api/deals/segment/page	ooo.klae.connex.backend.controllers.DealController#getSegmentDealsPage	authenticated	MVC workspace resolution attempted for authenticated User; effective scope delegated	DealService#querySegmentDealsPage:domain authorization	params=[];headers=[];version=;consumes=[];produces=[] / params=[];headers=[];version=;consumes=[];produces=[]	false	unversioned	Backend maintainers	not measured; see API_SURFACE.md	not scheduled
POST	/api/deals/{dealId}/documents	ooo.klae.connex.backend.controllers.DealDocumentController#generate	authenticated	MVC workspace resolution attempted for authenticated User; effective scope delegated	DealDocumentService#generate:DEAL_UPDATE	params=[];headers=[];version=;consumes=[];produces=[] / params=[];headers=[];version=;consumes=[];produces=[]	false	unversioned	Backend maintainers	not measured; see API_SURFACE.md	not scheduled
POST	/api/deals/{dealId}/documents/{documentId}/approval	ooo.klae.connex.backend.controllers.DocumentApprovalController#request	authenticated	MVC workspace resolution attempted for authenticated User; effective scope delegated	DocumentApprovalService#requestApproval:DEAL_UPDATE	params=[];headers=[];version=;consumes=[];produces=[] / params=[];headers=[];version=;consumes=[];produces=[]	false	unversioned	Backend maintainers	not measured; see API_SURFACE.md	not scheduled
POST	/api/deals/{dealId}/documents/{documentId}/approval/cancel	ooo.klae.connex.backend.controllers.DocumentApprovalController#cancel	authenticated	MVC workspace resolution attempted for authenticated User; effective scope delegated	DocumentApprovalService#cancel:DEAL_UPDATE	params=[];headers=[];version=;consumes=[];produces=[] / params=[];headers=[];version=;consumes=[];produces=[]	false	unversioned	Backend maintainers	not measured; see API_SURFACE.md	not scheduled
POST	/api/deals/{dealId}/documents/{documentId}/approval/decision	ooo.klae.connex.backend.controllers.DocumentApprovalController#decide	authenticated	MVC workspace resolution attempted for authenticated User; effective scope delegated	DocumentApprovalService#decide:DOCUMENT_APPROVE	params=[];headers=[];version=;consumes=[];produces=[] / params=[];headers=[];version=;consumes=[];produces=[]	false	unversioned	Backend maintainers	not measured; see API_SURFACE.md	not scheduled
POST	/api/deals/{dealId}/documents/{documentId}/approval/steps/{stepId}/approvers	ooo.klae.connex.backend.controllers.DocumentApprovalController#addApprovers	authenticated	MVC workspace resolution attempted for authenticated User; effective scope delegated	DocumentApprovalService#addStepApprovers:DOCUMENT_MANAGE	params=[];headers=[];version=;consumes=[];produces=[] / params=[];headers=[];version=;consumes=[];produces=[]	false	unversioned	Backend maintainers	not measured; see API_SURFACE.md	not scheduled
POST	/api/deals/{dealId}/documents/{documentId}/approval/steps/{stepId}/delegate	ooo.klae.connex.backend.controllers.DocumentApprovalController#delegate	authenticated	MVC workspace resolution attempted for authenticated User; effective scope delegated	DocumentApprovalService#createDelegation:DOCUMENT_APPROVE	params=[];headers=[];version=;consumes=[];produces=[] / params=[];headers=[];version=;consumes=[];produces=[]	false	unversioned	Backend maintainers	not measured; see API_SURFACE.md	not scheduled
POST	/api/deals/{dealId}/documents/{documentId}/delivery	ooo.klae.connex.backend.controllers.DocumentDeliveryController#send	authenticated	MVC workspace resolution attempted for authenticated User; effective scope delegated	DocumentDeliveryService#send:DOCUMENT_SEND	params=[];headers=[];version=;consumes=[];produces=[] / params=[];headers=[];version=;consumes=[];produces=[]	false	unversioned	Backend maintainers	not measured; see API_SURFACE.md	not scheduled
POST	/api/deals/{dealId}/documents/{documentId}/delivery/{deliveryId}/recipients/{recipientId}/resend	ooo.klae.connex.backend.controllers.DocumentDeliveryController#resend	authenticated	MVC workspace resolution attempted for authenticated User; effective scope delegated	DocumentDeliveryService#resend:DOCUMENT_SEND	params=[];headers=[];version=;consumes=[];produces=[] / params=[];headers=[];version=;consumes=[];produces=[]	false	unversioned	Backend maintainers	not measured; see API_SURFACE.md	not scheduled
POST	/api/deals/{dealId}/documents/{documentId}/delivery/{deliveryId}/void	ooo.klae.connex.backend.controllers.DocumentDeliveryController#voidDelivery	authenticated	MVC workspace resolution attempted for authenticated User; effective scope delegated	DocumentDeliveryService#voidDelivery:DOCUMENT_SEND	params=[];headers=[];version=;consumes=[];produces=[] / params=[];headers=[];version=;consumes=[];produces=[]	false	unversioned	Backend maintainers	not measured; see API_SURFACE.md	not scheduled
POST	/api/deals/{dealId}/line-items	ooo.klae.connex.backend.controllers.DealLineItemController#create	authenticated	MVC workspace resolution attempted for authenticated User; effective scope delegated	DealLineItemService#create:DEAL_UPDATE	params=[];headers=[];version=;consumes=[];produces=[] / params=[];headers=[];version=;consumes=[];produces=[]	false	unversioned	Backend maintainers	not measured; see API_SURFACE.md	not scheduled
POST	/api/deals/{id}/brief	ooo.klae.connex.backend.controllers.DealController#brief	authenticated	MVC workspace resolution attempted for authenticated User; effective scope delegated	AiGenerationAdapterService#startDealBrief:domain authorization	params=[];headers=[];version=;consumes=[];produces=[] / params=[];headers=[];version=;consumes=[];produces=[]	false	unversioned	Backend maintainers	not measured; see API_SURFACE.md	not scheduled
POST	/api/deals/{id}/close	ooo.klae.connex.backend.controllers.DealController#closeDeal	authenticated	MVC workspace resolution attempted for authenticated User; effective scope delegated	DealService#close:DEAL_UPDATE	params=[];headers=[];version=;consumes=[];produces=[] / params=[];headers=[];version=;consumes=[];produces=[]	false	unversioned	Backend maintainers	not measured; see API_SURFACE.md	not scheduled
POST	/api/deals/{id}/move	ooo.klae.connex.backend.controllers.DealController#moveDeal	authenticated	MVC workspace resolution attempted for authenticated User; effective scope delegated	DealService#move:DEAL_UPDATE	params=[];headers=[];version=;consumes=[];produces=[] / params=[];headers=[];version=;consumes=[];produces=[]	false	unversioned	Backend maintainers	not measured; see API_SURFACE.md	not scheduled
POST	/api/deals/{id}/people/{personId}	ooo.klae.connex.backend.controllers.DealController#addPersonToDeal	authenticated	MVC workspace resolution attempted for authenticated User; effective scope delegated	DealService#addPerson:DEAL_UPDATE	params=[];headers=[];version=;consumes=[];produces=[] / params=[];headers=[];version=;consumes=[];produces=[]	false	unversioned	Backend maintainers	not measured; see API_SURFACE.md	not scheduled
POST	/api/deals/{id}/rationale	ooo.klae.connex.backend.controllers.DealController#rationale	authenticated	MVC workspace resolution attempted for authenticated User; effective scope delegated	AiGenerationAdapterService#startDealRationale:domain authorization	params=[];headers=[];version=;consumes=[];produces=[] / params=[];headers=[];version=;consumes=[];produces=[]	false	unversioned	Backend maintainers	not measured; see API_SURFACE.md	not scheduled
POST	/api/deals/{id}/reopen	ooo.klae.connex.backend.controllers.DealController#reopenDeal	authenticated	MVC workspace resolution attempted for authenticated User; effective scope delegated	DealService#reopen:DEAL_UPDATE	params=[];headers=[];version=;consumes=[];produces=[] / params=[];headers=[];version=;consumes=[];produces=[]	false	unversioned	Backend maintainers	not measured; see API_SURFACE.md	not scheduled
POST	/api/deals/{id}/reschedule	ooo.klae.connex.backend.controllers.DealController#rescheduleDeal	authenticated	MVC workspace resolution attempted for authenticated User; effective scope delegated	DealService#reschedule:DEAL_UPDATE	params=[];headers=[];version=;consumes=[];produces=[] / params=[];headers=[];version=;consumes=[];produces=[]	false	unversioned	Backend maintainers	not measured; see API_SURFACE.md	not scheduled
POST	/api/deals/{id}/tags/{tagId}	ooo.klae.connex.backend.controllers.DealController#addTagToDeal	authenticated	MVC workspace resolution attempted for authenticated User; effective scope delegated	DealService#addTag:DEAL_UPDATE	params=[];headers=[];version=;consumes=[];produces=[] / params=[];headers=[];version=;consumes=[];produces=[]	false	unversioned	Backend maintainers	not measured; see API_SURFACE.md	not scheduled
POST	/api/delivery/providers/{channel}/webhook-token	ooo.klae.connex.backend.controllers.DeliveryProviderConfigController#issueWebhookToken	authenticated	MVC workspace resolution attempted for authenticated User; effective scope delegated	DeliveryProviderConfigService#issueWebhookToken:WORKSPACE_SETTINGS	params=[];headers=[];version=;consumes=[];produces=[] / params=[];headers=[];version=;consumes=[];produces=[]	false	unversioned	Backend maintainers	not measured; see API_SURFACE.md	not scheduled
POST	/api/delivery/unsubscribe	ooo.klae.connex.backend.controllers.DeliveryUnsubscribeController#unsubscribe	permitAll	MVC workspace resolution attempted for authenticated User; effective scope delegated	DeliveryUnsubscribeService#unsubscribe:domain authorization; OneTimeLinkFlowService#requireBoundFlow:domain authorization	params=[];headers=[];version=;consumes=[];produces=[] / params=[];headers=[];version=;consumes=[];produces=[]	false	unversioned	Backend maintainers	not measured; see API_SURFACE.md	not scheduled
POST	/api/delivery/unsubscribe/exchange	ooo.klae.connex.backend.controllers.DeliveryUnsubscribeController#exchange	permitAll	MVC workspace resolution attempted for authenticated User; effective scope delegated	DeliveryUnsubscribeService#exchange:domain authorization; OneTimeLinkFlowCookie#set:domain authorization; OneTimeLinkFlowService#issue:domain authorization	params=[];headers=[];version=;consumes=[];produces=[] / params=[];headers=[];version=;consumes=[];produces=[]	false	unversioned	Backend maintainers	not measured; see API_SURFACE.md	not scheduled
POST	/api/delivery/webhooks/{provider}/{token}	ooo.klae.connex.backend.controllers.DeliveryWebhookController#ingest	permitAll	MVC workspace resolution attempted for authenticated User; effective scope delegated	DeliveryWebhookService#ingest:domain authorization	params=[];headers=[];version=;consumes=[];produces=[] / params=[];headers=[];version=;consumes=[];produces=[]	false	unversioned	Backend maintainers	not measured; see API_SURFACE.md	not scheduled
POST	/api/disqualification-reasons	ooo.klae.connex.backend.controllers.DisqualificationReasonController#create	authenticated	MVC workspace resolution attempted for authenticated User; effective scope delegated	DisqualificationReasonService#create:WORKSPACE_SETTINGS	params=[];headers=[];version=;consumes=[];produces=[] / params=[];headers=[];version=;consumes=[];produces=[]	false	unversioned	Backend maintainers	not measured; see API_SURFACE.md	not scheduled
POST	/api/disqualification-reasons/{id}/restore	ooo.klae.connex.backend.controllers.DisqualificationReasonController#restore	authenticated	MVC workspace resolution attempted for authenticated User; effective scope delegated	DisqualificationReasonService#restore:WORKSPACE_SETTINGS	params=[];headers=[];version=;consumes=[];produces=[] / params=[];headers=[];version=;consumes=[];produces=[]	false	unversioned	Backend maintainers	not measured; see API_SURFACE.md	not scheduled
POST	/api/document-acceptance/accept	ooo.klae.connex.backend.controllers.DocumentAcceptanceController#accept	permitAll	MVC workspace resolution attempted for authenticated User; effective scope delegated	ClientIpResolver#resolve:domain authorization; DocumentAcceptanceService#accept:domain authorization; DocumentAcceptanceService#admitGrant:domain authorization	params=[];headers=[];version=;consumes=[];produces=[] / params=[];headers=[];version=;consumes=[];produces=[]	false	unversioned	Backend maintainers	not measured; see API_SURFACE.md	not scheduled
POST	/api/document-acceptance/decline	ooo.klae.connex.backend.controllers.DocumentAcceptanceController#decline	permitAll	MVC workspace resolution attempted for authenticated User; effective scope delegated	ClientIpResolver#resolve:domain authorization; DocumentAcceptanceService#admitGrant:domain authorization; DocumentAcceptanceService#decline:domain authorization	params=[];headers=[];version=;consumes=[];produces=[] / params=[];headers=[];version=;consumes=[];produces=[]	false	unversioned	Backend maintainers	not measured; see API_SURFACE.md	not scheduled
POST	/api/document-acceptance/exchange	ooo.klae.connex.backend.controllers.DocumentAcceptanceController#exchange	permitAll	MVC workspace resolution attempted for authenticated User; effective scope delegated	ClientIpResolver#resolve:domain authorization; DocumentAcceptanceService#exchange:domain authorization; OneTimeLinkFlowCookie#set:domain authorization; OneTimeLinkFlowService#issueRouted:domain authorization	params=[];headers=[];version=;consumes=[];produces=[] / params=[];headers=[];version=;consumes=[];produces=[]	false	unversioned	Backend maintainers	not measured; see API_SURFACE.md	not scheduled
POST	/api/document-acceptance/viewed	ooo.klae.connex.backend.controllers.DocumentAcceptanceController#markViewed	permitAll	MVC workspace resolution attempted for authenticated User; effective scope delegated	ClientIpResolver#resolve:domain authorization; DocumentAcceptanceService#admitGrant:domain authorization; DocumentAcceptanceService#markViewed:domain authorization	params=[];headers=[];version=;consumes=[];produces=[] / params=[];headers=[];version=;consumes=[];produces=[]	false	unversioned	Backend maintainers	not measured; see API_SURFACE.md	not scheduled
POST	/api/document-signature/webhooks/{provider}	ooo.klae.connex.backend.controllers.DocumentSignatureWebhookController#ingest	permitAll	MVC workspace resolution attempted for authenticated User; effective scope delegated	DocumentSignatureWebhookService#ingest:domain authorization	params=[];headers=[];version=;consumes=[];produces=[] / params=[];headers=[];version=;consumes=[];produces=[]	false	unversioned	Backend maintainers	not measured; see API_SURFACE.md	not scheduled
POST	/api/document-templates	ooo.klae.connex.backend.controllers.DocumentTemplateController#create	authenticated	MVC workspace resolution attempted for authenticated User; effective scope delegated	DocumentTemplateService#create:DOCUMENT_MANAGE	params=[];headers=[];version=;consumes=[];produces=[] / params=[];headers=[];version=;consumes=[];produces=[]	false	unversioned	Backend maintainers	not measured; see API_SURFACE.md	not scheduled
POST	/api/duplicate-preflight/companies	ooo.klae.connex.backend.controllers.DuplicatePreflightController#companies	authenticated	MVC workspace resolution attempted for authenticated User; effective scope delegated	COMPANY_CREATE; DuplicatePreflightService#preflightCompany:COMPANY_CREATE	params=[];headers=[];version=;consumes=[];produces=[] / params=[];headers=[];version=;consumes=[];produces=[]	false	unversioned	Backend maintainers	not measured; see API_SURFACE.md	not scheduled
POST	/api/duplicate-preflight/deals	ooo.klae.connex.backend.controllers.DuplicatePreflightController#deals	authenticated	MVC workspace resolution attempted for authenticated User; effective scope delegated	DEAL_CREATE; DuplicatePreflightService#preflightDeal:DEAL_CREATE	params=[];headers=[];version=;consumes=[];produces=[] / params=[];headers=[];version=;consumes=[];produces=[]	false	unversioned	Backend maintainers	not measured; see API_SURFACE.md	not scheduled
POST	/api/duplicate-preflight/persons	ooo.klae.connex.backend.controllers.DuplicatePreflightController#persons	authenticated	MVC workspace resolution attempted for authenticated User; effective scope delegated	DuplicatePreflightService#preflightPerson:PERSON_CREATE; PERSON_CREATE	params=[];headers=[];version=;consumes=[];produces=[] / params=[];headers=[];version=;consumes=[];produces=[]	false	unversioned	Backend maintainers	not measured; see API_SURFACE.md	not scheduled
POST	/api/duplicate-reviews/dismiss	ooo.klae.connex.backend.controllers.DuplicateReviewController#dismiss	authenticated	MVC workspace resolution attempted for authenticated User; effective scope delegated	DuplicateReviewService#dismiss:REPORT_READ; REPORT_READ	params=[];headers=[];version=;consumes=[];produces=[] / params=[];headers=[];version=;consumes=[];produces=[]	false	unversioned	Backend maintainers	not measured; see API_SURFACE.md	not scheduled
POST	/api/duplicate-reviews/reopen	ooo.klae.connex.backend.controllers.DuplicateReviewController#reopen	authenticated	MVC workspace resolution attempted for authenticated User; effective scope delegated	DuplicateReviewService#reopen:REPORT_READ; REPORT_READ	params=[];headers=[];version=;consumes=[];produces=[] / params=[];headers=[];version=;consumes=[];produces=[]	false	unversioned	Backend maintainers	not measured; see API_SURFACE.md	not scheduled
POST	/api/exports/deals/segment	ooo.klae.connex.backend.controllers.ExportController#exportSegmentDeals	authenticated	MVC workspace resolution attempted for authenticated User; effective scope delegated	ExportService#exportSegmentDeals:domain authorization	params=[];headers=[];version=;consumes=[];produces=[] / params=[];headers=[];version=;consumes=[];produces=[]	false	unversioned	Backend maintainers	not measured; see API_SURFACE.md	not scheduled
POST	/api/goals	ooo.klae.connex.backend.controllers.GoalController#create	authenticated	MVC workspace resolution attempted for authenticated User; effective scope delegated	GOAL_MANAGE; GoalService#create:GOAL_MANAGE	params=[];headers=[];version=;consumes=[];produces=[] / params=[];headers=[];version=;consumes=[];produces=[]	false	unversioned	Backend maintainers	not measured; see API_SURFACE.md	not scheduled
POST	/api/identity-collisions/members/query	ooo.klae.connex.backend.controllers.IdentityCollisionController#listMembers	authenticated	MVC workspace resolution attempted for authenticated User; effective scope delegated	IdentityCollisionService#listMembers:REPORT_READ; REPORT_READ	params=[];headers=[];version=;consumes=[];produces=[] / params=[];headers=[];version=;consumes=[];produces=[]	false	unversioned	Backend maintainers	not measured; see API_SURFACE.md	not scheduled
POST	/api/imports/companies	ooo.klae.connex.backend.controllers.ImportController#importCompanies	authenticated	MVC workspace resolution attempted for authenticated User; effective scope delegated	ImportService#commitCompanies:COMPANY_CREATE	params=[];headers=[];version=;consumes=[];produces=[] / params=[];headers=[];version=;consumes=[];produces=[]	false	unversioned	Backend maintainers	not measured; see API_SURFACE.md	not scheduled
POST	/api/imports/companies/preview	ooo.klae.connex.backend.controllers.ImportController#previewCompanies	authenticated	MVC workspace resolution attempted for authenticated User; effective scope delegated	ImportService#previewCompanies:COMPANY_CREATE	params=[];headers=[];version=;consumes=[];produces=[] / params=[];headers=[];version=;consumes=[];produces=[]	false	unversioned	Backend maintainers	not measured; see API_SURFACE.md	not scheduled
POST	/api/imports/deals	ooo.klae.connex.backend.controllers.ImportController#importDeals	authenticated	MVC workspace resolution attempted for authenticated User; effective scope delegated	ImportService#commitDeals:DEAL_CREATE	params=[];headers=[];version=;consumes=[];produces=[] / params=[];headers=[];version=;consumes=[];produces=[]	false	unversioned	Backend maintainers	not measured; see API_SURFACE.md	not scheduled
POST	/api/imports/deals/preview	ooo.klae.connex.backend.controllers.ImportController#previewDeals	authenticated	MVC workspace resolution attempted for authenticated User; effective scope delegated	ImportService#previewDeals:DEAL_CREATE	params=[];headers=[];version=;consumes=[];produces=[] / params=[];headers=[];version=;consumes=[];produces=[]	false	unversioned	Backend maintainers	not measured; see API_SURFACE.md	not scheduled
POST	/api/imports/history/activities	ooo.klae.connex.backend.controllers.InteractionHistoryImportController#importActivities	authenticated	MVC workspace resolution attempted for authenticated User; effective scope delegated	InteractionHistoryImportService#commitActivities:ACTIVITY_CREATE	params=[];headers=[];version=;consumes=[];produces=[] / params=[];headers=[];version=;consumes=[];produces=[]	false	unversioned	Backend maintainers	not measured; see API_SURFACE.md	not scheduled
POST	/api/imports/history/activities/preview	ooo.klae.connex.backend.controllers.InteractionHistoryImportController#previewActivities	authenticated	MVC workspace resolution attempted for authenticated User; effective scope delegated	InteractionHistoryImportService#previewActivities:ACTIVITY_CREATE	params=[];headers=[];version=;consumes=[];produces=[] / params=[];headers=[];version=;consumes=[];produces=[]	false	unversioned	Backend maintainers	not measured; see API_SURFACE.md	not scheduled
POST	/api/imports/history/notes	ooo.klae.connex.backend.controllers.InteractionHistoryImportController#importNotes	authenticated	MVC workspace resolution attempted for authenticated User; effective scope delegated	InteractionHistoryImportService#commitNotes:NOTE_CREATE	params=[];headers=[];version=;consumes=[];produces=[] / params=[];headers=[];version=;consumes=[];produces=[]	false	unversioned	Backend maintainers	not measured; see API_SURFACE.md	not scheduled
POST	/api/imports/history/notes/preview	ooo.klae.connex.backend.controllers.InteractionHistoryImportController#previewNotes	authenticated	MVC workspace resolution attempted for authenticated User; effective scope delegated	InteractionHistoryImportService#previewNotes:NOTE_CREATE	params=[];headers=[];version=;consumes=[];produces=[] / params=[];headers=[];version=;consumes=[];produces=[]	false	unversioned	Backend maintainers	not measured; see API_SURFACE.md	not scheduled
POST	/api/imports/history/tasks	ooo.klae.connex.backend.controllers.InteractionHistoryImportController#importTasks	authenticated	MVC workspace resolution attempted for authenticated User; effective scope delegated	InteractionHistoryImportService#commitTasks:TASK_CREATE	params=[];headers=[];version=;consumes=[];produces=[] / params=[];headers=[];version=;consumes=[];produces=[]	false	unversioned	Backend maintainers	not measured; see API_SURFACE.md	not scheduled
POST	/api/imports/history/tasks/preview	ooo.klae.connex.backend.controllers.InteractionHistoryImportController#previewTasks	authenticated	MVC workspace resolution attempted for authenticated User; effective scope delegated	InteractionHistoryImportService#previewTasks:TASK_CREATE	params=[];headers=[];version=;consumes=[];produces=[] / params=[];headers=[];version=;consumes=[];produces=[]	false	unversioned	Backend maintainers	not measured; see API_SURFACE.md	not scheduled
POST	/api/imports/persons	ooo.klae.connex.backend.controllers.ImportController#importPersons	authenticated	MVC workspace resolution attempted for authenticated User; effective scope delegated	ImportService#commitPersons:PERSON_CREATE	params=[];headers=[];version=;consumes=[];produces=[] / params=[];headers=[];version=;consumes=[];produces=[]	false	unversioned	Backend maintainers	not measured; see API_SURFACE.md	not scheduled
POST	/api/imports/persons/preview	ooo.klae.connex.backend.controllers.ImportController#previewPersons	authenticated	MVC workspace resolution attempted for authenticated User; effective scope delegated	ImportService#previewPersons:PERSON_CREATE	params=[];headers=[];version=;consumes=[];produces=[] / params=[];headers=[];version=;consumes=[];produces=[]	false	unversioned	Backend maintainers	not measured; see API_SURFACE.md	not scheduled
POST	/api/imports/products	ooo.klae.connex.backend.controllers.ProductImportController#importProducts	authenticated	MVC workspace resolution attempted for authenticated User; effective scope delegated	ProductImportService#commitProducts:PRODUCT_MANAGE	params=[];headers=[];version=;consumes=[];produces=[] / params=[];headers=[];version=;consumes=[];produces=[]	false	unversioned	Backend maintainers	not measured; see API_SURFACE.md	not scheduled
POST	/api/imports/products/preview	ooo.klae.connex.backend.controllers.ProductImportController#previewProducts	authenticated	MVC workspace resolution attempted for authenticated User; effective scope delegated	ProductImportService#previewProducts:PRODUCT_MANAGE	params=[];headers=[];version=;consumes=[];produces=[] / params=[];headers=[];version=;consumes=[];produces=[]	false	unversioned	Backend maintainers	not measured; see API_SURFACE.md	not scheduled
POST	/api/introductions	ooo.klae.connex.backend.controllers.IntroductionController#recordIntroduction	authenticated	MVC workspace resolution attempted for authenticated User; effective scope delegated	IntroductionService#createIntroduction:PERSON_UPDATE	params=[];headers=[];version=;consumes=[];produces=[] / params=[];headers=[];version=;consumes=[];produces=[]	false	unversioned	Backend maintainers	not measured; see API_SURFACE.md	not scheduled
POST	/api/introductions/dismiss	ooo.klae.connex.backend.controllers.IntroductionController#dismissSuggestion	authenticated	MVC workspace resolution attempted for authenticated User; effective scope delegated	IntroductionService#dismissSuggestion:PERSON_UPDATE	params=[];headers=[];version=;consumes=[];produces=[] / params=[];headers=[];version=;consumes=[];produces=[]	false	unversioned	Backend maintainers	not measured; see API_SURFACE.md	not scheduled
POST	/api/introductions/paths/accept	ooo.klae.connex.backend.controllers.IntroductionController#acceptPath	authenticated	MVC workspace resolution attempted for authenticated User; effective scope delegated	WarmPathService#acceptPath:PERSON_UPDATE	params=[];headers=[];version=;consumes=[];produces=[] / params=[];headers=[];version=;consumes=[];produces=[]	false	unversioned	Backend maintainers	not measured; see API_SURFACE.md	not scheduled
POST	/api/introductions/paths/dismiss	ooo.klae.connex.backend.controllers.IntroductionController#dismissPath	authenticated	MVC workspace resolution attempted for authenticated User; effective scope delegated	WarmPathService#dismissPath:PERSON_UPDATE	params=[];headers=[];version=;consumes=[];produces=[] / params=[];headers=[];version=;consumes=[];produces=[]	false	unversioned	Backend maintainers	not measured; see API_SURFACE.md	not scheduled
POST	/api/introductions/suggestions/rationale	ooo.klae.connex.backend.controllers.IntroductionController#rationale	authenticated	MVC workspace resolution attempted for authenticated User; effective scope delegated	AiGenerationAdapterService#startIntroRationale:domain authorization	params=[];headers=[];version=;consumes=[];produces=[] / params=[];headers=[];version=;consumes=[];produces=[]	false	unversioned	Backend maintainers	not measured; see API_SURFACE.md	not scheduled
POST	/api/invite-links/accept	ooo.klae.connex.backend.controllers.InviteLinkController#accept	authenticated	MVC workspace resolution attempted for authenticated User; effective scope delegated	AuthService#getCurrentUser:domain authorization; InviteLinkService#redeemLinkByHash:domain authorization; OneTimeLinkFlowCookie#clear:domain authorization; OneTimeLinkFlowService#consumeBound:domain authorization; WorkspaceCookie#set:domain authorization	params=[];headers=[];version=;consumes=[];produces=[] / params=[];headers=[];version=;consumes=[];produces=[]	false	unversioned	Backend maintainers	not measured; see API_SURFACE.md	not scheduled
POST	/api/invite-links/exchange	ooo.klae.connex.backend.controllers.InviteLinkController#exchange	permitAll	MVC workspace resolution attempted for authenticated User; effective scope delegated	InviteLinkService#exchangeToken:domain authorization; OneTimeLinkFlowCookie#set:domain authorization; OneTimeLinkFlowService#issue:domain authorization	params=[];headers=[];version=;consumes=[];produces=[] / params=[];headers=[];version=;consumes=[];produces=[]	false	unversioned	Backend maintainers	not measured; see API_SURFACE.md	not scheduled
POST	/api/invites/accept	ooo.klae.connex.backend.controllers.InviteController#accept	authenticated	MVC workspace resolution attempted for authenticated User; effective scope delegated	AuthService#getCurrentUser:domain authorization; InviteService#acceptInviteByHash:domain authorization; OneTimeLinkFlowCookie#clear:domain authorization; OneTimeLinkFlowService#consumeBound:domain authorization; WorkspaceCookie#set:domain authorization	params=[];headers=[];version=;consumes=[];produces=[] / params=[];headers=[];version=;consumes=[];produces=[]	false	unversioned	Backend maintainers	not measured; see API_SURFACE.md	not scheduled
POST	/api/invites/exchange	ooo.klae.connex.backend.controllers.InviteController#exchange	permitAll	MVC workspace resolution attempted for authenticated User; effective scope delegated	InviteService#exchangeToken:domain authorization; OneTimeLinkFlowCookie#set:domain authorization; OneTimeLinkFlowService#exchangeOwnerHash:domain authorization; OneTimeLinkFlowService#issue:domain authorization	params=[];headers=[];version=;consumes=[];produces=[] / params=[];headers=[];version=;consumes=[];produces=[]	false	unversioned	Backend maintainers	not measured; see API_SURFACE.md	not scheduled
POST	/api/login/oauth2/code/*	OAuth2LoginAuthenticationFilter	permitAll; OAuth state/code verification	no MVC workspace resolution; handler-owned scope	framework authentication protocol	filter/handshake route; CSRF policy and protocol validation apply	false	unversioned	Backend maintainers	not measured; see API_SURFACE.md	not scheduled
POST	/api/login/saml2/sso/{registrationId}	Saml2WebSsoAuthenticationFilter	permitAll; SSO enabled; signed solicited response	no MVC workspace resolution; handler-owned scope	framework authentication protocol	filter/handshake route; CSRF policy and protocol validation apply	false	unversioned	Backend maintainers	not measured; see API_SURFACE.md	not scheduled
POST	/api/my-work/document-approvals/{id}/decision	ooo.klae.connex.backend.controllers.MyWorkController#decideApproval	authenticated	MVC workspace resolution attempted for authenticated User; effective scope delegated	WorkItemService#decideApproval:domain authorization	params=[];headers=[];version=;consumes=[];produces=[] / params=[];headers=[];version=;consumes=[];produces=[]	false	unversioned	Backend maintainers	not measured; see API_SURFACE.md	not scheduled
POST	/api/my-work/notifications/{id}/dismiss	ooo.klae.connex.backend.controllers.MyWorkController#dismissNotification	authenticated	MVC workspace resolution attempted for authenticated User; effective scope delegated	WorkItemService#dismissNotification:domain authorization	params=[];headers=[];version=;consumes=[];produces=[] / params=[];headers=[];version=;consumes=[];produces=[]	false	unversioned	Backend maintainers	not measured; see API_SURFACE.md	not scheduled
POST	/api/my-work/notifications/{id}/snooze	ooo.klae.connex.backend.controllers.MyWorkController#snoozeNotification	authenticated	MVC workspace resolution attempted for authenticated User; effective scope delegated	WorkItemService#snoozeNotification:domain authorization	params=[];headers=[];version=;consumes=[];produces=[] / params=[];headers=[];version=;consumes=[];produces=[]	false	unversioned	Backend maintainers	not measured; see API_SURFACE.md	not scheduled
POST	/api/my-work/tasks/{id}/complete	ooo.klae.connex.backend.controllers.MyWorkController#completeTask	authenticated	MVC workspace resolution attempted for authenticated User; effective scope delegated	WorkItemService#completeTask:domain authorization	params=[];headers=[];version=;consumes=[];produces=[] / params=[];headers=[];version=;consumes=[];produces=[]	false	unversioned	Backend maintainers	not measured; see API_SURFACE.md	not scheduled
POST	/api/notes	ooo.klae.connex.backend.controllers.NoteController#createNote	authenticated	MVC workspace resolution attempted for authenticated User; effective scope delegated	NoteService#create:NOTE_CREATE	params=[];headers=[];version=;consumes=[];produces=[] / params=[];headers=[];version=;consumes=[];produces=[]	false	unversioned	Backend maintainers	not measured; see API_SURFACE.md	not scheduled
POST	/api/notifications/read-all	ooo.klae.connex.backend.controllers.NotificationController#markAllRead	authenticated	MVC workspace resolution attempted for authenticated User; effective scope delegated	NotificationService#markAllRead:domain authorization	params=[];headers=[];version=;consumes=[];produces=[]	false	unversioned	Backend maintainers	not measured; see API_SURFACE.md	not scheduled
POST	/api/notifications/{id}/dismiss	ooo.klae.connex.backend.controllers.NotificationController#dismiss	authenticated	MVC workspace resolution attempted for authenticated User; effective scope delegated	NotificationService#dismiss:domain authorization	params=[];headers=[];version=;consumes=[];produces=[]	false	unversioned	Backend maintainers	not measured; see API_SURFACE.md	not scheduled
POST	/api/notifications/{id}/read	ooo.klae.connex.backend.controllers.NotificationController#markRead	authenticated	MVC workspace resolution attempted for authenticated User; effective scope delegated	NotificationService#markRead:domain authorization	params=[];headers=[];version=;consumes=[];produces=[]	false	unversioned	Backend maintainers	not measured; see API_SURFACE.md	not scheduled
POST	/api/notifications/{id}/restore	ooo.klae.connex.backend.controllers.NotificationController#restore	authenticated	MVC workspace resolution attempted for authenticated User; effective scope delegated	NotificationService#restore:domain authorization	params=[];headers=[];version=;consumes=[];produces=[]	false	unversioned	Backend maintainers	not measured; see API_SURFACE.md	not scheduled
POST	/api/notifications/{id}/snooze	ooo.klae.connex.backend.controllers.NotificationController#snooze	authenticated	MVC workspace resolution attempted for authenticated User; effective scope delegated	NotificationService#snooze:domain authorization	params=[];headers=[];version=;consumes=[];produces=[]	false	unversioned	Backend maintainers	not measured; see API_SURFACE.md	not scheduled
POST	/api/notifications/{id}/unread	ooo.klae.connex.backend.controllers.NotificationController#markUnread	authenticated	MVC workspace resolution attempted for authenticated User; effective scope delegated	NotificationService#markUnread:domain authorization	params=[];headers=[];version=;consumes=[];produces=[]	false	unversioned	Backend maintainers	not measured; see API_SURFACE.md	not scheduled
POST	/api/notifications/{id}/unsnooze	ooo.klae.connex.backend.controllers.NotificationController#unsnooze	authenticated	MVC workspace resolution attempted for authenticated User; effective scope delegated	NotificationService#unsnooze:domain authorization	params=[];headers=[];version=;consumes=[];produces=[]	false	unversioned	Backend maintainers	not measured; see API_SURFACE.md	not scheduled
POST	/api/oauth2/authorization/{registrationId}	OAuth2AuthorizationRequestRedirectFilter	permitAll; OAuth enabled	no MVC workspace resolution; handler-owned scope	framework authentication protocol	filter/handshake route; CSRF policy and protocol validation apply	false	unversioned	Backend maintainers	not measured; see API_SURFACE.md	not scheduled
POST	/api/orgs/{orgId}/allowed-domains	ooo.klae.connex.backend.controllers.OrgAllowedDomainController#add	authenticated	MVC workspace resolution attempted for authenticated User; effective scope delegated	AuthService#getCurrentUser:domain authorization; OrgAllowedDomainService#addDomain:domain authorization	params=[];headers=[];version=;consumes=[];produces=[] / params=[];headers=[];version=;consumes=[];produces=[]	false	unversioned	Backend maintainers	not measured; see API_SURFACE.md	not scheduled
POST	/api/orgs/{orgId}/appi-incidents	ooo.klae.connex.backend.controllers.AppiIncidentController#create	authenticated	MVC workspace resolution attempted for authenticated User; effective scope delegated	AppiIncidentService#create:domain authorization; AuthService#getCurrentUser:domain authorization	params=[];headers=[];version=;consumes=[];produces=[] / params=[];headers=[];version=;consumes=[];produces=[]	false	unversioned	Backend maintainers	not measured; see API_SURFACE.md	not scheduled
POST	/api/orgs/{orgId}/data-subject-requests	ooo.klae.connex.backend.controllers.DataSubjectRequestController#create	authenticated	MVC workspace resolution attempted for authenticated User; effective scope delegated	AuthService#getCurrentUser:domain authorization; DataSubjectRequestService#create:domain authorization	params=[];headers=[];version=;consumes=[];produces=[] / params=[];headers=[];version=;consumes=[];produces=[]	false	unversioned	Backend maintainers	not measured; see API_SURFACE.md	not scheduled
POST	/api/orgs/{orgId}/members	ooo.klae.connex.backend.controllers.OrgMemberController#addMember	authenticated	MVC workspace resolution attempted for authenticated User; effective scope delegated	AuthService#getCurrentUser:domain authorization; OrgMemberService#setMemberByEmail:domain authorization	params=[];headers=[];version=;consumes=[];produces=[] / params=[];headers=[];version=;consumes=[];produces=[]	false	unversioned	Backend maintainers	not measured; see API_SURFACE.md	not scheduled
POST	/api/orgs/{orgId}/support-bundle	ooo.klae.connex.backend.controllers.SupportBundleController#supportBundle	authenticated	MVC workspace resolution attempted for authenticated User; effective scope delegated	AuthService#getCurrentUser:domain authorization; SupportBundleService#generate:domain authorization	params=[];headers=[];version=;consumes=[];produces=[] / params=[];headers=[];version=;consumes=[];produces=[]	false	unversioned	Backend maintainers	not measured; see API_SURFACE.md	not scheduled
POST	/api/orgs/{orgId}/workspaces/{workspaceId}/export	ooo.klae.connex.backend.controllers.TenantLifecycleController#issueExportGrant	authenticated	MVC workspace resolution attempted for authenticated User; effective scope delegated	AuthService#getCurrentUser:domain authorization; TenantExportGrantCookie#set:domain authorization; TenantExportGrantService#issue:domain authorization	params=[];headers=[];version=;consumes=[];produces=[] / params=[];headers=[];version=;consumes=[];produces=[]	false	unversioned	Backend maintainers	not measured; see API_SURFACE.md	not scheduled
POST	/api/persons	ooo.klae.connex.backend.controllers.GuidedRecordCreationController#createPerson	authenticated	MVC workspace resolution attempted for authenticated User; effective scope delegated	GuidedRecordCreationService#createPerson:PERSON_CREATE	params=[];headers=[];version=;consumes=[];produces=[] / feature=connex.record-creation:[guided-cutover-enabled]=true;matchIfMissing=false	false	unversioned	Backend maintainers	not measured; see API_SURFACE.md	not scheduled
POST	/api/persons	ooo.klae.connex.backend.controllers.LegacyRecordCreationController#createPerson	authenticated	MVC workspace resolution attempted for authenticated User; effective scope delegated	PersonService#createReviewed:PERSON_CREATE	params=[];headers=[];version=;consumes=[];produces=[] / feature=connex.record-creation:[guided-cutover-enabled]=false;matchIfMissing=true	false	unversioned	Backend maintainers	not measured; see API_SURFACE.md	not scheduled
POST	/api/persons/bulk/archive	ooo.klae.connex.backend.controllers.PersonController#bulkArchive	authenticated	MVC workspace resolution attempted for authenticated User; effective scope delegated	BulkOperationService#archivePersons:PERSON_DELETE	params=[];headers=[];version=;consumes=[];produces=[] / params=[];headers=[];version=;consumes=[];produces=[]	false	unversioned	Backend maintainers	not measured; see API_SURFACE.md	not scheduled
POST	/api/persons/bulk/owner	ooo.klae.connex.backend.controllers.PersonController#bulkAssignOwner	authenticated	MVC workspace resolution attempted for authenticated User; effective scope delegated	BulkOperationService#assignOwnerToPersons:PERSON_UPDATE	params=[];headers=[];version=;consumes=[];produces=[] / params=[];headers=[];version=;consumes=[];produces=[]	false	unversioned	Backend maintainers	not measured; see API_SURFACE.md	not scheduled
POST	/api/persons/bulk/restore	ooo.klae.connex.backend.controllers.PersonController#bulkRestore	authenticated	MVC workspace resolution attempted for authenticated User; effective scope delegated	BulkOperationService#restorePersons:PERSON_DELETE	params=[];headers=[];version=;consumes=[];produces=[] / params=[];headers=[];version=;consumes=[];produces=[]	false	unversioned	Backend maintainers	not measured; see API_SURFACE.md	not scheduled
POST	/api/persons/bulk/tags/add	ooo.klae.connex.backend.controllers.PersonController#bulkAddTag	authenticated	MVC workspace resolution attempted for authenticated User; effective scope delegated	BulkOperationService#addTagToPersons:PERSON_UPDATE	params=[];headers=[];version=;consumes=[];produces=[] / params=[];headers=[];version=;consumes=[];produces=[]	false	unversioned	Backend maintainers	not measured; see API_SURFACE.md	not scheduled
POST	/api/persons/bulk/tags/remove	ooo.klae.connex.backend.controllers.PersonController#bulkRemoveTag	authenticated	MVC workspace resolution attempted for authenticated User; effective scope delegated	BulkOperationService#removeTagFromPersons:PERSON_UPDATE	params=[];headers=[];version=;consumes=[];produces=[] / params=[];headers=[];version=;consumes=[];produces=[]	false	unversioned	Backend maintainers	not measured; see API_SURFACE.md	not scheduled
POST	/api/persons/{id}/archive	ooo.klae.connex.backend.controllers.PersonController#archivePerson	authenticated	MVC workspace resolution attempted for authenticated User; effective scope delegated	PersonService#archive:PERSON_DELETE	params=[];headers=[];version=;consumes=[];produces=[] / params=[];headers=[];version=;consumes=[];produces=[]	false	unversioned	Backend maintainers	not measured; see API_SURFACE.md	not scheduled
POST	/api/persons/{id}/connections	ooo.klae.connex.backend.controllers.PersonController#addConnection	authenticated	MVC workspace resolution attempted for authenticated User; effective scope delegated	ConnectionService#addConnection:PERSON_UPDATE	params=[];headers=[];version=;consumes=[];produces=[] / params=[];headers=[];version=;consumes=[];produces=[]	false	unversioned	Backend maintainers	not measured; see API_SURFACE.md	not scheduled
POST	/api/persons/{id}/lifecycle/withdrawal	ooo.klae.connex.backend.controllers.PersonController#withdrawFromLifecycle	authenticated	MVC workspace resolution attempted for authenticated User; effective scope delegated	PersonLifecycleService#withdrawLifecycleState:PERSON_UPDATE	params=[];headers=[];version=;consumes=[];produces=[] / params=[];headers=[];version=;consumes=[];produces=[]	false	unversioned	Backend maintainers	not measured; see API_SURFACE.md	not scheduled
POST	/api/persons/{id}/restore	ooo.klae.connex.backend.controllers.PersonController#restorePerson	authenticated	MVC workspace resolution attempted for authenticated User; effective scope delegated	PersonService#restore:PERSON_DELETE	params=[];headers=[];version=;consumes=[];produces=[] / params=[];headers=[];version=;consumes=[];produces=[]	false	unversioned	Backend maintainers	not measured; see API_SURFACE.md	not scheduled
POST	/api/persons/{id}/tags/{tagId}	ooo.klae.connex.backend.controllers.PersonController#addTagToPerson	authenticated	MVC workspace resolution attempted for authenticated User; effective scope delegated	PersonService#addTag:PERSON_UPDATE	params=[];headers=[];version=;consumes=[];produces=[] / params=[];headers=[];version=;consumes=[];produces=[]	false	unversioned	Backend maintainers	not measured; see API_SURFACE.md	not scheduled
POST	/api/pipelines	ooo.klae.connex.backend.controllers.PipelineController#createPipeline	authenticated	MVC workspace resolution attempted for authenticated User; effective scope delegated	PipelineService#createPipeline:PIPELINE_MANAGE	params=[];headers=[];version=;consumes=[];produces=[] / params=[];headers=[];version=;consumes=[];produces=[]	false	unversioned	Backend maintainers	not measured; see API_SURFACE.md	not scheduled
POST	/api/pipelines/{pipelineId}/stages	ooo.klae.connex.backend.controllers.PipelineController#createStage	authenticated	MVC workspace resolution attempted for authenticated User; effective scope delegated	PipelineService#createStage:PIPELINE_MANAGE	params=[];headers=[];version=;consumes=[];produces=[] / params=[];headers=[];version=;consumes=[];produces=[]	false	unversioned	Backend maintainers	not measured; see API_SURFACE.md	not scheduled
POST	/api/products	ooo.klae.connex.backend.controllers.ProductController#create	authenticated	MVC workspace resolution attempted for authenticated User; effective scope delegated	ProductService#create:PRODUCT_MANAGE	params=[];headers=[];version=;consumes=[];produces=[] / params=[];headers=[];version=;consumes=[];produces=[]	false	unversioned	Backend maintainers	not measured; see API_SURFACE.md	not scheduled
POST	/api/qualification-criteria	ooo.klae.connex.backend.controllers.QualificationCriterionController#create	authenticated	MVC workspace resolution attempted for authenticated User; effective scope delegated	QualificationCriterionService#create:WORKSPACE_SETTINGS	params=[];headers=[];version=;consumes=[];produces=[] / params=[];headers=[];version=;consumes=[];produces=[]	false	unversioned	Backend maintainers	not measured; see API_SURFACE.md	not scheduled
POST	/api/qualification-criteria/{id}/restore	ooo.klae.connex.backend.controllers.QualificationCriterionController#restore	authenticated	MVC workspace resolution attempted for authenticated User; effective scope delegated	QualificationCriterionService#restore:WORKSPACE_SETTINGS	params=[];headers=[];version=;consumes=[];produces=[] / params=[];headers=[];version=;consumes=[];produces=[]	false	unversioned	Backend maintainers	not measured; see API_SURFACE.md	not scheduled
POST	/api/radar/{id}/dismiss	ooo.klae.connex.backend.controllers.RadarController#dismiss	authenticated	MVC workspace resolution attempted for authenticated User; effective scope delegated	RadarService#dismiss:domain authorization	params=[];headers=[];version=;consumes=[];produces=[] / params=[];headers=[];version=;consumes=[];produces=[]	false	unversioned	Backend maintainers	not measured; see API_SURFACE.md	not scheduled
POST	/api/radar/{id}/follow	ooo.klae.connex.backend.controllers.RadarController#follow	authenticated	MVC workspace resolution attempted for authenticated User; effective scope delegated	RadarService#follow:domain authorization	params=[];headers=[];version=;consumes=[];produces=[] / params=[];headers=[];version=;consumes=[];produces=[]	false	unversioned	Backend maintainers	not measured; see API_SURFACE.md	not scheduled
POST	/api/radar/{id}/snooze	ooo.klae.connex.backend.controllers.RadarController#snooze	authenticated	MVC workspace resolution attempted for authenticated User; effective scope delegated	RadarService#snooze:domain authorization	params=[];headers=[];version=;consumes=[];produces=[] / params=[];headers=[];version=;consumes=[];produces=[]	false	unversioned	Backend maintainers	not measured; see API_SURFACE.md	not scheduled
POST	/api/radar/{id}/tasks	ooo.klae.connex.backend.controllers.RadarController#createTask	authenticated	MVC workspace resolution attempted for authenticated User; effective scope delegated	RadarService#createTask:TASK_CREATE	params=[];headers=[];version=;consumes=[];produces=[] / params=[];headers=[];version=;consumes=[];produces=[]	false	unversioned	Backend maintainers	not measured; see API_SURFACE.md	not scheduled
POST	/api/record-creation/templates	ooo.klae.connex.backend.controllers.RecordCreationTemplateController#create	authenticated	MVC workspace resolution attempted for authenticated User; effective scope delegated	RecordCreationTemplateService#create:CUSTOM_FIELD_MANAGE	params=[];headers=[];version=;consumes=[];produces=[] / params=[];headers=[];version=;consumes=[];produces=[]	false	unversioned	Backend maintainers	not measured; see API_SURFACE.md	not scheduled
POST	/api/record-creation/templates/impact	ooo.klae.connex.backend.controllers.RecordCreationTemplateController#impact	authenticated	MVC workspace resolution attempted for authenticated User; effective scope delegated	RecordCreationTemplateService#impact:CUSTOM_FIELD_MANAGE	params=[];headers=[];version=;consumes=[];produces=[] / params=[];headers=[];version=;consumes=[];produces=[]	false	unversioned	Backend maintainers	not measured; see API_SURFACE.md	not scheduled
POST	/api/record-creation/templates/preview	ooo.klae.connex.backend.controllers.RecordCreationTemplateController#preview	authenticated	MVC workspace resolution attempted for authenticated User; effective scope delegated	RecordCreationTemplateService#preview:CUSTOM_FIELD_MANAGE	params=[];headers=[];version=;consumes=[];produces=[] / params=[];headers=[];version=;consumes=[];produces=[]	false	unversioned	Backend maintainers	not measured; see API_SURFACE.md	not scheduled
POST	/api/record-creation/templates/reset	ooo.klae.connex.backend.controllers.RecordCreationTemplateController#reset	authenticated	MVC workspace resolution attempted for authenticated User; effective scope delegated	RecordCreationTemplateService#reset:CUSTOM_FIELD_MANAGE	params=[];headers=[];version=;consumes=[];produces=[] / params=[];headers=[];version=;consumes=[];produces=[]	false	unversioned	Backend maintainers	not measured; see API_SURFACE.md	not scheduled
POST	/api/record-creation/templates/{templateId}/archive	ooo.klae.connex.backend.controllers.RecordCreationTemplateController#archive	authenticated	MVC workspace resolution attempted for authenticated User; effective scope delegated	RecordCreationTemplateService#archive:CUSTOM_FIELD_MANAGE	params=[];headers=[];version=;consumes=[];produces=[] / params=[];headers=[];version=;consumes=[];produces=[]	false	unversioned	Backend maintainers	not measured; see API_SURFACE.md	not scheduled
POST	/api/record-creation/templates/{templateId}/duplicate	ooo.klae.connex.backend.controllers.RecordCreationTemplateController#duplicate	authenticated	MVC workspace resolution attempted for authenticated User; effective scope delegated	RecordCreationTemplateService#duplicate:CUSTOM_FIELD_MANAGE	params=[];headers=[];version=;consumes=[];produces=[] / params=[];headers=[];version=;consumes=[];produces=[]	false	unversioned	Backend maintainers	not measured; see API_SURFACE.md	not scheduled
POST	/api/record-creation/templates/{templateId}/restore	ooo.klae.connex.backend.controllers.RecordCreationTemplateController#restore	authenticated	MVC workspace resolution attempted for authenticated User; effective scope delegated	RecordCreationTemplateService#restore:CUSTOM_FIELD_MANAGE	params=[];headers=[];version=;consumes=[];produces=[] / params=[];headers=[];version=;consumes=[];produces=[]	false	unversioned	Backend maintainers	not measured; see API_SURFACE.md	not scheduled
POST	/api/reports	ooo.klae.connex.backend.controllers.ReportController#create	authenticated	MVC workspace resolution attempted for authenticated User; effective scope delegated	REPORT_CREATE; ReportService#create:REPORT_CREATE	params=[];headers=[];version=;consumes=[];produces=[] / params=[];headers=[];version=;consumes=[];produces=[]	false	unversioned	Backend maintainers	not measured; see API_SURFACE.md	not scheduled
POST	/api/reports/composer/preview	ooo.klae.connex.backend.controllers.ReportController#previewComposer	authenticated	MVC workspace resolution attempted for authenticated User; effective scope delegated	REPORT_CREATE; ReportComposerService#preview:REPORT_CREATE	params=[];headers=[];version=;consumes=[];produces=[] / params=[];headers=[];version=;consumes=[];produces=[]	false	unversioned	Backend maintainers	not measured; see API_SURFACE.md	not scheduled
POST	/api/reports/{id}/export.csv	ooo.klae.connex.backend.controllers.ReportController#export	authenticated	MVC workspace resolution attempted for authenticated User; effective scope delegated	REPORT_READ; ReportService#exportCsv:REPORT_READ	params=[];headers=[];version=;consumes=[];produces=[] / params=[];headers=[];version=;consumes=[];produces=[]	false	unversioned	Backend maintainers	not measured; see API_SURFACE.md	not scheduled
POST	/api/reports/{id}/generate	ooo.klae.connex.backend.controllers.ReportController#generate	authenticated	MVC workspace resolution attempted for authenticated User; effective scope delegated	REPORT_READ; ReportService#generateInteractive:REPORT_READ	params=[];headers=[];version=;consumes=[];produces=[] / params=[];headers=[];version=;consumes=[];produces=[]	false	unversioned	Backend maintainers	not measured; see API_SURFACE.md	not scheduled
POST	/api/reports/{id}/snapshots	ooo.klae.connex.backend.controllers.ReportController#createSnapshot	authenticated	MVC workspace resolution attempted for authenticated User; effective scope delegated	REPORT_CREATE; ReportService#createSnapshot:REPORT_CREATE	params=[];headers=[];version=;consumes=[];produces=[] / params=[];headers=[];version=;consumes=[];produces=[]	false	unversioned	Backend maintainers	not measured; see API_SURFACE.md	not scheduled
POST	/api/reports/{reportId}/schedule	ooo.klae.connex.backend.controllers.ScheduleController#create	authenticated	MVC workspace resolution attempted for authenticated User; effective scope delegated	REPORT_UPDATE; ScheduleService#create:REPORT_UPDATE	params=[];headers=[];version=;consumes=[];produces=[] / params=[];headers=[];version=;consumes=[];produces=[]	false	unversioned	Backend maintainers	not measured; see API_SURFACE.md	not scheduled
POST	/api/rules	ooo.klae.connex.backend.controllers.RuleController#create	authenticated	MVC workspace resolution attempted for authenticated User; effective scope delegated	RuleService#create:RULE_MANAGE	params=[];headers=[];version=;consumes=[];produces=[] / params=[];headers=[];version=;consumes=[];produces=[]	false	unversioned	Backend maintainers	not measured; see API_SURFACE.md	not scheduled
POST	/api/rules/preview	ooo.klae.connex.backend.controllers.RuleController#preview	authenticated	MVC workspace resolution attempted for authenticated User; effective scope delegated	RuleService#preview:RULE_MANAGE	params=[];headers=[];version=;consumes=[];produces=[] / params=[];headers=[];version=;consumes=[];produces=[]	false	unversioned	Backend maintainers	not measured; see API_SURFACE.md	not scheduled
POST	/api/saved-views	ooo.klae.connex.backend.controllers.SavedViewController#create	authenticated	MVC workspace resolution attempted for authenticated User; effective scope delegated	SavedViewService#create:domain authorization	params=[];headers=[];version=;consumes=[];produces=[] / params=[];headers=[];version=;consumes=[];produces=[]	false	unversioned	Backend maintainers	not measured; see API_SURFACE.md	not scheduled
POST	/api/scoring/companies/batch	ooo.klae.connex.backend.controllers.ScoringController#companyBatch	authenticated	MVC workspace resolution attempted for authenticated User; effective scope delegated	ScoringService#scoreCompanies:domain authorization; WorkspaceService#getCurrentWorkspaceId:domain authorization	params=[];headers=[];version=;consumes=[];produces=[] / params=[];headers=[];version=;consumes=[];produces=[]	false	unversioned	Backend maintainers	not measured; see API_SURFACE.md	not scheduled
POST	/api/segments/evaluate	ooo.klae.connex.backend.controllers.SegmentController#evaluate	authenticated	MVC workspace resolution attempted for authenticated User; effective scope delegated	SegmentService#evaluate:domain authorization	params=[];headers=[];version=;consumes=[];produces=[] / params=[];headers=[];version=;consumes=[];produces=[]	false	unversioned	Backend maintainers	not measured; see API_SURFACE.md	not scheduled
POST	/api/sequences	ooo.klae.connex.backend.controllers.SequenceController#create	authenticated	MVC workspace resolution attempted for authenticated User; effective scope delegated	SEQUENCE_MANAGE; SequenceService#create:SEQUENCE_MANAGE	params=[];headers=[];version=;consumes=[];produces=[] / params=[];headers=[];version=;consumes=[];produces=[] / feature=connex.sequences:[enabled]=true;matchIfMissing=false	false	unversioned	Backend maintainers	not measured; see API_SURFACE.md	not scheduled
POST	/api/sequences/{id}/versions	ooo.klae.connex.backend.controllers.SequenceController#publish	authenticated	MVC workspace resolution attempted for authenticated User; effective scope delegated	SEQUENCE_MANAGE; SequenceVersionService#publish:SEQUENCE_MANAGE	params=[];headers=[];version=;consumes=[];produces=[] / params=[];headers=[];version=;consumes=[];produces=[] / feature=connex.sequences:[enabled]=true;matchIfMissing=false	false	unversioned	Backend maintainers	not measured; see API_SURFACE.md	not scheduled
POST	/api/sequences/{id}/versions/{version}/preview	ooo.klae.connex.backend.controllers.SequenceController#preview	authenticated	MVC workspace resolution attempted for authenticated User; effective scope delegated	SEQUENCE_VIEW; SequencePreviewService#preview:SEQUENCE_VIEW	params=[];headers=[];version=;consumes=[];produces=[] / params=[];headers=[];version=;consumes=[];produces=[] / feature=connex.sequences:[enabled]=true;matchIfMissing=false	false	unversioned	Backend maintainers	not measured; see API_SURFACE.md	not scheduled
POST	/api/shares/{type}/{id}	ooo.klae.connex.backend.controllers.ShareController#share	authenticated	MVC workspace resolution attempted for authenticated User; effective scope delegated	ShareService#share:domain authorization	params=[];headers=[];version=;consumes=[];produces=[] / params=[];headers=[];version=;consumes=[];produces=[] / feature=:[connex.sharing.enabled]=true;matchIfMissing=true	false	unversioned	Backend maintainers	not measured; see API_SURFACE.md	not scheduled
POST	/api/suppressions	ooo.klae.connex.backend.controllers.SuppressionController#add	authenticated	MVC workspace resolution attempted for authenticated User; effective scope delegated	CONSENT_MANAGE; SuppressionService#add:CONSENT_MANAGE	params=[];headers=[];version=;consumes=[];produces=[] / params=[];headers=[];version=;consumes=[];produces=[]	false	unversioned	Backend maintainers	not measured; see API_SURFACE.md	not scheduled
POST	/api/tags	ooo.klae.connex.backend.controllers.TagController#createTag	authenticated	MVC workspace resolution attempted for authenticated User; effective scope delegated	TagService#create:TAG_MANAGE	params=[];headers=[];version=;consumes=[];produces=[] / params=[];headers=[];version=;consumes=[];produces=[]	false	unversioned	Backend maintainers	not measured; see API_SURFACE.md	not scheduled
POST	/api/tasks	ooo.klae.connex.backend.controllers.TaskController#createTask	authenticated	MVC workspace resolution attempted for authenticated User; effective scope delegated	TaskService#create:TASK_CREATE	params=[];headers=[];version=;consumes=[];produces=[] / params=[];headers=[];version=;consumes=[];produces=[]	false	unversioned	Backend maintainers	not measured; see API_SURFACE.md	not scheduled
POST	/api/tasks/{id}/complete	ooo.klae.connex.backend.controllers.TaskController#completeTask	authenticated	MVC workspace resolution attempted for authenticated User; effective scope delegated	TaskService#complete:TASK_UPDATE	params=[];headers=[];version=;consumes=[];produces=[] / params=[];headers=[];version=;consumes=[];produces=[]	false	unversioned	Backend maintainers	not measured; see API_SURFACE.md	not scheduled
POST	/api/tasks/{id}/move	ooo.klae.connex.backend.controllers.TaskController#moveTask	authenticated	MVC workspace resolution attempted for authenticated User; effective scope delegated	TaskService#move:TASK_UPDATE	params=[];headers=[];version=;consumes=[];produces=[] / params=[];headers=[];version=;consumes=[];produces=[]	false	unversioned	Backend maintainers	not measured; see API_SURFACE.md	not scheduled
POST	/api/tasks/{id}/reschedule	ooo.klae.connex.backend.controllers.TaskController#rescheduleTask	authenticated	MVC workspace resolution attempted for authenticated User; effective scope delegated	TaskService#reschedule:TASK_UPDATE	params=[];headers=[];version=;consumes=[];produces=[] / params=[];headers=[];version=;consumes=[];produces=[]	false	unversioned	Backend maintainers	not measured; see API_SURFACE.md	not scheduled
POST	/api/teams	ooo.klae.connex.backend.controllers.TeamController#create	authenticated	MVC workspace resolution attempted for authenticated User; effective scope delegated	TEAM_MANAGE; TeamService#create:TEAM_MANAGE	params=[];headers=[];version=;consumes=[];produces=[] / params=[];headers=[];version=;consumes=[];produces=[]	false	unversioned	Backend maintainers	not measured; see API_SURFACE.md	not scheduled
POST	/api/teams/{id:\d+}/archive	ooo.klae.connex.backend.controllers.TeamController#archive	authenticated	MVC workspace resolution attempted for authenticated User; effective scope delegated	TEAM_MANAGE; TeamService#archive:TEAM_MANAGE	params=[];headers=[];version=;consumes=[];produces=[] / params=[];headers=[];version=;consumes=[];produces=[]	false	unversioned	Backend maintainers	not measured; see API_SURFACE.md	not scheduled
POST	/api/teams/{id:\d+}/members	ooo.klae.connex.backend.controllers.TeamController#addMember	authenticated	MVC workspace resolution attempted for authenticated User; effective scope delegated	TEAM_MANAGE; TeamService#addMember:TEAM_MANAGE	params=[];headers=[];version=;consumes=[];produces=[] / params=[];headers=[];version=;consumes=[];produces=[]	false	unversioned	Backend maintainers	not measured; see API_SURFACE.md	not scheduled
POST	/api/users	ooo.klae.connex.backend.controllers.UserController#createUser	authenticated	MVC workspace resolution attempted for authenticated User; effective scope delegated	AuthService#getCurrentUser:domain authorization; AuthService#register:domain authorization; SessionSecurityService#requireRecentAuthentication:domain authorization; WorkspaceService#requirePermission:domain authorization; explicit:MEMBER_MANAGE	params=[];headers=[];version=;consumes=[];produces=[] / params=[];headers=[];version=;consumes=[];produces=[]	false	unversioned	Backend maintainers	not measured; see API_SURFACE.md	not scheduled
POST	/api/users/me/email-change	ooo.klae.connex.backend.controllers.EmailChangeController#request	authenticated	MVC workspace resolution attempted for authenticated User; effective scope delegated	ClientIpResolver#resolve:domain authorization; EmailChangeService#requestChange:domain authorization	params=[];headers=[];version=;consumes=[];produces=[]	false	unversioned	Backend maintainers	not measured; see API_SURFACE.md	not scheduled
POST	/api/users/me/verify-email/resend	ooo.klae.connex.backend.controllers.RegistrationVerificationController#resend	authenticated	MVC workspace resolution attempted for authenticated User; effective scope delegated	AuthService#getCurrentUser:domain authorization; ClientIpResolver#resolve:domain authorization; RegistrationVerificationService#issue:domain authorization	params=[];headers=[];version=;consumes=[];produces=[]	false	unversioned	Backend maintainers	not measured; see API_SURFACE.md	not scheduled
POST	/api/workflow-interventions/{interventionId}/resolve	ooo.klae.connex.backend.controllers.WorkflowOperationsController#resolve	authenticated	MVC workspace resolution attempted for authenticated User; effective scope delegated	WorkflowInterventionService#resolve:RULE_MANAGE	params=[];headers=[];version=;consumes=[];produces=[] / params=[];headers=[];version=;consumes=[];produces=[]	false	unversioned	Backend maintainers	not measured; see API_SURFACE.md	not scheduled
POST	/api/workflow-recipes/{recipeKey}/install	ooo.klae.connex.backend.controllers.WorkflowRecipeController#install	authenticated	MVC workspace resolution attempted for authenticated User; effective scope delegated	WorkflowRecipeService#install:RULE_MANAGE	params=[];headers=[];version=;consumes=[];produces=[] / params=[];headers=[];version=;consumes=[];produces=[]	false	unversioned	Backend maintainers	not measured; see API_SURFACE.md	not scheduled
POST	/api/workflow-recipes/{recipeKey}/preview	ooo.klae.connex.backend.controllers.WorkflowRecipeController#preview	authenticated	MVC workspace resolution attempted for authenticated User; effective scope delegated	WorkflowRecipeService#preview:RULE_MANAGE	params=[];headers=[];version=;consumes=[];produces=[] / params=[];headers=[];version=;consumes=[];produces=[]	false	unversioned	Backend maintainers	not measured; see API_SURFACE.md	not scheduled
POST	/api/workflows	ooo.klae.connex.backend.controllers.WorkflowController#create	authenticated	MVC workspace resolution attempted for authenticated User; effective scope delegated	WorkflowService#create:RULE_MANAGE	params=[];headers=[];version=;consumes=[];produces=[] / params=[];headers=[];version=;consumes=[];produces=[]	false	unversioned	Backend maintainers	not measured; see API_SURFACE.md	not scheduled
POST	/api/workflows/{id}/archive	ooo.klae.connex.backend.controllers.WorkflowController#archive	authenticated	MVC workspace resolution attempted for authenticated User; effective scope delegated	WorkflowService#archive:RULE_MANAGE	params=[];headers=[];version=;consumes=[];produces=[] / params=[];headers=[];version=;consumes=[];produces=[]	false	unversioned	Backend maintainers	not measured; see API_SURFACE.md	not scheduled
POST	/api/workflows/{id}/disable	ooo.klae.connex.backend.controllers.WorkflowController#disable	authenticated	MVC workspace resolution attempted for authenticated User; effective scope delegated	WorkflowService#disable:RULE_MANAGE	params=[];headers=[];version=;consumes=[];produces=[] / params=[];headers=[];version=;consumes=[];produces=[]	false	unversioned	Backend maintainers	not measured; see API_SURFACE.md	not scheduled
POST	/api/workflows/{id}/enable	ooo.klae.connex.backend.controllers.WorkflowController#enable	authenticated	MVC workspace resolution attempted for authenticated User; effective scope delegated	WorkflowService#enable:RULE_MANAGE	params=[];headers=[];version=;consumes=[];produces=[] / params=[];headers=[];version=;consumes=[];produces=[]	false	unversioned	Backend maintainers	not measured; see API_SURFACE.md	not scheduled
POST	/api/workflows/{id}/pause	ooo.klae.connex.backend.controllers.WorkflowController#pause	authenticated	MVC workspace resolution attempted for authenticated User; effective scope delegated	WorkflowService#pause:RULE_MANAGE	params=[];headers=[];version=;consumes=[];produces=[] / params=[];headers=[];version=;consumes=[];produces=[]	false	unversioned	Backend maintainers	not measured; see API_SURFACE.md	not scheduled
POST	/api/workflows/{id}/publish	ooo.klae.connex.backend.controllers.WorkflowController#publish	authenticated	MVC workspace resolution attempted for authenticated User; effective scope delegated	WorkflowService#publish:RULE_MANAGE	params=[];headers=[];version=;consumes=[];produces=[] / params=[];headers=[];version=;consumes=[];produces=[]	false	unversioned	Backend maintainers	not measured; see API_SURFACE.md	not scheduled
POST	/api/workflows/{id}/restore	ooo.klae.connex.backend.controllers.WorkflowController#restore	authenticated	MVC workspace resolution attempted for authenticated User; effective scope delegated	WorkflowService#restore:RULE_MANAGE	params=[];headers=[];version=;consumes=[];produces=[] / params=[];headers=[];version=;consumes=[];produces=[]	false	unversioned	Backend maintainers	not measured; see API_SURFACE.md	not scheduled
POST	/api/workflows/{id}/resume	ooo.klae.connex.backend.controllers.WorkflowController#resume	authenticated	MVC workspace resolution attempted for authenticated User; effective scope delegated	WorkflowService#resume:RULE_MANAGE	params=[];headers=[];version=;consumes=[];produces=[] / params=[];headers=[];version=;consumes=[];produces=[]	false	unversioned	Backend maintainers	not measured; see API_SURFACE.md	not scheduled
POST	/api/workflows/{id}/runtime/canonical	ooo.klae.connex.backend.controllers.WorkflowController#cutOverToCanonical	authenticated	MVC workspace resolution attempted for authenticated User; effective scope delegated	WorkflowRuntimeOwnershipService#cutOverToCanonical:RULE_MANAGE	params=[];headers=[];version=;consumes=[];produces=[] / params=[];headers=[];version=;consumes=[];produces=[]	false	unversioned	Backend maintainers	not measured; see API_SURFACE.md	not scheduled
POST	/api/workflows/{id}/runtime/legacy	ooo.klae.connex.backend.controllers.WorkflowController#rollBackToLegacy	authenticated	MVC workspace resolution attempted for authenticated User; effective scope delegated	WorkflowRuntimeOwnershipService#rollBackToLegacy:RULE_MANAGE	params=[];headers=[];version=;consumes=[];produces=[] / params=[];headers=[];version=;consumes=[];produces=[]	false	unversioned	Backend maintainers	not measured; see API_SURFACE.md	not scheduled
POST	/api/workflows/{id}/simulate	ooo.klae.connex.backend.controllers.WorkflowController#simulate	authenticated	MVC workspace resolution attempted for authenticated User; effective scope delegated	WorkflowSimulationService#simulate:RULE_MANAGE	params=[];headers=[];version=;consumes=[];produces=[] / params=[];headers=[];version=;consumes=[];produces=[]	false	unversioned	Backend maintainers	not measured; see API_SURFACE.md	not scheduled
POST	/api/workflows/{id}/validate	ooo.klae.connex.backend.controllers.WorkflowController#validate	authenticated	MVC workspace resolution attempted for authenticated User; effective scope delegated	WorkflowService#validate:RULE_MANAGE	params=[];headers=[];version=;consumes=[];produces=[] / params=[];headers=[];version=;consumes=[];produces=[]	false	unversioned	Backend maintainers	not measured; see API_SURFACE.md	not scheduled
POST	/api/workflows/{workflowId}/manual-runs	ooo.klae.connex.backend.controllers.WorkflowManualRunController#confirm	authenticated	MVC workspace resolution attempted for authenticated User; effective scope delegated	WorkflowManualRunService#confirm:RULE_MANAGE	params=[];headers=[];version=;consumes=[];produces=[] / params=[];headers=[];version=;consumes=[];produces=[]	false	unversioned	Backend maintainers	not measured; see API_SURFACE.md	not scheduled
POST	/api/workflows/{workflowId}/manual-runs/prepare	ooo.klae.connex.backend.controllers.WorkflowManualRunController#prepare	authenticated	MVC workspace resolution attempted for authenticated User; effective scope delegated	WorkflowManualRunService#prepare:RULE_MANAGE	params=[];headers=[];version=;consumes=[];produces=[] / params=[];headers=[];version=;consumes=[];produces=[]	false	unversioned	Backend maintainers	not measured; see API_SURFACE.md	not scheduled
POST	/api/workflows/{workflowId}/manual-runs/{invocationId}/cancel	ooo.klae.connex.backend.controllers.WorkflowManualRunController#cancel	authenticated	MVC workspace resolution attempted for authenticated User; effective scope delegated	WorkflowManualRunService#cancel:RULE_MANAGE	params=[];headers=[];version=;consumes=[];produces=[] / params=[];headers=[];version=;consumes=[];produces=[]	false	unversioned	Backend maintainers	not measured; see API_SURFACE.md	not scheduled
POST	/api/workflows/{workflowId}/runs/{runKey}/cancel	ooo.klae.connex.backend.controllers.WorkflowRunController#cancel	authenticated	MVC workspace resolution attempted for authenticated User; effective scope delegated	WorkflowRunOperationService#cancel:RULE_MANAGE	params=[];headers=[];version=;consumes=[];produces=[] / params=[];headers=[];version=;consumes=[];produces=[]	false	unversioned	Backend maintainers	not measured; see API_SURFACE.md	not scheduled
POST	/api/workflows/{workflowId}/runs/{runKey}/retry	ooo.klae.connex.backend.controllers.WorkflowRunController#retry	authenticated	MVC workspace resolution attempted for authenticated User; effective scope delegated	WorkflowRunOperationService#retry:RULE_MANAGE	params=[];headers=[];version=;consumes=[];produces=[] / params=[];headers=[];version=;consumes=[];produces=[]	false	unversioned	Backend maintainers	not measured; see API_SURFACE.md	not scheduled
POST	/api/workspaces	ooo.klae.connex.backend.controllers.WorkspaceController#create	authenticated	MVC workspace resolution attempted for authenticated User; effective scope delegated	AuthService#getCurrentUser:domain authorization; WorkspaceCookie#set:domain authorization; WorkspaceService#createWorkspace:domain authorization; WorkspaceService#rememberActive:domain authorization	params=[];headers=[];version=;consumes=[];produces=[] / params=[];headers=[];version=;consumes=[];produces=[]	false	unversioned	Backend maintainers	not measured; see API_SURFACE.md	not scheduled
POST	/api/workspaces/{id}/accept	ooo.klae.connex.backend.controllers.WorkspaceController#accept	authenticated	MVC workspace resolution attempted for authenticated User; effective scope delegated	AuthService#getCurrentUser:domain authorization; WorkspaceCookie#set:domain authorization; WorkspaceService#approveMembership:domain authorization; WorkspaceService#rememberActive:domain authorization	params=[];headers=[];version=;consumes=[];produces=[] / params=[];headers=[];version=;consumes=[];produces=[]	false	unversioned	Backend maintainers	not measured; see API_SURFACE.md	not scheduled
POST	/api/workspaces/{id}/allowed-domains	ooo.klae.connex.backend.controllers.WorkspaceController#addAllowedDomain	authenticated	MVC workspace resolution attempted for authenticated User; effective scope delegated	AllowedDomainService#addDomain:domain authorization; AuthService#getCurrentUser:domain authorization	params=[];headers=[];version=;consumes=[];produces=[] / params=[];headers=[];version=;consumes=[];produces=[]	false	unversioned	Backend maintainers	not measured; see API_SURFACE.md	not scheduled
POST	/api/workspaces/{id}/decline	ooo.klae.connex.backend.controllers.WorkspaceController#decline	authenticated	MVC workspace resolution attempted for authenticated User; effective scope delegated	AuthService#getCurrentUser:domain authorization; WorkspaceService#declineMembership:domain authorization	params=[];headers=[];version=;consumes=[];produces=[] / params=[];headers=[];version=;consumes=[];produces=[]	false	unversioned	Backend maintainers	not measured; see API_SURFACE.md	not scheduled
POST	/api/workspaces/{id}/invite-links	ooo.klae.connex.backend.controllers.WorkspaceController#createInviteLink	authenticated	MVC workspace resolution attempted for authenticated User; effective scope delegated	AuthService#getCurrentUser:domain authorization; InviteLinkService#createLink:domain authorization	params=[];headers=[];version=;consumes=[];produces=[] / params=[];headers=[];version=;consumes=[];produces=[]	false	unversioned	Backend maintainers	not measured; see API_SURFACE.md	not scheduled
POST	/api/workspaces/{id}/invites	ooo.klae.connex.backend.controllers.WorkspaceController#invite	authenticated	MVC workspace resolution attempted for authenticated User; effective scope delegated	AuthService#getCurrentUser:domain authorization; InviteService#createInvite:domain authorization	params=[];headers=[];version=;consumes=[];produces=[] / params=[];headers=[];version=;consumes=[];produces=[]	false	unversioned	Backend maintainers	not measured; see API_SURFACE.md	not scheduled
POST	/api/workspaces/{id}/leave	ooo.klae.connex.backend.controllers.WorkspaceController#leave	authenticated	MVC workspace resolution attempted for authenticated User; effective scope delegated	AuthService#getCurrentUser:domain authorization; WorkspaceCookie#clear:domain authorization; WorkspaceCookie#set:domain authorization; WorkspaceService#leaveWorkspaceAndSelectNext:domain authorization	params=[];headers=[];version=;consumes=[];produces=[] / params=[];headers=[];version=;consumes=[];produces=[]	false	unversioned	Backend maintainers	not measured; see API_SURFACE.md	not scheduled
POST	/api/workspaces/{id}/mail-config/test	ooo.klae.connex.backend.controllers.WorkspaceMailConfigController#test	authenticated	MVC workspace resolution attempted for authenticated User; effective scope delegated	AuthService#getCurrentUser:domain authorization; WorkspaceMailConfigService#sendTest:domain authorization	params=[];headers=[];version=;consumes=[];produces=[] / params=[];headers=[];version=;consumes=[];produces=[]	false	unversioned	Backend maintainers	not measured; see API_SURFACE.md	not scheduled
POST	/api/workspaces/{id}/mail/diagnostics/test-send	ooo.klae.connex.backend.controllers.TenantDiagnosticsController#testMail	authenticated	MVC workspace resolution attempted for authenticated User; effective scope delegated	AuthService#getCurrentUser:domain authorization; MailDiagnosticsService#testSend:domain authorization; WorkspaceService#requirePermission:domain authorization; explicit:WORKSPACE_SETTINGS	params=[];headers=[];version=;consumes=[];produces=[]	false	unversioned	Backend maintainers	not measured; see API_SURFACE.md	not scheduled
POST	/api/workspaces/{id}/members	ooo.klae.connex.backend.controllers.WorkspaceController#addMember	authenticated	MVC workspace resolution attempted for authenticated User; effective scope delegated	AuthService#getCurrentUser:domain authorization; InviteService#addExistingMember:domain authorization	params=[];headers=[];version=;consumes=[];produces=[] / params=[];headers=[];version=;consumes=[];produces=[]	false	unversioned	Backend maintainers	not measured; see API_SURFACE.md	not scheduled
POST	/api/workspaces/{id}/switch	ooo.klae.connex.backend.controllers.WorkspaceController#switchWorkspace	authenticated	MVC workspace resolution attempted for authenticated User; effective scope delegated	AuthService#getCurrentUser:domain authorization; WorkspaceCookie#set:domain authorization; WorkspaceService#rememberActive:domain authorization; WorkspaceService#requireMember:domain authorization	params=[];headers=[];version=;consumes=[];produces=[] / params=[];headers=[];version=;consumes=[];produces=[]	false	unversioned	Backend maintainers	not measured; see API_SURFACE.md	not scheduled
POST	/api/workspaces/{workspaceId}/roles	ooo.klae.connex.backend.controllers.RoleController#create	authenticated	MVC workspace resolution attempted for authenticated User; effective scope delegated	AuthService#getCurrentUser:domain authorization; RoleService#createRole:domain authorization	params=[];headers=[];version=;consumes=[];produces=[] / params=[];headers=[];version=;consumes=[];produces=[]	false	unversioned	Backend maintainers	not measured; see API_SURFACE.md	not scheduled
POST	/saml2/authenticate	Saml2WebSsoAuthenticationRequestFilter	permitAll; SSO enabled	no MVC workspace resolution	SAML relying-party registration	Spring default; registrationId path variable or query parameter; CSRF policy applies	false	unversioned	Backend maintainers	not measured; see API_SURFACE.md	not scheduled
POST	/saml2/authenticate/{registrationId}	Saml2WebSsoAuthenticationRequestFilter	permitAll; SSO enabled	no MVC workspace resolution	SAML relying-party registration	Spring default; registrationId path variable or query parameter; CSRF policy applies	false	unversioned	Backend maintainers	not measured; see API_SURFACE.md	not scheduled
PUT	/api/account/connections/{provider}/capture-policy	ooo.klae.connex.backend.controllers.ProviderCaptureController#updatePolicy	authenticated	MVC workspace resolution attempted for authenticated User; effective scope delegated	ProviderCapturePolicyService#updateUserPolicy:domain authorization	params=[];headers=[];version=;consumes=[];produces=[] / params=[];headers=[];version=;consumes=[];produces=[]	false	unversioned	Backend maintainers	not measured; see API_SURFACE.md	not scheduled
PUT	/api/account/connections/{provider}/workspace-policy	ooo.klae.connex.backend.controllers.ProviderCaptureController#updateWorkspacePolicy	authenticated	MVC workspace resolution attempted for authenticated User; effective scope delegated	ProviderCapturePolicyService#updateWorkspacePolicy:domain authorization	params=[];headers=[];version=;consumes=[];produces=[] / params=[];headers=[];version=;consumes=[];produces=[]	false	unversioned	Backend maintainers	not measured; see API_SURFACE.md	not scheduled
PUT	/api/activities/{id}	ooo.klae.connex.backend.controllers.ActivityController#updateActivity	authenticated	MVC workspace resolution attempted for authenticated User; effective scope delegated	ActivityService#update:ACTIVITY_UPDATE	params=[];headers=[];version=;consumes=[];produces=[] / params=[];headers=[];version=;consumes=[];produces=[]	false	unversioned	Backend maintainers	not measured; see API_SURFACE.md	not scheduled
PUT	/api/ai/assistant/brief-schedule	ooo.klae.connex.backend.controllers.AiAssistantProactiveController#replaceBriefSchedule	authenticated	MVC workspace resolution attempted for authenticated User; effective scope delegated	AiBriefScheduleService#replace:AI_USE	params=[];headers=[];version=;consumes=[];produces=[] / params=[];headers=[];version=;consumes=[];produces=[]	false	unversioned	Backend maintainers	not measured; see API_SURFACE.md	not scheduled
PUT	/api/ai/assistant/sessions/{id:\d+}/presence	ooo.klae.connex.backend.controllers.AiAssistantController#touchPresence	authenticated	MVC workspace resolution attempted for authenticated User; effective scope delegated	AiAssistantService#touchPresence:AI_USE	params=[];headers=[];version=;consumes=[];produces=[] / params=[];headers=[];version=;consumes=[];produces=[]	false	unversioned	Backend maintainers	not measured; see API_SURFACE.md	not scheduled
PUT	/api/ai/budget	ooo.klae.connex.backend.controllers.AiOrganizationBudgetController#save	authenticated	MVC workspace resolution attempted for authenticated User; effective scope delegated	AiOrganizationBudgetService#save:domain authorization; AuthService#getCurrentUser:domain authorization	params=[];headers=[];version=;consumes=[];produces=[] / params=[];headers=[];version=;consumes=[];produces=[]	false	unversioned	Backend maintainers	not measured; see API_SURFACE.md	not scheduled
PUT	/api/ai/governance	ooo.klae.connex.backend.controllers.AiWorkspaceGovernanceController#save	authenticated	MVC workspace resolution attempted for authenticated User; effective scope delegated	AiWorkspaceGovernanceService#save:domain authorization; AuthService#getCurrentUser:domain authorization	params=[];headers=[];version=;consumes=[];produces=[] / params=[];headers=[];version=;consumes=[];produces=[]	false	unversioned	Backend maintainers	not measured; see API_SURFACE.md	not scheduled
PUT	/api/ai/provider	ooo.klae.connex.backend.controllers.AiProviderConfigController#save	authenticated	MVC workspace resolution attempted for authenticated User; effective scope delegated	AiProviderConfigService#save:domain authorization; AuthService#getCurrentUser:domain authorization	params=[];headers=[];version=;consumes=[];produces=[] / params=[];headers=[];version=;consumes=[];produces=[]	false	unversioned	Backend maintainers	not measured; see API_SURFACE.md	not scheduled
PUT	/api/approval-policies/{id}	ooo.klae.connex.backend.controllers.ApprovalPolicyController#update	authenticated	MVC workspace resolution attempted for authenticated User; effective scope delegated	ApprovalPolicyService#update:DOCUMENT_MANAGE	params=[];headers=[];version=;consumes=[];produces=[] / params=[];headers=[];version=;consumes=[];produces=[]	false	unversioned	Backend maintainers	not measured; see API_SURFACE.md	not scheduled
PUT	/api/attachments/{id}/tags	ooo.klae.connex.backend.controllers.AttachmentController#replaceTagsForAttachment	authenticated	MVC workspace resolution attempted for authenticated User; effective scope delegated	AttachmentService#replaceTags:ATTACHMENT_CREATE	params=[];headers=[];version=;consumes=[];produces=[] / params=[];headers=[];version=;consumes=[];produces=[]	false	unversioned	Backend maintainers	not measured; see API_SURFACE.md	not scheduled
PUT	/api/auth/sso/config	ooo.klae.connex.backend.controllers.SsoConnectionController#save	permitAll	no MVC workspace resolution; domain scope if applicable	AuthService#getCurrentUser:domain authorization; SsoConnectionService#save:domain authorization	params=[];headers=[];version=;consumes=[];produces=[] / params=[];headers=[];version=;consumes=[];produces=[]	false	unversioned	Backend maintainers	not measured; see API_SURFACE.md	not scheduled
PUT	/api/campaigns/{id}	ooo.klae.connex.backend.controllers.CampaignController#update	authenticated	MVC workspace resolution attempted for authenticated User; effective scope delegated	CAMPAIGN_MANAGE; CampaignService#update:CAMPAIGN_MANAGE	params=[];headers=[];version=;consumes=[];produces=[] / params=[];headers=[];version=;consumes=[];produces=[]	false	unversioned	Backend maintainers	not measured; see API_SURFACE.md	not scheduled
PUT	/api/campaigns/{id}/audience	ooo.klae.connex.backend.controllers.CampaignController#setAudience	authenticated	MVC workspace resolution attempted for authenticated User; effective scope delegated	CAMPAIGN_MANAGE; CampaignService#setAudience:CAMPAIGN_MANAGE	params=[];headers=[];version=;consumes=[];produces=[] / params=[];headers=[];version=;consumes=[];produces=[]	false	unversioned	Backend maintainers	not measured; see API_SURFACE.md	not scheduled
PUT	/api/comments/{commentId}/reactions/{reaction}	ooo.klae.connex.backend.controllers.RecordCommentController#addReaction	authenticated	MVC workspace resolution attempted for authenticated User; effective scope delegated	COMMENT_CREATE; RecordCommentService#addReaction:COMMENT_CREATE	params=[];headers=[];version=;consumes=[];produces=[] / params=[];headers=[];version=;consumes=[];produces=[]	false	unversioned	Backend maintainers	not measured; see API_SURFACE.md	not scheduled
PUT	/api/companies/{id}	ooo.klae.connex.backend.controllers.CompanyController#updateCompany	authenticated	MVC workspace resolution attempted for authenticated User; effective scope delegated	CompanyService#updateCompany:COMPANY_UPDATE	params=[];headers=[];version=;consumes=[];produces=[] / params=[];headers=[];version=;consumes=[];produces=[]	false	unversioned	Backend maintainers	not measured; see API_SURFACE.md	not scheduled
PUT	/api/companies/{id}/custom-fields	ooo.klae.connex.backend.controllers.CompanyController#updateCustomFieldsForCompany	authenticated	MVC workspace resolution attempted for authenticated User; effective scope delegated	CompanyService#updateCustomFields:COMPANY_UPDATE	params=[];headers=[];version=;consumes=[];produces=[] / params=[];headers=[];version=;consumes=[];produces=[]	false	unversioned	Backend maintainers	not measured; see API_SURFACE.md	not scheduled
PUT	/api/companies/{id}/custom-fields/{definitionId}	ooo.klae.connex.backend.controllers.CompanyController#updateCustomFieldForCompany	authenticated	MVC workspace resolution attempted for authenticated User; effective scope delegated	CompanyService#updateCustomField:COMPANY_UPDATE	params=[];headers=[];version=;consumes=[];produces=[] / params=[];headers=[];version=;consumes=[];produces=[]	false	unversioned	Backend maintainers	not measured; see API_SURFACE.md	not scheduled
PUT	/api/companies/{id}/logo	ooo.klae.connex.backend.controllers.CompanyController#updateLogo	authenticated	MVC workspace resolution attempted for authenticated User; effective scope delegated	CompanyService#updateLogo:COMPANY_UPDATE	params=[];headers=[];version=;consumes=[];produces=[] / params=[];headers=[];version=;consumes=[multipart/form-data];produces=[]	false	unversioned	Backend maintainers	not measured; see API_SURFACE.md	not scheduled
PUT	/api/companies/{id}/owner	ooo.klae.connex.backend.controllers.CompanyController#updateOwner	authenticated	MVC workspace resolution attempted for authenticated User; effective scope delegated	CompanyService#updateOwner:COMPANY_UPDATE	params=[];headers=[];version=;consumes=[];produces=[] / params=[];headers=[];version=;consumes=[];produces=[]	false	unversioned	Backend maintainers	not measured; see API_SURFACE.md	not scheduled
PUT	/api/companies/{id}/tags	ooo.klae.connex.backend.controllers.CompanyController#replaceTagsForCompany	authenticated	MVC workspace resolution attempted for authenticated User; effective scope delegated	CompanyService#replaceTags:COMPANY_UPDATE	params=[];headers=[];version=;consumes=[];produces=[] / params=[];headers=[];version=;consumes=[];produces=[]	false	unversioned	Backend maintainers	not measured; see API_SURFACE.md	not scheduled
PUT	/api/custom-fields/{id}	ooo.klae.connex.backend.controllers.CustomFieldController#update	authenticated	MVC workspace resolution attempted for authenticated User; effective scope delegated	CustomFieldDefinitionService#update:CUSTOM_FIELD_MANAGE	params=[];headers=[];version=;consumes=[];produces=[] / params=[];headers=[];version=;consumes=[];produces=[]	false	unversioned	Backend maintainers	not measured; see API_SURFACE.md	not scheduled
PUT	/api/dashboard-layout	ooo.klae.connex.backend.controllers.DashboardLayoutController#save	authenticated	MVC workspace resolution attempted for authenticated User; effective scope delegated	DashboardLayoutService#saveLayout:domain authorization	params=[];headers=[];version=;consumes=[];produces=[] / params=[];headers=[];version=;consumes=[];produces=[]	false	unversioned	Backend maintainers	not measured; see API_SURFACE.md	not scheduled
PUT	/api/deals/{dealId}/documents/{documentId}/approval/steps/{stepId}/approvers	ooo.klae.connex.backend.controllers.DocumentApprovalController#replaceApprovers	authenticated	MVC workspace resolution attempted for authenticated User; effective scope delegated	DocumentApprovalService#replaceStepApprovers:DOCUMENT_MANAGE	params=[];headers=[];version=;consumes=[];produces=[] / params=[];headers=[];version=;consumes=[];produces=[]	false	unversioned	Backend maintainers	not measured; see API_SURFACE.md	not scheduled
PUT	/api/deals/{dealId}/documents/{documentId}/status	ooo.klae.connex.backend.controllers.DealDocumentController#updateStatus	authenticated	MVC workspace resolution attempted for authenticated User; effective scope delegated	DealDocumentService#updateStatus:DEAL_UPDATE	params=[];headers=[];version=;consumes=[];produces=[] / params=[];headers=[];version=;consumes=[];produces=[]	false	unversioned	Backend maintainers	not measured; see API_SURFACE.md	not scheduled
PUT	/api/deals/{dealId}/line-items/{itemId}	ooo.klae.connex.backend.controllers.DealLineItemController#update	authenticated	MVC workspace resolution attempted for authenticated User; effective scope delegated	DealLineItemService#update:DEAL_UPDATE	params=[];headers=[];version=;consumes=[];produces=[] / params=[];headers=[];version=;consumes=[];produces=[]	false	unversioned	Backend maintainers	not measured; see API_SURFACE.md	not scheduled
PUT	/api/deals/{id}	ooo.klae.connex.backend.controllers.DealController#updateDeal	authenticated	MVC workspace resolution attempted for authenticated User; effective scope delegated	DealService#update:DEAL_UPDATE	params=[];headers=[];version=;consumes=[];produces=[] / params=[];headers=[];version=;consumes=[];produces=[]	false	unversioned	Backend maintainers	not measured; see API_SURFACE.md	not scheduled
PUT	/api/deals/{id}/collaborators	ooo.klae.connex.backend.controllers.DealController#replaceCollaborators	authenticated	MVC workspace resolution attempted for authenticated User; effective scope delegated	DealService#replaceCollaborators:DEAL_UPDATE	params=[];headers=[];version=;consumes=[];produces=[] / params=[];headers=[];version=;consumes=[];produces=[]	false	unversioned	Backend maintainers	not measured; see API_SURFACE.md	not scheduled
PUT	/api/deals/{id}/custom-fields	ooo.klae.connex.backend.controllers.DealController#updateCustomFieldsForDeal	authenticated	MVC workspace resolution attempted for authenticated User; effective scope delegated	DealService#updateCustomFields:DEAL_UPDATE	params=[];headers=[];version=;consumes=[];produces=[] / params=[];headers=[];version=;consumes=[];produces=[]	false	unversioned	Backend maintainers	not measured; see API_SURFACE.md	not scheduled
PUT	/api/deals/{id}/custom-fields/{definitionId}	ooo.klae.connex.backend.controllers.DealController#updateCustomFieldForDeal	authenticated	MVC workspace resolution attempted for authenticated User; effective scope delegated	DealService#updateCustomField:DEAL_UPDATE	params=[];headers=[];version=;consumes=[];produces=[] / params=[];headers=[];version=;consumes=[];produces=[]	false	unversioned	Backend maintainers	not measured; see API_SURFACE.md	not scheduled
PUT	/api/deals/{id}/evaluation	ooo.klae.connex.backend.controllers.DealController#updateEvaluation	authenticated	MVC workspace resolution attempted for authenticated User; effective scope delegated	DealService#updateRiskExcluded:DEAL_UPDATE	params=[];headers=[];version=;consumes=[];produces=[] / params=[];headers=[];version=;consumes=[];produces=[]	false	unversioned	Backend maintainers	not measured; see API_SURFACE.md	not scheduled
PUT	/api/deals/{id}/name	ooo.klae.connex.backend.controllers.DealController#updateDealName	authenticated	MVC workspace resolution attempted for authenticated User; effective scope delegated	DealService#updateName:DEAL_UPDATE	params=[];headers=[];version=;consumes=[];produces=[] / params=[];headers=[];version=;consumes=[];produces=[]	false	unversioned	Backend maintainers	not measured; see API_SURFACE.md	not scheduled
PUT	/api/deals/{id}/owner	ooo.klae.connex.backend.controllers.DealController#updateOwner	authenticated	MVC workspace resolution attempted for authenticated User; effective scope delegated	DealService#updateOwner:DEAL_UPDATE	params=[];headers=[];version=;consumes=[];produces=[] / params=[];headers=[];version=;consumes=[];produces=[]	false	unversioned	Backend maintainers	not measured; see API_SURFACE.md	not scheduled
PUT	/api/deals/{id}/people	ooo.klae.connex.backend.controllers.DealController#replacePeopleForDeal	authenticated	MVC workspace resolution attempted for authenticated User; effective scope delegated	DealService#replacePeople:DEAL_UPDATE	params=[];headers=[];version=;consumes=[];produces=[] / params=[];headers=[];version=;consumes=[];produces=[]	false	unversioned	Backend maintainers	not measured; see API_SURFACE.md	not scheduled
PUT	/api/deals/{id}/people/{personId}	ooo.klae.connex.backend.controllers.DealController#updatePersonRoleOnDeal	authenticated	MVC workspace resolution attempted for authenticated User; effective scope delegated	DealService#updatePersonRole:DEAL_UPDATE	params=[];headers=[];version=;consumes=[];produces=[] / params=[];headers=[];version=;consumes=[];produces=[]	false	unversioned	Backend maintainers	not measured; see API_SURFACE.md	not scheduled
PUT	/api/deals/{id}/tags	ooo.klae.connex.backend.controllers.DealController#replaceTagsForDeal	authenticated	MVC workspace resolution attempted for authenticated User; effective scope delegated	DealService#replaceTags:DEAL_UPDATE	params=[];headers=[];version=;consumes=[];produces=[] / params=[];headers=[];version=;consumes=[];produces=[]	false	unversioned	Backend maintainers	not measured; see API_SURFACE.md	not scheduled
PUT	/api/deals/{id}/value	ooo.klae.connex.backend.controllers.DealController#updateDealValue	authenticated	MVC workspace resolution attempted for authenticated User; effective scope delegated	DealService#updateValue:DEAL_UPDATE	params=[];headers=[];version=;consumes=[];produces=[] / params=[];headers=[];version=;consumes=[];produces=[]	false	unversioned	Backend maintainers	not measured; see API_SURFACE.md	not scheduled
PUT	/api/delivery/connectors	ooo.klae.connex.backend.controllers.ConnectorConfigController#save	authenticated	MVC workspace resolution attempted for authenticated User; effective scope delegated	ConnectorConfigService#save:WORKSPACE_SETTINGS	params=[];headers=[];version=;consumes=[];produces=[] / params=[];headers=[];version=;consumes=[];produces=[]	false	unversioned	Backend maintainers	not measured; see API_SURFACE.md	not scheduled
PUT	/api/delivery/providers	ooo.klae.connex.backend.controllers.DeliveryProviderConfigController#save	authenticated	MVC workspace resolution attempted for authenticated User; effective scope delegated	DeliveryProviderConfigService#save:WORKSPACE_SETTINGS	params=[];headers=[];version=;consumes=[];produces=[] / params=[];headers=[];version=;consumes=[];produces=[]	false	unversioned	Backend maintainers	not measured; see API_SURFACE.md	not scheduled
PUT	/api/disqualification-reasons/{id}	ooo.klae.connex.backend.controllers.DisqualificationReasonController#update	authenticated	MVC workspace resolution attempted for authenticated User; effective scope delegated	DisqualificationReasonService#update:WORKSPACE_SETTINGS	params=[];headers=[];version=;consumes=[];produces=[] / params=[];headers=[];version=;consumes=[];produces=[]	false	unversioned	Backend maintainers	not measured; see API_SURFACE.md	not scheduled
PUT	/api/document-templates/{id}	ooo.klae.connex.backend.controllers.DocumentTemplateController#update	authenticated	MVC workspace resolution attempted for authenticated User; effective scope delegated	DocumentTemplateService#update:DOCUMENT_MANAGE	params=[];headers=[];version=;consumes=[];produces=[] / params=[];headers=[];version=;consumes=[];produces=[]	false	unversioned	Backend maintainers	not measured; see API_SURFACE.md	not scheduled
PUT	/api/goals/{id}	ooo.klae.connex.backend.controllers.GoalController#update	authenticated	MVC workspace resolution attempted for authenticated User; effective scope delegated	GOAL_MANAGE; GoalService#update:GOAL_MANAGE	params=[];headers=[];version=;consumes=[];produces=[] / params=[];headers=[];version=;consumes=[];produces=[]	false	unversioned	Backend maintainers	not measured; see API_SURFACE.md	not scheduled
PUT	/api/login/oauth2/code/*	OAuth2LoginAuthenticationFilter	permitAll; OAuth state/code verification	no MVC workspace resolution; handler-owned scope	framework authentication protocol	filter/handshake route; CSRF policy and protocol validation apply	false	unversioned	Backend maintainers	not measured; see API_SURFACE.md	not scheduled
PUT	/api/login/saml2/sso/{registrationId}	Saml2WebSsoAuthenticationFilter	permitAll; SSO enabled; signed solicited response	no MVC workspace resolution; handler-owned scope	framework authentication protocol	filter/handshake route; CSRF policy and protocol validation apply	false	unversioned	Backend maintainers	not measured; see API_SURFACE.md	not scheduled
PUT	/api/notes/{id}	ooo.klae.connex.backend.controllers.NoteController#updateNote	authenticated	MVC workspace resolution attempted for authenticated User; effective scope delegated	NoteService#update:NOTE_UPDATE	params=[];headers=[];version=;consumes=[];produces=[] / params=[];headers=[];version=;consumes=[];produces=[]	false	unversioned	Backend maintainers	not measured; see API_SURFACE.md	not scheduled
PUT	/api/notification-preferences	ooo.klae.connex.backend.controllers.NotificationController#updatePreferences	authenticated	MVC workspace resolution attempted for authenticated User; effective scope delegated	NotificationPreferenceService#updateCurrentPreferences:domain authorization	params=[];headers=[];version=;consumes=[];produces=[]	false	unversioned	Backend maintainers	not measured; see API_SURFACE.md	not scheduled
PUT	/api/notification-preferences/quiet-hours	ooo.klae.connex.backend.controllers.NotificationController#updateQuietHours	authenticated	MVC workspace resolution attempted for authenticated User; effective scope delegated	NotificationQuietHoursService#updateCurrent:domain authorization	params=[];headers=[];version=;consumes=[];produces=[]	false	unversioned	Backend maintainers	not measured; see API_SURFACE.md	not scheduled
PUT	/api/oauth2/authorization/{registrationId}	OAuth2AuthorizationRequestRedirectFilter	permitAll; OAuth enabled	no MVC workspace resolution; handler-owned scope	framework authentication protocol	filter/handshake route; CSRF policy and protocol validation apply	false	unversioned	Backend maintainers	not measured; see API_SURFACE.md	not scheduled
PUT	/api/orgs/{orgId}/appi-incidents/{incidentId}	ooo.klae.connex.backend.controllers.AppiIncidentController#update	authenticated	MVC workspace resolution attempted for authenticated User; effective scope delegated	AppiIncidentService#update:domain authorization; AuthService#getCurrentUser:domain authorization	params=[];headers=[];version=;consumes=[];produces=[] / params=[];headers=[];version=;consumes=[];produces=[]	false	unversioned	Backend maintainers	not measured; see API_SURFACE.md	not scheduled
PUT	/api/orgs/{orgId}/data-subject-requests/{requestId}	ooo.klae.connex.backend.controllers.DataSubjectRequestController#update	authenticated	MVC workspace resolution attempted for authenticated User; effective scope delegated	AuthService#getCurrentUser:domain authorization; DataSubjectRequestService#update:domain authorization	params=[];headers=[];version=;consumes=[];produces=[] / params=[];headers=[];version=;consumes=[];produces=[]	false	unversioned	Backend maintainers	not measured; see API_SURFACE.md	not scheduled
PUT	/api/orgs/{orgId}/members/{userId}	ooo.klae.connex.backend.controllers.OrgMemberController#setMember	authenticated	MVC workspace resolution attempted for authenticated User; effective scope delegated	AuthService#getCurrentUser:domain authorization; OrgMemberService#setMember:domain authorization	params=[];headers=[];version=;consumes=[];produces=[] / params=[];headers=[];version=;consumes=[];produces=[]	false	unversioned	Backend maintainers	not measured; see API_SURFACE.md	not scheduled
PUT	/api/persons/{id}	ooo.klae.connex.backend.controllers.PersonController#updatePerson	authenticated	MVC workspace resolution attempted for authenticated User; effective scope delegated	PersonService#update:PERSON_UPDATE	params=[];headers=[];version=;consumes=[];produces=[] / params=[];headers=[];version=;consumes=[];produces=[]	false	unversioned	Backend maintainers	not measured; see API_SURFACE.md	not scheduled
PUT	/api/persons/{id}/consent	ooo.klae.connex.backend.controllers.ConsentController#set	authenticated	MVC workspace resolution attempted for authenticated User; effective scope delegated	CONSENT_MANAGE; ConsentService#setForPerson:CONSENT_MANAGE	params=[];headers=[];version=;consumes=[];produces=[] / params=[];headers=[];version=;consumes=[];produces=[]	false	unversioned	Backend maintainers	not measured; see API_SURFACE.md	not scheduled
PUT	/api/persons/{id}/custom-fields	ooo.klae.connex.backend.controllers.PersonController#updateCustomFieldsForPerson	authenticated	MVC workspace resolution attempted for authenticated User; effective scope delegated	PersonService#updateCustomFields:PERSON_UPDATE	params=[];headers=[];version=;consumes=[];produces=[] / params=[];headers=[];version=;consumes=[];produces=[]	false	unversioned	Backend maintainers	not measured; see API_SURFACE.md	not scheduled
PUT	/api/persons/{id}/custom-fields/{definitionId}	ooo.klae.connex.backend.controllers.PersonController#updateCustomFieldForPerson	authenticated	MVC workspace resolution attempted for authenticated User; effective scope delegated	PersonService#updateCustomField:PERSON_UPDATE	params=[];headers=[];version=;consumes=[];produces=[] / params=[];headers=[];version=;consumes=[];produces=[]	false	unversioned	Backend maintainers	not measured; see API_SURFACE.md	not scheduled
PUT	/api/persons/{id}/evaluation	ooo.klae.connex.backend.controllers.PersonController#updateEvaluation	authenticated	MVC workspace resolution attempted for authenticated User; effective scope delegated	PersonService#updateEvaluationExclusions:PERSON_UPDATE	params=[];headers=[];version=;consumes=[];produces=[] / params=[];headers=[];version=;consumes=[];produces=[]	false	unversioned	Backend maintainers	not measured; see API_SURFACE.md	not scheduled
PUT	/api/persons/{id}/lifecycle	ooo.klae.connex.backend.controllers.PersonController#updateLifecycle	authenticated	MVC workspace resolution attempted for authenticated User; effective scope delegated	PersonLifecycleService#updateLifecycleState:PERSON_UPDATE	params=[];headers=[];version=;consumes=[];produces=[] / params=[];headers=[];version=;consumes=[];produces=[]	false	unversioned	Backend maintainers	not measured; see API_SURFACE.md	not scheduled
PUT	/api/persons/{id}/owner	ooo.klae.connex.backend.controllers.PersonController#updateOwner	authenticated	MVC workspace resolution attempted for authenticated User; effective scope delegated	PersonService#updateOwner:PERSON_UPDATE	params=[];headers=[];version=;consumes=[];produces=[] / params=[];headers=[];version=;consumes=[];produces=[]	false	unversioned	Backend maintainers	not measured; see API_SURFACE.md	not scheduled
PUT	/api/persons/{id}/profile-picture	ooo.klae.connex.backend.controllers.PersonController#updateProfilePicture	authenticated	MVC workspace resolution attempted for authenticated User; effective scope delegated	PersonService#updateProfilePicture:PERSON_UPDATE	params=[];headers=[];version=;consumes=[];produces=[] / params=[];headers=[];version=;consumes=[multipart/form-data];produces=[]	false	unversioned	Backend maintainers	not measured; see API_SURFACE.md	not scheduled
PUT	/api/persons/{id}/provenance	ooo.klae.connex.backend.controllers.PersonController#updateProvenance	authenticated	MVC workspace resolution attempted for authenticated User; effective scope delegated	PersonService#updateProvenance:PERSON_UPDATE	params=[];headers=[];version=;consumes=[];produces=[] / params=[];headers=[];version=;consumes=[];produces=[]	false	unversioned	Backend maintainers	not measured; see API_SURFACE.md	not scheduled
PUT	/api/persons/{id}/qualification	ooo.klae.connex.backend.controllers.PersonController#answerQualification	authenticated	MVC workspace resolution attempted for authenticated User; effective scope delegated	PersonQualificationService#answer:PERSON_UPDATE	params=[];headers=[];version=;consumes=[];produces=[] / params=[];headers=[];version=;consumes=[];produces=[]	false	unversioned	Backend maintainers	not measured; see API_SURFACE.md	not scheduled
PUT	/api/persons/{id}/restrictions	ooo.klae.connex.backend.controllers.PersonController#updateRestrictions	authenticated	MVC workspace resolution attempted for authenticated User; effective scope delegated	PersonService#updateProcessingRestrictions:PERSON_UPDATE	params=[];headers=[];version=;consumes=[];produces=[] / params=[];headers=[];version=;consumes=[];produces=[]	false	unversioned	Backend maintainers	not measured; see API_SURFACE.md	not scheduled
PUT	/api/persons/{id}/tags	ooo.klae.connex.backend.controllers.PersonController#replaceTagsForPerson	authenticated	MVC workspace resolution attempted for authenticated User; effective scope delegated	PersonService#replaceTags:PERSON_UPDATE	params=[];headers=[];version=;consumes=[];produces=[] / params=[];headers=[];version=;consumes=[];produces=[]	false	unversioned	Backend maintainers	not measured; see API_SURFACE.md	not scheduled
PUT	/api/pipelines/stages/{id}	ooo.klae.connex.backend.controllers.PipelineController#updateStage	authenticated	MVC workspace resolution attempted for authenticated User; effective scope delegated	PipelineService#updateStage:PIPELINE_MANAGE	params=[];headers=[];version=;consumes=[];produces=[] / params=[];headers=[];version=;consumes=[];produces=[]	false	unversioned	Backend maintainers	not measured; see API_SURFACE.md	not scheduled
PUT	/api/pipelines/{id}	ooo.klae.connex.backend.controllers.PipelineController#updatePipeline	authenticated	MVC workspace resolution attempted for authenticated User; effective scope delegated	PipelineService#updatePipeline:PIPELINE_MANAGE	params=[];headers=[];version=;consumes=[];produces=[] / params=[];headers=[];version=;consumes=[];produces=[]	false	unversioned	Backend maintainers	not measured; see API_SURFACE.md	not scheduled
PUT	/api/pipelines/{pipelineId}/stages	ooo.klae.connex.backend.controllers.PipelineController#replaceStages	authenticated	MVC workspace resolution attempted for authenticated User; effective scope delegated	PipelineService#replaceStages:PIPELINE_MANAGE	params=[];headers=[];version=;consumes=[];produces=[] / params=[];headers=[];version=;consumes=[];produces=[]	false	unversioned	Backend maintainers	not measured; see API_SURFACE.md	not scheduled
PUT	/api/products/{id}	ooo.klae.connex.backend.controllers.ProductController#update	authenticated	MVC workspace resolution attempted for authenticated User; effective scope delegated	ProductService#update:PRODUCT_MANAGE	params=[];headers=[];version=;consumes=[];produces=[] / params=[];headers=[];version=;consumes=[];produces=[]	false	unversioned	Backend maintainers	not measured; see API_SURFACE.md	not scheduled
PUT	/api/qualification-criteria/{id}	ooo.klae.connex.backend.controllers.QualificationCriterionController#update	authenticated	MVC workspace resolution attempted for authenticated User; effective scope delegated	QualificationCriterionService#update:WORKSPACE_SETTINGS	params=[];headers=[];version=;consumes=[];produces=[] / params=[];headers=[];version=;consumes=[];produces=[]	false	unversioned	Backend maintainers	not measured; see API_SURFACE.md	not scheduled
PUT	/api/record-creation/templates/default	ooo.klae.connex.backend.controllers.RecordCreationTemplateController#setDefault	authenticated	MVC workspace resolution attempted for authenticated User; effective scope delegated	RecordCreationTemplateService#setDefault:CUSTOM_FIELD_MANAGE	params=[];headers=[];version=;consumes=[];produces=[] / params=[];headers=[];version=;consumes=[];produces=[]	false	unversioned	Backend maintainers	not measured; see API_SURFACE.md	not scheduled
PUT	/api/record-creation/templates/order	ooo.klae.connex.backend.controllers.RecordCreationTemplateController#reorder	authenticated	MVC workspace resolution attempted for authenticated User; effective scope delegated	RecordCreationTemplateService#reorder:CUSTOM_FIELD_MANAGE	params=[];headers=[];version=;consumes=[];produces=[] / params=[];headers=[];version=;consumes=[];produces=[]	false	unversioned	Backend maintainers	not measured; see API_SURFACE.md	not scheduled
PUT	/api/record-creation/templates/{templateId}	ooo.klae.connex.backend.controllers.RecordCreationTemplateController#update	authenticated	MVC workspace resolution attempted for authenticated User; effective scope delegated	RecordCreationTemplateService#update:CUSTOM_FIELD_MANAGE	params=[];headers=[];version=;consumes=[];produces=[] / params=[];headers=[];version=;consumes=[];produces=[]	false	unversioned	Backend maintainers	not measured; see API_SURFACE.md	not scheduled
PUT	/api/reports/{id}	ooo.klae.connex.backend.controllers.ReportController#update	authenticated	MVC workspace resolution attempted for authenticated User; effective scope delegated	REPORT_UPDATE; ReportService#update:REPORT_UPDATE	params=[];headers=[];version=;consumes=[];produces=[] / params=[];headers=[];version=;consumes=[];produces=[]	false	unversioned	Backend maintainers	not measured; see API_SURFACE.md	not scheduled
PUT	/api/reports/{reportId}/schedule	ooo.klae.connex.backend.controllers.ScheduleController#update	authenticated	MVC workspace resolution attempted for authenticated User; effective scope delegated	REPORT_UPDATE; ScheduleService#update:REPORT_UPDATE	params=[];headers=[];version=;consumes=[];produces=[] / params=[];headers=[];version=;consumes=[];produces=[]	false	unversioned	Backend maintainers	not measured; see API_SURFACE.md	not scheduled
PUT	/api/rules/{id}	ooo.klae.connex.backend.controllers.RuleController#update	authenticated	MVC workspace resolution attempted for authenticated User; effective scope delegated	RuleService#update:RULE_MANAGE	params=[];headers=[];version=;consumes=[];produces=[] / params=[];headers=[];version=;consumes=[];produces=[]	false	unversioned	Backend maintainers	not measured; see API_SURFACE.md	not scheduled
PUT	/api/saved-views/defaults/{recordType}	ooo.klae.connex.backend.controllers.SavedViewController#setDefault	authenticated	MVC workspace resolution attempted for authenticated User; effective scope delegated	SavedViewService#setDefault:domain authorization	params=[];headers=[];version=;consumes=[];produces=[] / params=[];headers=[];version=;consumes=[];produces=[]	false	unversioned	Backend maintainers	not measured; see API_SURFACE.md	not scheduled
PUT	/api/saved-views/{id:\d+}	ooo.klae.connex.backend.controllers.SavedViewController#update	authenticated	MVC workspace resolution attempted for authenticated User; effective scope delegated	SavedViewService#update:domain authorization	params=[];headers=[];version=;consumes=[];produces=[] / params=[];headers=[];version=;consumes=[];produces=[]	false	unversioned	Backend maintainers	not measured; see API_SURFACE.md	not scheduled
PUT	/api/saved-views/{id:\d+}/pin	ooo.klae.connex.backend.controllers.SavedViewController#pin	authenticated	MVC workspace resolution attempted for authenticated User; effective scope delegated	SavedViewService#pin:domain authorization	params=[];headers=[];version=;consumes=[];produces=[] / params=[];headers=[];version=;consumes=[];produces=[]	false	unversioned	Backend maintainers	not measured; see API_SURFACE.md	not scheduled
PUT	/api/sequences/{id}	ooo.klae.connex.backend.controllers.SequenceController#update	authenticated	MVC workspace resolution attempted for authenticated User; effective scope delegated	SEQUENCE_MANAGE; SequenceService#update:SEQUENCE_MANAGE	params=[];headers=[];version=;consumes=[];produces=[] / params=[];headers=[];version=;consumes=[];produces=[] / feature=connex.sequences:[enabled]=true;matchIfMissing=false	false	unversioned	Backend maintainers	not measured; see API_SURFACE.md	not scheduled
PUT	/api/tags/{id}	ooo.klae.connex.backend.controllers.TagController#updateTag	authenticated	MVC workspace resolution attempted for authenticated User; effective scope delegated	TagService#update:TAG_MANAGE	params=[];headers=[];version=;consumes=[];produces=[] / params=[];headers=[];version=;consumes=[];produces=[]	false	unversioned	Backend maintainers	not measured; see API_SURFACE.md	not scheduled
PUT	/api/tasks/{id}	ooo.klae.connex.backend.controllers.TaskController#updateTask	authenticated	MVC workspace resolution attempted for authenticated User; effective scope delegated	TaskService#update:TASK_UPDATE	params=[];headers=[];version=;consumes=[];produces=[] / params=[];headers=[];version=;consumes=[];produces=[]	false	unversioned	Backend maintainers	not measured; see API_SURFACE.md	not scheduled
PUT	/api/teams/{id:\d+}	ooo.klae.connex.backend.controllers.TeamController#update	authenticated	MVC workspace resolution attempted for authenticated User; effective scope delegated	TEAM_MANAGE; TeamService#update:TEAM_MANAGE	params=[];headers=[];version=;consumes=[];produces=[] / params=[];headers=[];version=;consumes=[];produces=[]	false	unversioned	Backend maintainers	not measured; see API_SURFACE.md	not scheduled
PUT	/api/users/me/profile-picture	ooo.klae.connex.backend.controllers.UserController#updateCurrentProfilePicture	authenticated	MVC workspace resolution attempted for authenticated User; effective scope delegated	AuthService#getCurrentUser:domain authorization; UserService#updateCurrentProfilePicture:domain authorization	params=[];headers=[];version=;consumes=[];produces=[] / params=[];headers=[];version=;consumes=[multipart/form-data];produces=[]	false	unversioned	Backend maintainers	not measured; see API_SURFACE.md	not scheduled
PUT	/api/users/{id}	ooo.klae.connex.backend.controllers.UserController#updateUser	authenticated	MVC workspace resolution attempted for authenticated User; effective scope delegated	UserService#update:domain authorization	params=[];headers=[];version=;consumes=[];produces=[] / params=[];headers=[];version=;consumes=[];produces=[]	false	unversioned	Backend maintainers	not measured; see API_SURFACE.md	not scheduled
PUT	/api/workflow-interventions/{interventionId}/owner	ooo.klae.connex.backend.controllers.WorkflowOperationsController#updateOwner	authenticated	MVC workspace resolution attempted for authenticated User; effective scope delegated	WorkflowInterventionService#updateOwner:RULE_MANAGE	params=[];headers=[];version=;consumes=[];produces=[] / params=[];headers=[];version=;consumes=[];produces=[]	false	unversioned	Backend maintainers	not measured; see API_SURFACE.md	not scheduled
PUT	/api/workflows/{id}/draft	ooo.klae.connex.backend.controllers.WorkflowController#saveDraft	authenticated	MVC workspace resolution attempted for authenticated User; effective scope delegated	WorkflowService#saveDraft:RULE_MANAGE	params=[];headers=[];version=;consumes=[];produces=[] / params=[];headers=[];version=;consumes=[];produces=[]	false	unversioned	Backend maintainers	not measured; see API_SURFACE.md	not scheduled
PUT	/api/workspaces/{id}/mail-config	ooo.klae.connex.backend.controllers.WorkspaceMailConfigController#save	authenticated	MVC workspace resolution attempted for authenticated User; effective scope delegated	AuthService#getCurrentUser:domain authorization; WorkspaceMailConfigService#saveConfig:domain authorization	params=[];headers=[];version=;consumes=[];produces=[] / params=[];headers=[];version=;consumes=[];produces=[]	false	unversioned	Backend maintainers	not measured; see API_SURFACE.md	not scheduled
PUT	/api/workspaces/{workspaceId}/roles/{roleId}	ooo.klae.connex.backend.controllers.RoleController#update	authenticated	MVC workspace resolution attempted for authenticated User; effective scope delegated	AuthService#getCurrentUser:domain authorization; RoleService#updateRole:domain authorization	params=[];headers=[];version=;consumes=[];produces=[] / params=[];headers=[];version=;consumes=[];produces=[]	false	unversioned	Backend maintainers	not measured; see API_SURFACE.md	not scheduled
PUT	/saml2/authenticate	Saml2WebSsoAuthenticationRequestFilter	permitAll; SSO enabled	no MVC workspace resolution	SAML relying-party registration	Spring default; registrationId path variable or query parameter; CSRF policy applies	false	unversioned	Backend maintainers	not measured; see API_SURFACE.md	not scheduled
PUT	/saml2/authenticate/{registrationId}	Saml2WebSsoAuthenticationRequestFilter	permitAll; SSO enabled	no MVC workspace resolution	SAML relying-party registration	Spring default; registrationId path variable or query parameter; CSRF policy applies	false	unversioned	Backend maintainers	not measured; see API_SURFACE.md	not scheduled
